개방자치단체코드,관리번호,인허가일자,인허가취소일자,영업상태명,폐업일자,휴업시작일자,휴업종료일자,소재지우편번호,도로명우편번호,사업장명,데이터갱신구분,데이터갱신시점,도로명주소,상세영업상태명,상세영업상태코드,승려수,신도수,영업상태코드,유래연혁,전통사찰명,전화번호,좌표정보(X),좌표정보(Y),지번주소,지정취소,지정취소사유,지정취소일자,창립연대,최종수정시점
3000000,CDFD1010,1996-12-04,,영업/정상,,,,,,금선사,I,2026-05-11 22:37:02,,승인,07,0,0,01,조선초(1327-1405) 무학자초가 조선의 수도를 정하고자 각처를 다니다가 창건,금선사,,195821.879248356    ,457532.00485417     ,서울특별시 종로구 구기동 196-2 ,N,,,,2024-09-28 09:13:41
3000000,CDFD1008,1988-07-25,,영업/정상,,,,,,인왕사,I,2026-05-11 22:37:02,,지정,05,0,0,01,"고려 공민왕때 무학스님이 창건
 병자호란때 멸실 1900년대 이해명 스님이 중건
 현재 위치는 확실치 않다",인왕사,,,,서울특별시 종로구 무악동 산 3 ,N,,,,2012-01-10 19:02:16
3000000,CDFD1007,1989-12-14,,영업/정상,,,,,,감로암,I,2026-05-11 22:37:02,서울특별시 종로구 율곡로23길 16  (충신동),지정,05,0,0,01,"이름을 알수없는 스님이 1927년 관음도량으로 알려짐 이후 혜란 이라는 비구니 스님을 거쳐
 오늘에 이름",감로암,,200516.095441559    ,452559.360165863    ,서울특별시 종로구 충신동 15 ,N,,,,2012-01-10 19:01:26
3000000,CDFD1006,1988-12-14,,영업/정상,,,,,,문수사,I,2026-05-11 22:37:01,서울특별시 종로구 비봉2길 304  (구기동),지정,05,0,0,01,"예종 4년 탄연국사가 창건 
 1451년(문종 1년) 연창공주가 중건",문수사,,197516.181020308    ,458773.766071163    ,서울특별시 종로구 구기동 2 ,N,,,,2012-01-10 18:48:42
3000000,CDFD1005,1988-07-25,,영업/정상,,,,,,청용사,I,2026-05-11 22:37:01,,승인,07,0,0,01,"고려태조 5년(922녀) 도선국사의 유언으로 태조의 어명에의거 창건
 안양의 의정룡 산능에 지엇다하여 청룡사로 하였으며 제1대 주지 혜원 비구니를 임명
 우산국 통일 기도를 올리게 하였고 조선조 태조의 즉위후 공민왕비 에비가 청룡사에 출가 하였 고 그리고 조선조 세조 2년(1456) 단종의 비 송씨가 우와부에서 단종을 이별 하고 출가 이곳에 서 65년간 살았으며 그 후 영조때 정업원 구기비가 세워졌고 해방 이후 윤오비구니가 대대적으 로 중창함",청용사,,201410.859114101    ,453067.82734527     ,서울특별시 종로구 숭인동 17-1 ,N,,,,2017-08-25 10:08:24
3000000,CDFD1004,1988-07-25,,영업/정상,,,,,,소림사,I,2026-05-11 22:37:01,,승인,07,0,0,01,"조선태조 5년(1396년) 혜철화상이 태조의 명에 의거 창건하여 소림굴이라 하였고 
 1817년(순조때) 관해스님이 중건 하였으며 현 대웅전은 1970년 5월에 중건
 1978년 현재 주지 혜윤 스님이 부임",소림사,,196300.203464322    ,455463.787019164    ,서울특별시 종로구 홍지동 80-1 ,N,,,,2016-12-13 16:02:18
3000000,CDFD1003,1988-07-25,,영업/정상,,,,,,대각사,I,2026-05-11 22:37:00,,승인,07,0,0,01,"1911년 4월8일 백용성 대선사가 창건
1921년 삼장의 조직 한글로 경전을 대대적으로 번역 흥보 대각교 창립
1928년 4.5 대각일요학교 설립 삼상학회 기관지 우아 간행
1965년 9.11 문교부에 종교법인 재단법인 대각사로 인가",대각사,,199230.47059495     ,452374.064148799    ,서울특별시 종로구 봉익동 2 ,N,,,,2017-12-07 09:11:24
3000000,CDFD1002,1988-07-25,,영업/정상,,,,,,조계사,I,2026-05-11 22:36:59,,승인,07,0,0,01,"1910년 한용운 이수길 이희광 스님 등에의해 각황사라는 이름으로 창건
1938년 총본산 낙성과함께 태고사라 부름
1954년 조개사로 개칭",조계사,,198369.673994286    ,452399.957460173    ,서울특별시 종로구 견지동 45 ,N,,,,2014-06-02 14:14:16
3000000,CDFD1001,1988-07-25,,영업/정상,,,,,,승가사,I,2026-05-11 22:36:58,서울특별시 종로구 비봉4길 213 (구기동),승인,07,0,0,01,"신라경덕왕 15년에 수태성사가 창건
국란 예방을위한 기도 도량으로 의한 성지",승가사,,196450.832657496    ,458289.083133194    ,서울특별시 종로구 구기동 산 1 ,N,,,,2025-09-02 12:17:21
3000000,CDFD1012,2005-12-27,,영업/정상,,,,,,안양암,I,2026-05-11 22:37:02,,승인,07,0,0,01,,안양암,027634100,201109.784838676    ,452572.625048854    ,서울특별시 종로구 창신동 130-1 ,N,,,,2022-07-06 17:54:45
3000000,CDFD1011,2001-10-22,,영업/정상,,,,,,묘각사,I,2026-05-11 22:37:02,서울특별시 종로구 종로63가길 31  (숭인동),지정,05,0,0,01,"1930년 5월에 태허 홍선대종사님이 창건하여 고려시대의 불상으로 추정되는 철조여래좌상과
 조선전기의 청동여래좌상을 모시고 승려 5분과 신도 3,700세대가 불사중",묘각사,,201587.492865052    ,452579.450962134    ,서울특별시 종로구 숭인동 178-3 ,N,,,,2012-01-10 19:03:54
3000000,CDFD1009,1989-11-08,,영업/정상,,,,,,일선사,I,2026-05-11 22:37:02,서울특별시 종로구 평창6길 79-141  (평창동),승인,07,0,0,01,"827-898년 도선국사가 창건
 고려 탄연묵암 대선사(1070-1159) 중창
 이조 자초 무학왕(1327-1405) 함허득 통선사 주석함
 제 1차 불교정화때 탄허 큰스님 주석 시인 고은(일초) 주석함
 석정덕 스님 수호가람 중창불사(1966-1997)",일선사,,197665.348592744    ,457781.709134795    ,서울특별시 종로구 평창동 산 6-1 ,N,,,,2010-04-12 17:22:12
3030000,CDFD1001,1989-04-04,,영업/정상,,,,,,미타사,I,2026-05-10 22:31:44,,지정,05,0,0,01,"- 신라 진성여왕 2년 (서기 888년) 현 금호동에 대원 비구니스님 창건
- 고려 예종 10년(서기 1115년) 봉적, 만보 두 비구니 스님이 현재의 종남산으로 옮겨 극락전을 창건하고
   아미타불을 본존불로 모시고 담진국사로부터 미타사라는 사명을 명명받음
- 이조 태조(서기 1394년) 갑술4월 무학대사가 현 소재지로 이전 중창
- 이조 철종 13년(서기 1862년) 임술3월에 인허화상이 화주로 자전하여 당시 조대비의 하사금으로
  중건하여 현재에 이르며
- 900년이 흐른 지금까지 유일하게 비구니 수도 도장으로 승계되고 있음",미타사,0222973360,,,서울특별시 성동구 옥수동 395 ,N,,,,2012-12-18 17:54:27
3040000,CDFD1001,1989-04-04,,영업/정상,,,,,04948,영화사,U,2026-06-26 03:03:03,"서울특별시 광진구 영화사로 107, 영화사 (구의동)",지정,05,,10000,01,"- 672년(문무왕 12년) 통일신라 승려 의상이 '화양사' 창건
- 1907년 現 위치로 이전하며 '영화사'로 명칭 변경",영화사,024444321,208629.252014803    ,450229.415475485    ,서울특별시 광진구 구의동 9 영화사 ,N,,,,2026-06-25 15:32:36
3050000,CDFD1002,2005-03-29,,영업/정상,,,,,,연화사,I,2026-05-10 22:31:57,,승인,07,5,6000,01,연산군의 생모 폐비 윤씨의 회묘를 회릉으로 승격시키면서 능의 원찰로 출발한 연화사는 1882년 임오군란 때 불타버린것을 1993년 현대적 기술로 재건하였다.,연화사,,204383.065062337    ,454663.990323597    ,서울특별시 동대문구 회기동 109-1 ,N,,,,2023-12-11 19:42:44
3050000,CDFD1001,1988-12-01,,영업/정상,,,,,,청량사,I,2026-05-10 22:31:57,,승인,07,20,1500,01,,청량사,,204113.679818772    ,453983.762426676    ,서울특별시 동대문구 청량리동 61 ,N,,,,2024-12-24 17:50:13
3070000,CDFD1010,2006-01-05,,영업/정상,,,,,,적조사,I,2026-05-10 22:06:53,서울특별시 성북구 흥천사길 49-23  (돈암동),지정,05,0,0,01,,적조사,,200574.351286685    ,455118.721872189    ,서울특별시 성북구 돈암동 593 ,N,,,,2006-01-05 13:50:03
3070000,CDFD1007,1988-11-26,,영업/정상,,,,,,보문사,I,2026-05-10 22:06:53,,지정,05,73,30500,01,"보문사(普門寺)는 '탑골승방'이라는 옛 사찰이름으로 더욱 잘 알려져 있는 곳으로, 이전에는 조계종 소속 사찰이었으나 1972년 세계 유일의 비구니종단인 보문종(普門宗)을 창종하면서 보문종의 본산이 되었다. 이 절은 고려 예종 10년(1115)에 담진(曇眞) 스님 즉,혜조국사(慧照國師)에 의하여 창건된 것으로 전승되어 오는데 조선 후기 숙종 18년 (1692)에 묘첨 스님이 대웅전을 중건하였고, 영조 33년 (1757)에 보찬, 유봉 스님이 대웅전을 수축하였다. 순조 26년(1826)에 정운(正雲)스님이 좌우승당(左右僧堂)을 개축하였으며 헌종8년(1842)에 영전 스님이 또 다시 대웅전을 수축하였다. 일제 강점기에는 절이 황폐할 지경에 이르렀는데 광복과 함께 주지 송은영(宋恩榮)이 취임하면서 30여년간을 불사(佛事)의 중흥과 건물 중창에 전심하여 대사찰의 면모을 갖추었다.",보문사,,,,서울특별시 성북구 보문동3가 168호,N,,,,2006-06-27 10:37:17
3070000,CDFD1009,1993-02-25,,영업/정상,,,,,,정법사,I,2026-05-10 22:06:53,,지정,05,0,0,01,정법사는 원래 종로구 가회동에 있던 건봉사(乾鳳寺) 포교당이었는데 1960년 이곳의 조그만 암자인 복전암(福田庵)으로 이전하였다. 즉 정법사가 위치한 가회동은 수행처로 적합한 분위기가 아니었으므로 이 암자를 인수하여 정법사로 개칭한 것이다. 이곳에 있었던 복전암이 언제 어떻게 창건되었는지는 알려진 바가 없다. 다만 현재 정법사에 봉안되어 있는 범종과 열반도(涅槃圖)가 1922년에 제작된 것임을 확인 할 수 있는데 이들이 복전암의 유물이라는 점을 추측 할 수 있다. 정법사 부근의 요정 대원각이 전일에 후궁 터였다는 점에서 복전암이 후궁들의 기도처였던 것은 아닐까 추측된다. 정법사는 대웅전·팔상전·사천왕문·산신각·요사3동 등 7채의 건물 외에 미륵불상이 세워져 있다. 대웅전은 정법사가 이전해 올 당시 서대문 신학대학에 있던 황태자궁을 이전해 온 것이다. 내부에는 석가모니불·지장·관음 등의 불상과 1918년에 그려진 열반도·후불탱화·현왕탱화 등이 있다. 1969년에 건립된 팔상전 내부에는 석가모니불과 청동으로 만든 천불상이 봉안되어 있다.,정법사,,198888.209911699    ,454622.457968864    ,서울특별시 성북구 성북동 2동 330-76호 ,N,,,,2003-05-26 13:55:21
3070000,CDFD1008,1992-02-06,,영업/정상,,,,,,적조사,I,2026-05-10 22:06:53,,승인,07,3,1000,01,"적조사(寂照寺)의 창건은 1849년(헌종 15)에 이루어졌다. 흥천사(興天寺)의 사내 암자 성격으로 혜암 성혜(性慧)스님이 창건한 것이다. 적조암은 본래 독립된 사찰로 세워졌던 곳이 아니기 때문에 전체적인 규모는 큰 편이 아니지만, 전형적인 암자의 틀을 잘 갖추고 있는 곳이라 하겠다. 아울러 이곳은 한국 현대불교사에서 뚜렷한 업적을 남긴 바 있는 경산(京山) 스님의 마지막 수행장소라는 사실로 인해 주목을 받는 곳이기도 하다.",적조사,,,,서울특별시 성북구 돈암동 593호,N,,,,2011-02-23 17:29:47
3070000,CDFD1001,1988-07-28,,영업/정상,,,,,,개운사,I,2026-05-10 22:06:53,,지정,05,190,7000,01,"성북구 안암동5가 157번지의 안암산 자락에 자리하고 있는 개운사(開運寺)는 한국 근ㆍ현대 불교사의 전개과정에서 대단히 중요한 비중을 차지하는 곳이다. 도량의 규모는 그다지 큰 편이 아니지만 '불교개혁의 근원지'라든가 '불교 교육의 근본도량'이라는 수식어가 이런한 개운사의 비중을 잘 나타내 주고 있다고 하겠다. 특히 1981년부터 중앙승가대학의 교육장으로 정착되면서 개운사는 미래의 한국 불교를 이끌어 나갈 인재양성의 산실로 기대를 받고 있다.

개운사의 창건에 대해서는 1396년(조선 태조5년) 무학대사가 영도사(永導寺)를 창건하였는데, 이것이 개운사의 전신이라는 설이 일반적으로 알려져 있는 내용이다. 즉 무학대사가 도성 동쪽 5리쯤에 영도사를 창건한 후, 1779년(정조 3년)정조의 후궁 원빈(元嬪)홍씨가 죽자 명인원(明仁圓)이라는 무덤을 영도사의 곁에 조성하게 되는데, 명인원으로 인해 영도사는 왼쪽 등성이 몇 리쯤으로 옮기게 되었으며 이때 사찰이름도 개운사로 고치게 되었다는 것이다. 개운사 창건을 전후한 이러한 내용은 뚜렷한 문헌에 수록된 것은 아니며, '사전(寺傳)' 또는 '사기(寺記)'라는 표현에 의한 것임을 알 수 있다.",개운사,,,,서울특별시 성북구 안암동5가 157 ,N,,,,2009-04-22 13:17:12
3070000,CDFD1002,1988-07-28,,영업/정상,,,,,,흥천사,I,2026-05-10 22:06:53,,승인,07,17,4500,01,"흥천사는 태조 6년(1397) 신덕왕후 강씨의 능침사찰로 오늘날 중구 정동에 창건되었던 170여 간의 대사찰로 조계종의 본산(本山)이었다. 태조 이성계는 1396년에 정릉을 조영하고 나서 신덕왕후의 명복을 빌기 위해 흥천사를 건립하도록 하였다. 1409년에 흥천사도 능방(陵傍)의 소암(小庵)으로 이전하고 사호를 신흥사(新興寺)라 했다. 중종 5년(1510)에는 화재로 파괴되어 대종을 덕수궁에 보관, 1669년(현종 10)에 이 절이 능침(陵寢)과 너무 가깝다하여 함취정(含翠亭) 유지(遺址)에 이건하고 현재의 자리로 이전한 것은 정조 18년(1794)에 성민(聖敏), 경산(慶山) 두 스님에 의해서였다. 헌종 7년(1841)에 구봉(九峯) 계장(啓壯)스님에 의해 칠성각이 건립, 동 15년에 성혜(性慧)스님에 의해 적조암(寂照庵)이 창건. 철종 4년(1853)에 계장스님에 의해 극락보전이 중수되었고, 동 6년에 순기(舜麒)스님이 명부전을 건립하였으며 고종 22년(1885)에 대방을 중수했다. 1865년(고종 2)에는 흥천사라는 본명을 다시썼다. 1959년에 운파(雲坡), 일우(一雨) 두 스님이 칠성각을 재건하고, 이어서 1967년에 용화전과 1970년에 연화대를 새로 건립하여 오늘에 이르고있다.",흥천사,,,,서울특별시 성북구 돈암동 595호,N,,,,2012-02-03 14:46:11
3070000,CDFD1003,1988-07-28,,영업/정상,,,,,,봉국사,I,2026-05-10 22:06:53,,지정,05,12,8000,01,"봉국사는 신덕왕후 강씨의 정릉의 원찰(願刹)로 정릉길 옆에 위치한 조계종 소속 사찰이다. 이 절은 고려말 공민왕 3년(1354)에 나옹대사(懶翁大師)에 의해 창건되었다고 하는 설도 있고, 조선초 태조 4년(1395)에 나라의 무궁한 발전을 위하여 당시 왕사(王師)였던 무학대사에 의해 창건된 호국 사찰로 약사사(藥師寺)라고 불렀다는 것이다. 처음에는 법당에 약사여래를 봉안한 관계로 약사사라 하였다. 조선 후기 현종 10년(1669) 태조 이성계의 계비 신덕왕후(神德王后)의 정릉을 수봉(修封)하고 태묘에 제사를 드리게 되면서 정릉의 사초(沙草)를 새로 하는 동시에 정자각(丁字閣),안향청(安香廳),전례청(典禮聽) 등을 새로 세우면서 이 절을 원찰(願刹)로 하였다. 이 때 나라를 받든다는 뜻에서 절 이름을 봉국사로 고쳤다. 그러나 이후의 절 역사는 잘 알려지지 않으며, 조선말 임오군란(1882)때 봉국사가 소실된 것을 한계(漢溪)·덕운(德雲) 두 스님이 힘을 모아 이듬해에 중건, 1898년에 명부전을 중건, 1913년에는 칠성각을 중건, 1979년 10월에 절 입구에 일음루(一音樓)를 건립, 1994년에 안심당을 지어 스님들의 수행정진과 신도들의 신행처로 사용하고 있다.",봉국사,,,,서울특별시 성북구 정릉동 637호,N,,,,2003-06-23 14:08:04
3070000,CDFD1004,1988-07-28,,영업/정상,,,,,,경국사,I,2026-05-10 22:06:53,,지정,05,12,6000,01,"경국사는 북한산 동쪽에 자리한 고려시대의 사찰이다.고려 충숙왕 12년(1325)에 자정율사(慈淨律師)가 창건하여 청암사(靑巖寺)라 하였다. 이 사찰은 옛부터 정토사상에 바탕을 둔 기도도량으로 유명하다. '경국사 사적기'에는 문정왕후의 중창 이후 '부처님의 가호로 국가에 경사스러운 일이 항상 있기를 기원하는 뜻에서' 청암사를 경국사로 이름을 바꾸었다고 한다. 일제 때인 1921년부터는 단청(丹靑)과 탱화 조성에 일가를 이루었던 보경(寶慶:1890~1979)스님이 60년간 주지로 머물면서 절을 새롭게 변모시켜 나갔다. 1950년대에는 이승만대통령이 보경스님의 인격과 태도에 감화되어 몇 차례나 찾아왔고, 1953년 닉슨 미국 부통령이 방한하였을 때도 이 절을 찾아왔다.",경국사,,,,서울특별시 성북구 정릉동 753호,N,,,,2006-11-20 14:51:04
3070000,CDFD1005,1988-07-28,,영업/정상,,,,,,미타사,I,2026-05-10 22:06:53,,승인,07,20,1000,01,"'탑골 승방'이라는 이 일대 지명의 유래가 관계되어 있는 미타사(彌陀寺)는 보문사의 바로 옆인 성북구 보문동3가 51번지에 자리하고있다. 사찰규모는 크지 않으나 비구니스님 전문 수량도량답게 매우 단아한 분위기를 지니고 있다.  미타사는 고려 광종 원년(950)에 혜거국사(慧居國師)가 창건하였으며 고려 초 문종 원년(1047)에 이 절에 석탑을 쌓자 이 근처를 탑골[塔洞]이라고 부르면서 미타사를 탑골 승방[塔洞僧房]이라고 칭하게 됐다.  따라서 탑골 승방은 인근의 보문사보다 미타사를 지칭한다고 본다. 충숙왕 원년(1314)에 혜감국사(慧鑑國師)가 2차로 중수하였고 1459년에는 조선 단종비 송씨가 3차 중수, 순조 원년(1801)에 4차 중수했다. 헌종 2년(1836)에는 운처(雲剔) 당인선사(堂仁禪師)가 5차 중수하였고, 1969년에 고봉선사(古峯禪師)가 6차로 중수하여 오늘에 이르고 있다. 1969년 비구니 계주(季珠)가 고봉(古峰)의 도움으로 중수하여 오늘에 이른다.",미타사,,,,서울특별시 성북구 보문동3가 51호,N,,,,2011-10-20 11:27:56
3070000,CDFD1006,1988-11-26,,영업/정상,,,,,,내원사,I,2026-05-10 22:06:53,,지정,05,5,1150,01,"내원사(內院寺)는 성북구 정릉도4동 산1번지, 북한산 국립공원 입구에서 산쪽으로 약 1km정도 올라간 곳에 자리하고 있다. 사찰규모는 크지 않지만 산중 사찰 분위기를 어느 정도 느낄 수 있는 곳이다. 실제로 내원사의 창건시기나 정확한 사찰명 등에 대해서는 많은 의문점이 남아있는 상태이나, 고려 현종 19년 지눌스님이 창건한 것으로 전해지고 있다. 또한 내원사라는 절이름에 대해서도 정확한 고증에 어려움이 따른다. 내원사의 전 주지스님은 1969년경 대웅전을 새로 지으면서 이전 건물에서 내원사라는 이름이 나왔기 때문에 현재까지 그대로 사용하고 있다고 전한 바 있다.",내원사,,199058.337168495    ,457988.15598168     ,서울특별시 성북구 정릉동 산 1-1 ,N,,,,2003-07-02 13:58:42
3080000,CDFD1001,1988-07-27,,영업/정상,,,,,01002,도선사,I,2026-05-09 22:30:34,"서울특별시 강북구 도선사길 278, 도선사 (우이동)",지정,05,10,99900,01,"신라 경문왕 2년(862년) 도선국사가 창건하여 호국불교의 이념을 면면히 계승해 오면서 이조말 광무 8년(1904년)에 국가 기원 본찰로 지정받은 대사찰이며, 신라때부터 현재까지 한국불교의 변천사를 겪어온 유서깊은 사찰이다.",도선사,,198958.899761771    ,461456.748314697    ,서울특별시 강북구 우이동 산 69 도선사 ,N,,,,2025-09-30 17:00:52
3080000,CDFD1002,1988-07-27,,영업/정상,,,,,,화계사,I,2026-05-09 22:30:35,,승인,07,15,8000,01,"조선 중종 17년(1522년) 신월대사가 창건하였다. 광해군 10년(1618년)에 화재로 전소하였으나 다음해 복원하였고, 고종 3년 대원군의 시주로 용선, 범운 양 대사가 중수하고, 고종 7년(1870년) 대웅전, 명부전을 중건하였다. 경내에는 대원군의 친필현판을 비롯해서 추사 김정희, 위당 신관호의 필적이 있다.",화계사,,200576.135574246    ,458917.047650364    ,서울특별시 강북구 수유동 487 화계사 ,N,,,,2022-10-12 18:34:13
3080000,CDFD1008,2005-06-24,,영업/정상,,,,,,본원정사,I,2026-05-09 22:30:41,서울특별시 강북구 삼각산로 1 (수유동),지정,05,1,50,01,"본원정사는 대한불교조계종 직할교구 본사 조계사의 말사로서 1923년 비구니 손덕선스님이 창건하였는데 
삼각산 태고사라는 고려시대의 역사깊은 사원터 였다고 전해지고 있음.  특히, 사찰에 소장되어 있는 목조지장보살좌상은 서울시 유형문화재 제136호로 지정되어 있는데 전체적인 형태가 18세기 초기 불상의 특징을 가지고 있는 조선후기 목조각을 대표하는 작품으로 평가받고 있다..",본원정사,,200385.261191235    ,459448.774287011    ,서울특별시 강북구 수유동 산 125 ,N,,,,2011-10-31 11:18:56
3080000,CDFD1007,2005-02-19,,영업/정상,,,,,01000,신검사,I,2026-05-09 22:30:40,"서울특별시 강북구 삼양로179길 209-44, 신검사 (우이동)",지정,05,3,200,01,"삼각산 중턱에 자리잡은 법안사는 신라시대때 창건되었다고 구전으로 전해 내려오고 있다.
 오래된 석축과 신라시대 여래상으로 추정되는 불두, 고려시대 나한상 등 경내에서 발견된 여러 유물로 미루어 라시대에서 고려초기에 창건된 사찰임을 알 수 있다. 
입구에 돌로 쌓아 만든 석축이 있는데 돌의 모서리가 둥글둥글하게 되어 있어 오래된 석축임을 알 수 있다.",신검사,,199381.809204172    ,462038.78519661     ,서울특별시 강북구 우이동 산 68-1 신검사 ,N,,,,2020-10-21 14:44:37
3080000,CDFD1006,1992-09-23,,영업/정상,,,,,,삼성암,I,2026-05-09 22:30:39,,승인,07,5,1500,01,"조선조 고종 9년(1872년)에 창건하여 소란암이라 하였는데 고종 19년(1882년)에 박선묵 스님이 독성각을 짓고 삼성암이라 개명하였다. 1936년 동운스님이 칠성각을 짓고, 1941년 중현 스님이 법당을 개축하였다. 이 곳은 산세가 수려하며 기도장소 등으로 많은 시민이 찬는 곳이다.",삼성암,,200196.25305016     ,458698.567533498    ,서울특별시 강북구 수유동 산 164-5 ,N,,,,2022-06-30 15:17:23
3080000,CDFD1005,1988-09-27,,영업/정상,,,,,01000,용덕사,I,2026-05-09 22:30:38,"서울특별시 강북구 삼양로179길 209-81, 용덕사 (우이동)",지정,05,2,1000,01,1910년 건립된 사찰로서 이 장소가 용의 입모양을 하고 있다 하여 용덕사라 불렀다. 대웅전 옆 큰 바위에 약사여래불을 새겨 모시고 있다.,용덕사,,199954.79299432     ,463221.771564831    ,서울특별시 강북구 우이동 244-4 용덕사 ,N,,,,2020-10-21 14:44:04
3080000,CDFD1004,1988-09-27,,취소/말소/만료/정지/중지,,,,,01012,백련사,I,2026-05-09 22:30:37,"서울특별시 강북구 4.19로20길 142, 백련사 (수유동)",취소,06,2,3000,04,1931년 건립된 사찰로서 약수터로 잘 알려진 곳이다. 중병에 걸려 생사를 헤매던 사람이 현재의 대웅전 옆 약수를 마시고 회생하여 이곳에 절을 세웠다고 한다. 주변의 경치도 수려하거니와 휴식 및 체육시설이 갖추어져 있어 아침 산책코스로 널리 알려져 있다.,백련사,,199664.779538204    ,459434.308212017    ,서울특별시 강북구 수유동 산 127-1 백련사 ,Y,대웅전 등 전통사찰 내 건물의 개축으로 문화적 가치 상실 등,2011-08-25,,2020-10-21 14:43:12
3080000,CDFD1003,1988-09-27,,영업/정상,,,,,,보광사,I,2026-05-09 22:30:36,서울특별시 강북구 삼양로145길 176 (우이동),지정,05,6,5000,01,"조선 정조 12년(1788년) 금강산에서 수도한 원담스님이 창건하여 신원사라 하였다. 6.25전쟁으로 많은 건물이 소실되었고, 일부 건물이 보존되어 1980년 11월 보광사로 개명되었다.",보광사,,,,서울특별시 강북구 우이동 76-24 ,N,,,,2018-11-14 15:22:15
3090000,CDFD1003,1988-07-18,,영업/정상,,,,,,천축사,I,2026-04-01 22:06:52,,승인,07,5,5000,01,"천축사는 서울시 도봉구 만장봉 동쪽 기슭에 자리한 사찰로, 이 절을 천축사(天竺寺)라고 이른 것은 고려 때 인도승려 지공(指空)이 나옹화상(懶翁和尙)에게 이곳의 경관이 천축국의 영축산과 비슷하다고 한데서 유래되었다. 천축사의 연혁은 신라 673년(문무왕 13)에 의상대사가 의상대에서 수도할 때, 제자를 시켜 암자를 짓게 하고, 옥천암(玉泉庵)이라 한 것에서 출발하였으며, 그 뒤 고려 명종 때에 근처 영국사(寧國寺)의 부속암자로 맥을 이었다. 이후 조선시대인 1398년(태조 7)에 태조가 옛날 이 곳에서 백일기도하던 것을 상기하여 절을 중창하고 천축사라는 사액을 내렸다.근대에는 1911년에 화주 보허축전(寶虛竺典)이 관음ㆍ신중탱을 봉안하고, 1931년에 주지 김용태(金瑢泰)가 천축사로 오르는 길을 확장하였으며, 이후 수많은 신도들이 천축사 도량에 불사하여 1936년에 현재의 모습을 갖춘 가람이 조성되었다. 지금의 가람은 주지 용태스님 이후인 1959년에 중수된 것으로, 현재 주지 현공(玄公)스님이 주석하며, 2003년부터 2005년까지 대웅전을 비롯하여 독성각ㆍ산신각을 중수하고 요사채와 공양간을 신축하여 천축사 가람을 복원하였다.",천축사,029541474,201631.487977155    ,465744.05268809     ,서울특별시 도봉구 도봉동 549 ,N,,,,2025-04-15 17:32:44
3090000,CDFD1004,1988-09-07,,영업/정상,,,,,,원통사,I,2026-04-01 22:06:52,,승인,07,2,500,01,"신라 시대인 863년(경문왕 3)에 도선 국사가 도봉산에 절을 창건하여 원통사라 하였으며, 1053년(문종 7) 승려 관월 운개(觀月雲開)가 중창하였고, 1392년(태조 1)에 승려 천은 득일(天隱得一)이 삼창하였다. 그 후 조선 영조 때 승려 유인(宥？)이 중수하고 절 이름을 보은사(報恩寺)라 바꾸었다. 또 1810년(순조 10)에 승려 청화(淸和), 1887년(고종 24)에 승려 응허 한규(應虛漢奎)가 중창하였다.

1928년 비구니 자현(慈賢)이 주지로 부임하여 퇴락한 절의 중건을 발원하고 설악산의 승려 춘성(春城)을 청하여 천일 관음 기도를 올려 1929년에 불전을 중건하였다. 승려 보경 보현(寶鏡普賢)을 데려와 아미타불과 지장보살상을 조성하여 봉안하였다. 1931년에 천일기도가 끝나자 그해 겨울에 지리산의 승려 보응과 함께 다시 만일 염불회를 시작하여 1933년에 칠성각을 세우고 1936년에 법당 일부와 큰방을 중수하였으며, 이때에 절 이름을 잠시 보문사(普門寺)로 바꾸기도 하였다. 이후 1938년에 독성각이 세워졌다.",원통사,,200872.925510438    ,464508.687342073    ,서울특별시 도봉구 도봉동 546 ,N,,,,2026-02-11 10:37:56
3090000,CDFD1005,2025-06-25,,영업/정상,,,,,01300,광륜사,I,2026-04-01 22:06:52,"서울특별시 도봉구 도봉산길 86-1, 광륜사 (도봉동)",지정,05,6,2000,01,,광륜사,029565555,203055.116046885    ,465027.96462562     ,서울특별시 도봉구 도봉동 401 광륜사 ,N,,,,2025-07-28 15:35:46
3090000,CDFD1002,1988-07-18,,영업/정상,,,,,,천축사,I,2026-04-01 22:06:52,,지정,05,,,01,,천축사,029541474,201631.487977155    ,465744.05268809     ,서울특별시 도봉구 도봉동 549 ,,,,,2014-05-27 14:35:03
3090000,CDFD1001,2005-01-28,,영업/정상,,,,,,만월암,I,2026-04-01 22:06:52,,지정,05,2,3500,01,"672년 義湘大師가 창건, 義湘臺와 天竺寺를 창건하기 전에 기거하던 곳으로 1784년 석불개금을 하였고 1938년 正觀 徐光前과 安普德씨가 증건하였다. 1941년 8월 退耕 權相老가 萬月庵記를 쓰고 善悟스님이 1999년5월19일 石佛坐像이 有形文化財 제121호로 지정될 수 있도록 하였고 2002년10월15일 慧空스님이 중수 하였다.",만월암,,,,서울특별시 도봉구 도봉동 산 29-1 ,N,,,,2011-10-30 14:40:43
3100000,CDFD1001,1989-04-10,,영업/정상,,,,,,학도암,I,2026-03-26 22:31:16,,승인,07,1,2000,01,조선시대 인조2년 건립,학도암,029306611,,,서울특별시 노원구 중계동 산 3 ,N,,,,2023-03-17 09:56:00
3100000,CDFD1002,1988-09-01,,영업/정상,,,,,,학림사,I,2026-03-26 22:31:16,서울특별시 노원구 덕릉로129가길 241 (상계동),지정,05,2,5000,01,671년 신라 31대 문무왕때 원효대사가 창건,학림사,029301700,206749.857524472    ,464432.098640867    ,서울특별시 노원구 상계동 1 ,N,,,,2013-07-07 10:45:35
3100000,CDFD1003,1988-09-27,,영업/정상,,,,,,용굴암,I,2026-03-26 22:31:16,서울특별시 노원구 덕릉로129가길 242 (상계동),지정,05,1,1500,01,조선시대 고종 19년건립,용굴암,,207130.401647665    ,465099.300967952    ,서울특별시 노원구 상계동 산 154-1 51통6반 ,N,,,,2013-07-07 10:42:07
3110000,CDFD1001,1988-07-28,,영업/정상,,,,,,삼천사,I,2026-05-11 22:36:55,서울특별시 은평구 진관길 36  (진관동),지정,05,5,2900,01,"삼천사는 통일신라시대(서기680년경) 원효대사에 의해 창건되었고 그 규모가 대단히 커서
3000여 대중이 모여 수도 정진하였다.
임진왜란으로 소실된 것을 진영화상이 중창하고 성운화상에 의해 거듭 중창 복원하였다
경내에 있는 천년고불 마애석불은 고려시대에 조성된 것으로 보물 제657호 문화재로 지정되어 있으며 세존 진신사리 석종탑과 나한사리 5층 석탑이 봉안되어 있어 법신제불이 상주방광하는 성지이며 기도도량으로 널리 알려져 있다.",삼천사,,195534.888594764    ,459032.610788209    ,서울특별시 은평구 진관동 산 34 ,N,,,,2010-07-13 16:54:50
3110000,CDFD1002,1988-07-28,,영업/정상,,,,,,진관사,I,2026-05-11 22:36:56,서울특별시 은평구 진관길 73  (진관동),지정,05,10,10000,01,진관사는 고려시대 고찰로서 고려의 현종이 대량원군으로 있을 때 12세의 어린 나이로 궁중에서 쫓겨나 머리를 깍고 중의 행색으로 지내면서 삼각산 신혈사에 숨어 있다가 목종 12년(1009년)에 대신들의 몽영으로 왕위에 올랐는데 당시 현종이 숨어있던 신혈사가 곧 진관사였다고 한다. 당시 절의 주지 진관조사가 방에 굴을 파서 현종을 숨기고 침상을 그 굴위에 올려놓고 거처하면서 화를 면하게 하여 신혈사란 이름이 생겼으며 현종 즉위 후 진관조사의 은혜에 보답하고자 대가람을 짓고 절 이름을 진관사라 하였다 한다. 특히 조선시대에는 이 절에 수륙사를 설치하고 물속의 외로운 넋들과 아귀를 위해 법석을 베푸는 재를 올려 더욱 유명해졌다고 한다.,진관사,,195215.417977228    ,459532.525054496    ,서울특별시 은평구 진관동 354 ,N,,,,2010-07-13 15:59:48
3110000,CDFD1003,1988-10-19,,영업/정상,,,,,,수국사,I,2026-05-11 22:36:57,,지정,05,9,8000,01,"갈현동 봉산자연공원에 위치한 수국사는 1459년에 창건된 조선왕조의 원찰로 잘 알려져 있다. 세조의 명에 의하여 창건되었으며 1900년 근대 한국불교의 고승이며 청년교육자였던 월초선사가 고종임금의 시주를 받아 중건하였다. 현재 수국사 경내에는 청기와를 올린 외9포, 내15포 108평 규모의 전통 목조법당이 그 웅장한 모습을 자랑하고 있다. 한국의 황금사원이라고 불리우는 수국사의 법당은 안팎에 모두 순금인 지금을 입혀서 아침저녁의 햇살이 비칠 때마다 눈부신 빛을 발하여 찾는 이를 감탄케 한다.",수국사,,,,서울특별시 은평구 갈현동 314 ,N,,,,2024-07-18 09:32:00
3110000,CDFD1004,2005-01-12,,영업/정상,,,,,,용암사,I,2026-05-11 22:36:58,,,BBBB,2,10000,01,,용암사,,195849.356516482    ,460414.240372779    ,서울특별시 은평구 진관동 산 25 ,,,2024-07-18,,2024-07-18 09:28:29
3110000,CDFD1005,2018-01-04,,영업/정상,,,,,03472,심택사,I,2026-05-11 22:37:00,서울특별시 은평구 은평로20나길 5-23 (응암동),지정,05,3,300,01,"심택사의 창건은 한국전쟁 이후 대한민국의 재건과 함께 1959년 시작되었으니 지금으로부터 58년이 되었다. 이찬진공덕비(李燦鎭德碑)의 기록을 보면 1968년 목조기와 대웅전의 건립되었으며 동시에 기와 요사채도 건립되었다. 또한 대웅전 뒤 경사지에서 수파문의 조선후기 파편이 발견되고 있는 것으로 보아 적어도 정토사(현 백련사)의 산내 암자이거나, 동제 시설과 같은 인근 백성의 신앙적 안식처 역할을 했던 곳으로 추정된다. 이후 종각건립, 신요사채 건축, 범종 주조, 5층 석탑 건립, 미륵불 봉안, 사무동 건립이 이어졌다. 그와 함께 주변 마을도 점차 이루어져 갔으며 주택과 공동주택이 들어서면서 변화를 가져왔고 심택사도 자연히 변화를 겪게 되었다. 그러나 심택사는 전승에 전승을 거듭하면서 고집스럽게 도시 안에서 전통사찰로서의 면모를 잃지 않기 위해서 노력을 하여왔다. 또한 최근에는 서울시문화재(묘법연화경: 375호)와 국가보물(묘법연화경: 보물 1196-2호)을 지정받아 현재에 이르고 있다.",심택사,,194042.637932163    ,454998.696725592    ,서울특별시 은평구 응암동 37-13 ,N,,,,2018-03-07 16:16:59
3120000,CDFD1001,2003-01-07,,영업/정상,,,,,,대한불교조계종옥천암,I,2025-12-15 16:15:28,,승인,07,3,1500,01,,대한불교조계종옥천암,023954031,195863.348034162    ,454965.317199561    ,서울특별시 서대문구 홍은동 8 ,N,,,,2022-10-31 09:33:55
3120000,CDFD1002,2003-06-05,,영업/정상,,,,,,옥천암,I,2025-12-15 16:15:28,,지정,05,5,1500,01,,옥천암,023954031,195863.348034162    ,454965.317199561    ,서울특별시 서대문구 홍은동 8 ,N,,,,2016-06-29 10:57:46
3120000,CDFD1004,2011-09-08,,영업/정상,,,,,,한국불교태고종 봉원사,I,2025-12-15 16:15:28,,지정,05,48,,01,,한국불교태고종 봉원사,,195053.423698235    ,452390.014634837    ,서울특별시 서대문구 봉원동 1 ,N,,,,2011-09-09 08:52:13
3120000,CDFD1003,2011-09-08,,영업/정상,,,,,,한국불교태고종 봉원사,I,2025-12-15 16:15:28,,승인,07,48,,01,신라(新羅) 51대(代) 서기 889년 진성여왕 3년에 창건,한국불교태고종 봉원사,,195053.423698235    ,452390.014634837    ,서울특별시 서대문구 봉원동 1 ,N,,,,2021-01-20 15:33:47
3150000,CDFD1001,1988-05-28,,영업/정상,,,,,,약사사,I,2026-03-26 22:31:29,,승인,07,4,13000,01,"신라시대에 주룡선생이 도를 닦던 터라는 전설이 있으며
1747년 이조 영조때 우의정 송인명이 절을 크게 중수하고
1990년에 현 건물에 중수
조선후기에 개화사를 약사사로 개칭",약사사,26622551,182725.95437961     ,453445.198567229    ,서울특별시 강서구 개화동 332-2 ,N,,,,2016-06-16 09:39:52
3150000,CDFD1002,1988-09-01,,영업/정상,,,,,,미타사,I,2026-03-26 22:31:29,,지정,05,2,1000,01,"돌부처가 땅에서 우뚝 솟아 절을 지었다고 전하며
1924년 절을 지었음
1937년 미륵당 중건",미타사,0226624736,182552.324924974    ,453190.183661248    ,서울특별시 강서구 개화동 산 81-13 ,N,,,,2023-04-25 13:33:57
3150000,CDFD1003,1992-10-19,,영업/정상,,,,,,법성사,I,2026-03-26 22:31:29,,승인,07,3,600,01,"1909년 조륵스님이 백석사 건립
1930년 벽초화상이 폐사된 것을 복원하여 백련암으로 개칭
1962년 현주지 이용현 스님이 법성사로 개칭",법성사,0226514382,187185.306963357    ,449056.366035562    ,서울특별시 강서구 등촌동 산 23-4 ,N,,,,2015-04-10 14:17:24
3170000,CDFD1001,1988-12-19,,영업/정상,,,,,,대한불교조계종 호압사,I,2026-05-10 22:32:02,,승인,07,3,15000,01,,대한불교조계종 호압사,,193341.960695953    ,438934.877417659    ,서울특별시 금천구 시흥동 234 ,N,,,,2022-10-13 14:08:39
3190000,CDFD1002,1988-07-28,,영업/정상,,,,,,호국지장사,I,2026-05-09 22:30:46,서울특별시 동작구 현충로 210  (동작동),승인,07,5,0,01,"동작동 국립현충원내 위치한 이 절은 신라말 경문왕때 도선국사가 창건했다. 
이후 고려말 공민왕때 보인대사가 중창하여 화장사로 개명했다가 호국영령의 명복을 기원하는 
국가의 사찰이 되면서 호국지장사라 개칭했다",호국지장사,,196811.666474237    ,444056.768660908    ,서울특별시 동작구 동작동 305 ,N,,,,2013-07-16 18:19:12
3190000,CDFD1001,2004-12-07,,영업/정상,,,,,,사자암,I,2026-05-09 22:30:45,서울특별시 동작구 국사봉1길 235-14  (상도동),지정,05,0,0,01,"무학대사가 한양을 도읍지로정하고 지세를 안정시키기 위하여 관악산 호압사와 사자암을
세웠다 함.",사자암,,194356.899025114    ,443360.945623699    ,서울특별시 동작구 상도동 280 ,N,,,,2004-12-07 09:58:24
3190000,CDFD1003,2008-12-19,,영업/정상,,,,,,달마사,I,2026-05-09 22:30:47,,승인,07,0,0,01,,달마사,,196616.664560635    ,444035.535376129    ,서울특별시 동작구 흑석동 산 61-34 ,N,,,,2016-01-28 09:45:36
3200000,CDFD1001,1988-07-20,,영업/정상,,,,,,관음사,I,2026-05-10 22:32:10,서울특별시 관악구 승방1길 109-80 (남현동),지정,05,4,8000,01,"신라 제56대 진성여왕 9년(895년)에 도선국사가 창건한 후 이조시대를 거쳐 1924년 석주스님이 중건하고 1974년에 진성당 종하사가 주지로 부임 재차 중건을 시작하여대웅전, 용왕각, 심시불의 비문석탑을 세워 1977년에 준공하여 지금의 절이 됨.",관음사,,197850.771608717    ,440601.39463495     ,서울특별시 관악구 남현동 519-3 ,N,,,,2011-10-30 13:35:31
3200000,CDFD1002,1988-09-21,,영업/정상,,,,,,약수사,I,2026-05-10 22:32:10,,승인,07,3,2000,01,"조선 세종대왕 때 무영대사가 창건하여 기도의 도량이 되었으나 임진왜란 때 소실되었던 것을 1950년 김처사가 수행을 위하여 이곳에 샘솟는 약수를 마시고 힘을 얻어 초가삼간을 건립하여 약수암이라 칭하였으며, 최초의 창건은 신라시대 문무왕 10년(670년)이며 현재와 같은 절로서의 면모를 갖추게 된 것은 1974년 겨울 묘희 스님이 약수사에 들어서면서부터 현재와 같은 절의 면모를 갖춤",약수사,028777514,194135.0721631      ,439681.433124505    ,서울특별시 관악구 신림동 318 ,N,,,,2015-01-06 13:14:24
3200000,CDFD1003,1988-09-21,,영업/정상,,,,,,자운암,I,2026-05-10 22:32:11,,승인,07,2,1500,01,"조선 태조5년(1396년)에 무학대사가 창건하였고, 자운암은 600여년을 지나는 동안 여러번의 중수를 거쳐 오늘에 이르렀는데 남허스님이 남긴 자운암 기록에는 영조13년(1734년)에 다시 중수했다는 기록이 있으며 성종이 어머니를 위해 만든 위패가 아직까지 전해져오고 있다고 하며, 창건 당시에는 자운암(紫雲庵)이라고 한 것을 영종13년에 대효선사가 자운암(慈雲庵)이라 개명하였음. 현재의 자운암은 19876년 보륜 스님이 자운암에 들면서 대웅전, 칠성전, 산신각을 세우고 비로소 사찰다운 면모를 갖추게 됨.",자운암,028823839,195880.008889136    ,438509.911695946    ,서울특별시 관악구 신림동 194-1 ,N,,,,2012-06-26 17:43:23
3200000,CDFD1004,2006-12-14,,영업/정상,,,,,,성주암,I,2026-05-10 22:32:12,서울특별시 관악구 신림로 15-250  (신림동),,BBBB,3,2000,01,"성주암은 정확한 역사적 문헌이 없어 고증에 어려움은 있지만 구전에 의하면 신라시대 원효대사가 창건한 이래 각진국사, 서산대사, 처용대사 등의 고승들이 주석하셨던 고찰로서 과거 관악산내 삼막사, 망월암, 호압사ㅏ, 반월암, 연불암, 상불암, 안양사 등 관악산내 19암자로 현재까지 현존해 있는 사찰로서 사찰경내지에서 출토된 그릇파편과 명문기와 중 태정원년으로 표기된 다수의 기와로 보아 고려 충숙왕 2년을 전후해서 도량이 번성하였던 것으로 추정됨",성주암,,194861.009204839    ,439494.442583259    ,서울특별시 관악구 신림동 198 ,,,2011-05-03,,2011-05-03 17:54:54
3210000,CDFD1001,2003-04-15,,영업/정상,,,,,,백제불교초전법륜성지우면산대성사,I,2025-12-15 16:15:28,서울특별시 서초구 남부순환로328길 49 (서초동),지정,05,0,0,01,백제 불교 초전 법륜성지,백제불교초전법륜성지우면산대성사,,201116.82103913     ,441532.820759269    ,서울특별시 서초구 서초동 산 140 ,N,,,,2022-01-03 16:27:10
3220000,CDFD1001,1989-04-14,,영업/정상,,,,,,봉은사,I,2026-05-03 22:33:47,서울특별시 강남구 봉은사로 531 (삼성동),지정,05,0,0,01,794년 신라 원성왕 10년 緣會國師가 창건(삼국사기),봉은사,32184800,204964.438506272    ,445880.737479269    ,서울특별시 강남구 삼성동 73 ,N,,,,2016-01-16 17:32:56
3260000,CDFD1059,2003-01-27,,영업/정상,,,,,,용암사,I,2025-12-15 16:15:28,부산광역시 서구 천마산로209번길 94  (남부민동),지정,05,0,0,01,,용암사,,383908.082064887    ,178539.892096033    ,부산광역시 서구 남부민동 1-6 4통1반 ,N,,,,2012-02-08 18:16:50
3260000,CDFD1060,2003-01-27,,영업/정상,,,,,,관용사,I,2025-12-15 16:15:28,,지정,05,0,0,01,,관용사,,383969.490848944    ,178572.709032171    ,부산광역시 서구 남부민동 산 4-9 4통1반 ,N,,,,2003-01-27 15:04:33
3260000,CDFD1061,2003-01-27,,영업/정상,,,,,,천마선중생사,I,2025-12-15 16:15:28,부산광역시 서구 해돋이로 74-14  (남부민동),지정,05,0,0,01,,천마선중생사,,384246.55788671     ,178111.578582436    ,부산광역시 서구 남부민동 465 6통2반 ,N,,,,2003-01-27 15:05:24
3260000,CDFD1062,2003-01-27,,영업/정상,,,,,,천왕사,I,2025-12-15 16:15:28,,지정,05,0,0,01,,천왕사,,384304.858317516    ,178461.614151848    ,부산광역시 서구 남부민동 94 17통3반 ,N,,,,2003-01-27 15:07:04
3260000,CDFD1063,2003-01-27,,영업/정상,,,,,,청룡사,I,2025-12-15 16:15:28,부산광역시 서구 해돋이로53번길 14-9  (남부민동),지정,05,0,0,01,,청룡사,,384038.401259111    ,178001.383710745    ,부산광역시 서구 남부민동 428 13통6반 ,N,,,,2003-01-27 15:07:37
3260000,CDFD1064,2003-01-27,,영업/정상,,,,,,칠보사,I,2025-12-15 16:15:28,부산광역시 서구 해돋이로109번길 17  (남부민동),지정,05,0,0,01,,칠보사,,384242.826461707    ,178529.716640919    ,부산광역시 서구 남부민동 93-1 ,N,,,,2012-02-09 09:11:04
3260000,CDFD1065,2003-01-27,,영업/정상,,,,,,대법사,I,2025-12-15 16:15:28,부산광역시 서구 남부민로 28  (남부민동),지정,05,0,0,01,,대법사,,384481.244120066    ,178025.039613013    ,부산광역시 서구 남부민동 315 11통6반 ,N,,,,2003-01-27 15:11:03
3260000,CDFD1066,2003-01-27,,영업/정상,,,,,,반야사,I,2025-12-15 16:15:28,,지정,05,0,0,01,,반야사,,383709.173427262    ,177923.119803159    ,부산광역시 서구 암남동 2 36통3반 ,N,,,,2003-01-27 15:10:28
3260000,CDFD1067,2003-01-27,,영업/정상,,,,,,해광사,I,2025-12-15 16:15:28,,지정,05,0,0,01,,해광사,,383661.161353255    ,178197.918211341    ,부산광역시 서구 암남동 산 4-1 30통1반 ,N,,,,2012-02-09 09:12:17
3260000,CDFD1068,2003-01-27,,영업/정상,,,,,,능암정사,I,2025-12-15 16:15:28,부산광역시 서구 충무대로 64  (암남동),지정,05,0,0,01,,능암정사,,384165.46969935     ,177338.581629934    ,부산광역시 서구 암남동 206-1 33통1반 ,N,,,,2012-02-09 09:13:07
3260000,CDFD1069,2003-01-27,,영업/정상,,,,,,진평정사,I,2025-12-15 16:15:28,부산광역시 서구 암남공원로 254-23  (암남동),지정,05,0,0,01,,진평정사,,383807.020656794    ,175933.438831143    ,부산광역시 서구 암남동 산 119 12통7반 ,N,,,,2003-01-27 15:13:40
3260000,CDFD1070,2003-01-27,,영업/정상,,,,,,삼불정사,I,2025-12-15 16:15:28,부산광역시 서구 충무대로 43-2  (암남동),지정,05,0,0,01,,삼불정사,,383949.812393111    ,177432.698588332    ,부산광역시 서구 암남동 279-8 9통2반 ,N,,,,2012-02-09 09:14:52
3260000,CDFD1071,2003-01-27,,영업/정상,,,,,,용암사,I,2025-12-15 16:15:28,,지정,05,0,0,01,,용암사,,,,부산광역시 서구 암남동 165-6 ,N,,,,2003-01-27 15:14:51
3260000,CDFD1072,2003-01-27,,영업/정상,,,,,,천봉사,I,2025-12-15 16:15:28,부산광역시 서구 암남로78번길 25-5  (암남동),지정,05,0,0,01,,천봉사,,383461.110854123    ,177305.711679131    ,부산광역시 서구 암남동 470-7 ,N,,,,2003-01-27 15:15:24
3260000,CDFD1073,2003-01-27,,영업/정상,,,,,,원불료대신교당,I,2025-12-15 16:15:28,부산광역시 서구 구덕로334번길 19-2  (동대신동3가),지정,05,0,0,01,,원불료대신교당,,383813.866440221    ,181296.944019409    ,부산광역시 서구 동대신동3가 333-2 ,N,,,,2012-02-09 09:16:39
3260000,CDFD1074,2003-01-27,,영업/정상,,,,,,원불교남부민교당,I,2025-12-15 16:15:28,,지정,05,0,0,01,,원불교남부민교당,,,,부산광역시 서구 남부민동 502 6통1반 ,N,,,,2003-01-27 15:16:57
3260000,CDFD1075,2003-01-27,,영업/정상,,,,,,원불교토성교당,I,2025-12-15 16:15:28,부산광역시 서구 구덕로185번길 52  (아미동2가),지정,05,0,0,01,,원불교토성교당,,383834.640718348    ,179904.837160366    ,부산광역시 서구 아미동2가 36-8 ,N,,,,2012-02-09 09:18:24
3260000,CDFD1012,2003-01-27,,영업/정상,,,,,,구광사(금지암),I,2025-12-15 16:15:28,,지정,05,0,0,01,,구광사(금지암),,384111.078650526    ,181394.953030807    ,부산광역시 서구 동대신동3가 411 ,N,,,,2003-01-27 13:52:48
3260000,CDFD1013,2003-01-27,,영업/정상,,,,,,대한불료시민선원,I,2025-12-15 16:15:28,,지정,05,0,0,01,		,대한불료시민선원,,383853.033492263    ,180699.928630557    ,부산광역시 서구 서대신동1가 50-1 4통,N,,,,2003-01-27 13:54:04
3260000,CDFD1014,2003-01-27,,영업/정상,,,,,,금정정사,I,2025-12-15 16:15:28,부산광역시 서구 해돋이로383번길 45  (서대신동1가),지정,05,0,0,01,,금정정사,,383355.152477091    ,180419.463204492    ,부산광역시 서구 서대신동1가 266 9통4반 ,N,,,,2003-01-27 13:55:28
3260000,CDFD1015,2003-01-27,,영업/정상,,,,,,종교관포교원,I,2025-12-15 16:15:28,,지정,05,0,0,01,,종교관포교원,,,,부산광역시 서구 서대신동2가 337 14통1반 ,N,,,,2003-01-27 13:56:28
3260000,CDFD1016,2003-01-27,,영업/정상,,,,,,능인선원,I,2025-12-15 16:15:28,부산광역시 서구 구덕로315번길 10-3  (서대신동2가),지정,05,0,0,01,,능인선원,,383741.145991286    ,181067.144655995    ,부산광역시 서구 서대신동2가 3-18 ,N,,,,2003-01-27 13:57:21
3260000,CDFD1017,2003-01-27,,영업/정상,,,,,,지장정사,I,2025-12-15 16:15:28,,지정,05,0,0,01,,지장정사,,383431.72735953     ,180981.502959959    ,부산광역시 서구 서대신동3가 458-5 1통2반 ,N,,,,2012-02-09 09:30:07
3260000,CDFD1018,2003-01-27,,영업/정상,,,,,,보타원,I,2025-12-15 16:15:28,부산광역시 서구 대티로179번길 35  (서대신동3가),지정,05,0,0,01,,보타원,,383410.452182506    ,181180.134843195    ,부산광역시 서구 서대신동3가 578 3통2반 ,N,,,,2003-01-27 13:59:07
3260000,CDFD1019,2003-01-27,,영업/정상,,,,,,대명사,I,2025-12-15 16:15:28,,지정,05,0,0,01,,대명사,,382496.439367225    ,181588.952601743    ,부산광역시 서구 서대신동3가 산 37 12통5반 ,N,,,,2003-01-27 14:00:00
3260000,CDFD1010,2003-01-27,,영업/정상,,,,,,대허사,I,2025-12-15 16:15:28,,지정,05,0,0,01,,대허사,,384103.286604844    ,181571.198331966    ,부산광역시 서구 동대신동3가 254 ,N,,,,2003-01-27 13:44:25
3260000,CDFD1020,2003-01-27,,영업/정상,,,,,,보문사,I,2025-12-15 16:15:28,,지정,05,0,0,01,,보문사,,,,부산광역시 서구 서대신동3가 679 10통4반 ,N,,,,2003-01-27 14:00:41
3260000,CDFD1021,2003-01-27,,영업/정상,,,,,,관음정사,I,2025-12-15 16:15:28,,지정,05,0,0,01,,관음정사,,,,부산광역시 서구 서대신동3가 679-8 10통4반 ,N,,,,2003-01-27 14:01:34
3260000,CDFD1022,2003-01-27,,영업/정상,,,,,,천룡사,I,2025-12-15 16:15:28,,지정,05,0,0,01,,천룡사,,,,부산광역시 서구 서대신동3가 687 10통2반 ,N,,,,2003-01-27 14:02:19
3260000,CDFD1023,2003-01-27,,영업/정상,,,,,,용화사,I,2025-12-15 16:15:28,,지정,05,0,0,01,,용화사,,,,부산광역시 서구 서대신동3가 680 11통3반 ,N,,,,2003-01-27 14:02:57
3260000,CDFD1024,2003-01-27,,영업/정상,,,,,,수도암,I,2025-12-15 16:15:28,,지정,05,0,0,01,,수도암,,382645.054043986    ,181435.577236283    ,부산광역시 서구 서대신동3가 산 39 9통4반 ,N,,,,2003-01-27 14:03:50
3260000,CDFD1025,2003-01-27,,영업/정상,,,,,,대봉사,I,2025-12-15 16:15:28,,지정,05,0,0,01,,대봉사,,,,부산광역시 서구 서대신동3가 산 3-61 12통5반 ,N,,,,2012-02-09 09:31:51
3260000,CDFD1026,2003-01-27,,영업/정상,,,,,,수도사,I,2025-12-15 16:15:28,,지정,05,0,0,01,,수도사,,,,부산광역시 서구 서대신동3가 산 9 13통2반 ,N,,,,2003-01-27 14:05:26
3260000,CDFD1027,2003-01-27,,영업/정상,,,,,,내원정사,I,2025-12-15 16:15:28,부산광역시 서구 엄광산로40번길 80 (서대신동3가),지정,05,0,0,01,,내원정사,,383362.620649133    ,182857.370052917    ,부산광역시 서구 서대신동3가 4 13통5반 ,N,,,,2017-05-08 10:27:52
3260000,CDFD1028,2003-01-27,,영업/정상,,,,,,홍은사,I,2025-12-15 16:15:28,부산광역시 서구 꽃마을로65번길 10  (서대신동3가),지정,05,0,0,01,,홍은사,,383170.843113046    ,181914.845098005    ,부산광역시 서구 서대신동3가 31-153 8통2반 ,N,,,,2012-02-09 09:34:49
3260000,CDFD1029,2003-01-27,,영업/정상,,,,,,금수암,I,2025-12-15 16:15:28,부산광역시 서구 꽃마을로87번길 18  (서대신동3가),지정,05,0,0,01,,금수암,,383034.996810994    ,182065.300115489    ,부산광역시 서구 서대신동3가 31-242 7통5반 ,N,,,,2012-02-09 09:35:36
3260000,CDFD1030,2003-01-27,,영업/정상,,,,,,칠보사,I,2025-12-15 16:15:28,부산광역시 서구 시약로117번길 17-5  (서대신동3가),지정,05,0,0,01,,칠보사,,383050.826570512    ,181994.974319115    ,부산광역시 서구 서대신동3가 31-158 7통5반 ,N,,,,2012-02-09 09:38:36
3260000,CDFD1031,2003-01-27,,영업/정상,,,,,,반야암,I,2025-12-15 16:15:28,,지정,05,0,0,01,,반야암,,,,부산광역시 서구 서대신동3가 34-64 7통5반 ,N,,,,2012-02-09 09:37:22
3260000,CDFD1032,2003-01-27,,영업/정상,,,,,,금선사,I,2025-12-15 16:15:28,부산광역시 서구 시약로109번길 17  (서대신동3가),지정,05,0,0,01,,금선사,,383012.523996452    ,181885.767174033    ,부산광역시 서구 서대신동3가 31-169 8통1반 ,N,,,,2012-02-09 09:39:23
3260000,CDFD1033,2003-01-27,,영업/정상,,,,,,보국사,I,2025-12-15 16:15:28,부산광역시 서구 시약로109번길 25  (서대신동3가),지정,05,0,0,01,,보국사,,383029.306145005    ,181928.398289618    ,부산광역시 서구 서대신동3가 31-165 8통1반 ,N,,,,2012-02-09 09:45:48
3260000,CDFD1034,2003-01-27,,영업/정상,,,,,,구덕암,I,2025-12-15 16:15:28,,지정,05,0,0,01,,구덕암,,,,부산광역시 서구 서대신동3가 31 8통1반 ,N,,,,2003-01-27 14:31:12
3260000,CDFD1035,2003-01-27,,영업/정상,,,,,,미륵정사,I,2025-12-15 16:15:28,부산광역시 서구 임시수도기념로 38  (부민동3가),지정,05,0,0,01,,미륵정사,,383907.697413092    ,180132.441234615    ,부산광역시 서구 부민동3가 23-10 7통3반 ,N,,,,2012-02-09 09:47:01
3260000,CDFD1036,2003-01-27,,영업/정상,,,,,,묘법사,I,2025-12-15 16:15:28,부산광역시 서구 해돋이로273번길 55-10  (부민동3가),지정,05,0,0,01,,묘법사,,383657.476196577    ,180005.711059916    ,부산광역시 서구 부민동3가 54-56 8통2반 ,N,,,,2012-02-09 09:48:45
3260000,CDFD1037,2003-01-27,,영업/정상,,,,,,용국정사,I,2025-12-15 16:15:28,부산광역시 서구 까치고개로229번길 55-3  (부민동1가),지정,05,0,0,01,,용국정사,,,,부산광역시 서구 부민동1가 36-16 7통3반 ,N,,,,2003-01-27 14:33:30
3260000,CDFD1038,2003-01-27,,영업/정상,,,,,,봉진포교원,I,2025-12-15 16:15:28,,지정,05,0,0,01,,봉진포교원,,,,부산광역시 서구 부용동2가 43 3통1반 ,N,,,,2003-01-27 14:34:12
3260000,CDFD1001,2002-04-30,,영업/정상,,,,,,대한불교원효종금산포교원,I,2025-12-15 16:15:28,,지정,05,0,0,01,,대한불교원효종금산포교원,,,,부산광역시 서구 동대신동1가 369 5통20반 ,N,,,,2003-01-27 13:09:48
3260000,CDFD1002,2003-01-27,,영업/정상,,,,,,락서암,I,2025-12-15 16:15:28,,지정,05,0,0,01,,락서암,,,,부산광역시 서구 동대신동1가 12 11통1반 ,N,,,,2003-01-27 13:33:17
3260000,CDFD1003,2003-01-27,,영업/정상,,,,,,팔도사,I,2025-12-15 16:15:28,,지정,05,0,0,01,,팔도사,,,,부산광역시 서구 동대신동1가 220 ,N,,,,2003-01-27 13:34:53
3260000,CDFD1004,2003-01-27,,영업/정상,,,,,,보현사,I,2025-12-15 16:15:28,,지정,05,0,0,01,,보현사,,384440.910125496    ,181401.942960702    ,부산광역시 서구 동대신동2가 79-106 18통4반 ,N,,,,2012-02-09 11:14:01
3260000,CDFD1005,2003-01-27,,영업/정상,,,,,,백련불교문화원,I,2025-12-15 16:15:28,부산광역시 서구 보수대로 187  (동대신동2가),지정,05,0,0,01,,백련불교문화원,,384198.949282115    ,181066.661380152    ,부산광역시 서구 동대신동2가 211 2통3반 ,N,,,,2003-01-27 13:37:08
3260000,CDFD1006,2003-01-27,,영업/정상,,,,,,봉성포교당,I,2025-12-15 16:15:28,부산광역시 서구 구덕로296번길 17  (동대신동2가),지정,05,0,0,01,,봉성포교당,,383952.921129876    ,180948.227287299    ,부산광역시 서구 동대신동2가 386 1통4반 ,N,,,,2003-01-27 13:38:23
3260000,CDFD1007,2003-01-27,,영업/정상,,,,,,여래원,I,2025-12-15 16:15:28,부산광역시 서구 중앙공원로 21-11  (동대신동2가),지정,05,0,0,01,														,여래원,,384411.916577736    ,181584.370754969    ,부산광역시 서구 동대신동2가 2-132 ,N,,,,2003-01-27 13:42:07
3260000,CDFD1008,2003-01-27,,영업/정상,,,,,,수암정사,I,2025-12-15 16:15:28,부산광역시 서구 망양로107번가길 1  (동대신동3가),지정,05,0,0,01,,수암정사,,,,부산광역시 서구 동대신동3가 66-71 ,N,,,,2012-02-09 11:14:48
3260000,CDFD1009,2003-01-27,,영업/정상,,,,,,수도사,I,2025-12-15 16:15:28,부산광역시 서구 망양로 115  (동대신동3가),지정,05,0,0,01,,수도사,,384036.847815749    ,181659.408466942    ,부산광역시 서구 동대신동3가 63-145 ,N,,,,2012-02-09 09:19:29
3260000,CDFD1011,2003-01-27,,영업/정상,,,,,,대한불료법화종관불포교원,I,2025-12-15 16:15:28,부산광역시 서구 보수대로 216  (동대신동3가),지정,05,0,0,01,,대한불료법화종관불포교원,,384091.717326883    ,181350.617988386    ,부산광역시 서구 동대신동3가 406 ,N,,,,2003-01-27 13:51:42
3260000,CDFD1040,2003-01-27,,영업/정상,,,,,,광성사,I,2025-12-15 16:15:28,부산광역시 서구 해돋이로 256  (아미동2가),지정,05,0,0,01,,광성사,,383792.977521726    ,179655.164561252    ,부산광역시 서구 아미동2가 92 5통3반 ,N,,,,2003-01-27 14:36:03
3260000,CDFD1041,2003-01-27,,영업/정상,,,,,,관음사,I,2025-12-15 16:15:28,,지정,05,0,0,01,,관음사,,383341.753172914    ,179880.994605878    ,부산광역시 서구 아미동2가 236 16통3반 ,N,,,,2003-01-27 14:47:21
3260000,CDFD1042,2003-01-27,,영업/정상,,,,,,수도사,I,2025-12-15 16:15:28,부산광역시 서구 까치고개로128번길 29-6  (아미동2가),지정,05,0,0,01,,수도사,,383192.278521096    ,180030.288505556    ,부산광역시 서구 아미동2가 244 24통4반 ,N,,,,2003-01-27 14:48:00
3260000,CDFD1043,2003-01-27,,영업/정상,,,,,,지장왕사,I,2025-12-15 16:15:28,,지정,05,0,0,01,,지장왕사,,383175.393066407    ,180038.676731053    ,부산광역시 서구 아미동2가 245 23통2반 ,N,,,,2003-01-27 14:49:17
3260000,CDFD1044,2003-01-27,,영업/정상,,,,,,대성사,I,2025-12-15 16:15:28,,지정,05,0,0,01,,대성사,,383368.587285643    ,179839.340755731    ,부산광역시 서구 아미동2가 233 23통4반 ,N,,,,2003-01-27 14:50:00
3260000,CDFD1045,2003-01-27,,영업/정상,,,,,,미륵암,I,2025-12-15 16:15:28,,지정,05,0,0,01,,미륵암,,383724.923869817    ,179551.860518898    ,부산광역시 서구 아미동2가 89 13통3반 ,N,,,,2003-01-27 14:50:46
3260000,CDFD1046,2003-01-27,,영업/정상,,,,,,아미기도암,I,2025-12-15 16:15:28,,지정,05,0,0,01,,아미기도암,,,,부산광역시 서구 아미동2가 262-4 ,N,,,,2003-01-27 14:51:21
3260000,CDFD1047,2003-01-27,,영업/정상,,,,,,천용사,I,2025-12-15 16:15:28,부산광역시 서구 천마산로 255-33  (초장동),지정,05,0,0,01,,천용사,,383767.224514826    ,178899.028686458    ,부산광역시 서구 초장동 138-32 16통4반 ,N,,,,2012-02-09 10:00:07
3260000,CDFD1048,2003-01-27,,영업/정상,,,,,,용주사,I,2025-12-15 16:15:28,부산광역시 서구 천마산로 263 (초장동),지정,05,0,0,01,,용주사,,383888.178251924    ,178916.176084821    ,부산광역시 서구 초장동 136-3 15통4반 ,N,,,,2015-07-13 16:27:05
3260000,CDFD1049,2003-01-27,,영업/정상,,,,,,문수사,I,2025-12-15 16:15:28,부산광역시 서구 해돋이로 227  (초장동),지정,05,0,0,01,,문수사,,383885.762962058    ,179392.828359417    ,부산광역시 서구 초장동 39-19 13통2반 ,N,,,,2012-02-09 10:02:56
3260000,CDFD1050,2003-01-27,,영업/정상,,,,,,대원정사,I,2025-12-15 16:15:28,부산광역시 서구 구덕로 164  (토성동3가),지정,05,0,0,01,,대원정사,,384118.358527897    ,179676.215493701    ,부산광역시 서구 토성동3가 13-7 5통1반 ,N,,,,2003-01-27 14:55:11
3260000,CDFD1039,2003-01-27,,영업/정상,,,,,,정제심인당,I,2025-12-15 16:15:28,,지정,05,0,0,01,,정제심인당,,,,부산광역시 서구 부민동3가 35 ,N,,,,2012-02-09 09:58:09
3260000,CDFD1051,2003-01-27,,영업/정상,,,,,,양제포교당,I,2025-12-15 16:15:28,,지정,05,0,0,01,,양제포교당,,,,부산광역시 서구 토성동3가 4 1통2반 ,N,,,,2003-01-27 14:56:30
3260000,CDFD1052,2003-01-27,,영업/정상,,,,,,혜월사,I,2025-12-15 16:15:28,,지정,05,0,0,01,,혜월사,,,,부산광역시 서구 토성동1가 12 3통2반 ,N,,,,2003-01-27 14:57:06
3260000,CDFD1053,2003-01-27,,영업/정상,,,,,,관음사선원,I,2025-12-15 16:15:28,부산광역시 서구 구덕로134번길 38-1  (토성동1가),지정,05,0,0,01,,관음사선원,,384325.1294996      ,179622.088881565    ,부산광역시 서구 토성동1가 36-1 4통2반 ,N,,,,2012-02-09 10:04:04
3260000,CDFD1054,2003-01-27,,영업/정상,,,,,,칠보사,I,2025-12-15 16:15:28,,지정,05,0,0,01,,칠보사,,,,부산광역시 서구 남부민동 93 13통1반 ,N,,,,2003-01-27 14:58:50
3260000,CDFD1055,2003-01-27,,영업/정상,,,,,,보문사,I,2025-12-15 16:15:28,,지정,05,0,0,01,,보문사,,,,부산광역시 서구 남부민동 산 4 ,N,,,,2003-01-27 14:59:35
3260000,CDFD1056,2003-01-27,,영업/정상,,,,,,천부암,I,2025-12-15 16:15:28,,지정,05,0,0,01,,천부암,,383954.686341135    ,178782.677904668    ,부산광역시 서구 남부민동 8 ,N,,,,2003-01-27 15:00:14
3260000,CDFD1057,2003-01-27,,영업/정상,,,,,,금황사,I,2025-12-15 16:15:28,,지정,05,0,0,01,,금황사,,,,부산광역시 서구 남부민동 50 ,N,,,,2003-01-27 15:01:48
3260000,CDFD1058,2003-01-27,,영업/정상,,,,,,대원사,I,2025-12-15 16:15:28,부산광역시 서구 천마산로209번길 103  (남부민동),지정,05,0,0,01,,대원사,,383884.779390118    ,178507.852088884    ,부산광역시 서구 남부민동 산 4-18 4통1반 ,N,,,,2012-02-08 18:15:36
3270000,CDFD1001,1988-12-05,,영업/정상,,,,,,금수사,I,2026-03-26 22:31:12,부산광역시 동구 망양로 533-1  (초량동),지정,05,0,400,01,"금수사는 지금부터 400여년전 임진정유왜란 직후 사명대사께서 강화사로 일본에 갈적에 구계산 (본사 소재산)에서 일박하시면서 석간수를 마시고 이물이 금정감로수이므로 수도인이 주거할 곳이라고 하자 한제자가 이곳에 한칸 초암을 짓고 금수암이라 하였다. 그뒤 제자 석봉화상이 주지하였다가 1951년 1.4후퇴시에 금강산 유점사 혜은 법흥 화장이 이 절에 와서 석봉화상으로 부터 주지직을 인계받아 1952년에 사찰을 중수하여 1953년에 주변대지 천여평을 매입하고 노장스님들을 모시고 만일 염불회를 설립하였다. 그후 1960년에는 본사의 주전각인 대광명전을 창건하고   1962년에는 3층으로 된 현대 건물 불교회관을 설립하였다. 그리고 1966년에는 해인사 대장경을  영인하여 580 여권을 소장하였으며 1972년에는 종각을 건축하여 3천근의 범종을 주조 설치하였고 1983년에는 사천왕문, 1984년에는 석존사리탑 건립, 1985년부터 만불조성사업을 펼치고 있으며 1987년에는 종조 원효성사 동상 및 제9대 묵담대종사 사리탑 건립등 대불사를 추진하여 현재에는 대한불교 원효종의 대본산 사찰로서 그 면모를 갖추고 있다.",금수사,0514673316,384968.052973518    ,182004.720236456    ,부산광역시 동구 초량동 843 ,N,,,,2009-10-20 15:00:48
3270000,CDFD1002,1988-12-30,,영업/정상,,,,,,묘심사,I,2026-03-26 22:31:12,부산광역시 동구 망양로 671  (수정동),지정,05,0,70,01,"묘심사의 정확한 기원은 정해지지 않으며 지금부터 약200여년전에 창건되었으며, 일제시대에는 일본스님이 주지로 있으면서 석조물인 지장보살상과 범종을 조성하였고, 대웅전을 중수하였음.해방과 더불어 송덕윤스님이 주지로 있으면서 관리해오다 6.25때 전사한 국민들의 유골 500여구를 영생천도하기 위해 보관해오다 69년 국방부에 연락 안치하였고. 69년 비구니 대각스님이 주지로 취임하여 73년에 대웅전을 대대적으로 중수하고 그 이후 매년 요사채, 삼성각등 부속건물을 건립 명실공히 비구니 전통사찰로 가꾸고 있음",묘심사,,385843.621203407    ,182744.447807782    ,부산광역시 동구 수정동 1174-8 ,N,,,,2009-10-20 15:07:23
3270000,CDFD1003,1988-07-19,,영업/정상,,,,,,연등사,I,2026-03-26 22:31:12,부산광역시 동구 좌천동로 17-3 (좌천동),지정,05,0,100,01,"연등사의 정확한 창건연대는 알수 없으나 지금부터 약150 여년전에 팔금산 정기가 맺힌곳이라 하여 어느 고승이 초암을 지어 포교활동을 시작한 것으로 전해지며, 1882년 덕산스님이 주지로  취임하여 현재의 대웅전과 삼성각 요사 선원을 지어 연등사라 칭하고 본격적인 포교활동을 하였음. 그후 호국불교로서 부산지역에 많은 업적을 남겼으며 덕륜스님이 취임(1973.6.19)하고 대웅전, 삼성각, 요사체 및 선원을 대대적으로 중수하고 1975년도에는 부처님 진신사리탑과 법종을 축조하였음.",연등사,0516320546,386687.354258284    ,183466.202880166    ,부산광역시 동구 좌천동 839-3 ,N,,,,2011-10-30 13:35:31
3290000,CDFD1001,1988-07-19,,영업/정상,,,,,,광명사,I,2026-03-26 22:06:55,부산광역시 부산진구 안창로14번길 46  (범천동),지정,05,1,100,01,1920년 월당 노스님이 지나다 물맛이 특이해서 토굴을 지어 기거하다가 1962년 범어사에 기증,광명사,,386262.403976594    ,184934.893313696    ,부산광역시 부산진구 범천동 1534-1 ,N,,,,2009-04-21 11:13:42
3290000,CDFD1002,1988-07-19,,영업/정상,,,,,,선암사,I,2026-03-26 22:06:55,,승인,07,0,0,01,"신라 문무왕 15년 원효대사가 창건하여 견강사라 하였다가 768년에 선암사라 부르게 되었다.

1581년 4차에 걸쳐 중수하였고 1868년 중건하였다.",선암사,,384650.026621354    ,188298.223705731    ,부산광역시 부산진구 부암동 628 ,N,,,,2017-06-30 10:35:34
3300000,CDFD1001,1988-12-05,,영업/정상,,,,,,법륜사,I,2026-03-26 22:31:05,부산광역시 동래구 동래로 162 (칠산동),지정,05,3,500,01,1908.04.08 조계종 제14교구 본사 범어사에서 교육과 포교를 위하여 동래포고당 이라 칭하고 설립,법륜사,0515537771,390116.892600058    ,191386.07306514     ,부산광역시 동래구 칠산동 239-2 ,N,,,,2011-12-06 15:03:26
3300000,CDFD1002,1989-05-03,,영업/정상,,,,,,금정선원,I,2026-03-26 22:31:05,"부산광역시 동래구 우장춘로 157-59 (온천동, 금정사)",지정,05,3,500,01,"1929.3.15 창건되었으며, 일제시대 일본인들이 이 자리에 건물을 지어놓고 독립투사,군민 등 
무고한 사람들을 학살하는 사형장소로 사용하였다고 한다.
이에 억울하게 죽어간 사람들의 넋을 위로하기 위해 윤금호 스님께서 그 터를 영단으로 하여 
금정사를 창건하였다고 전해짐",금정선원,0515551208,,,부산광역시 동래구 온천동 산 17-3 금정사 ,N,,,,2012-01-26 10:46:01
3310000,CDFD1001,1989-03-02,,영업/정상,,,,,,성암사,I,2026-03-26 22:06:55,부산광역시 남구 진남로198번가길 13-40  (문현동),지정,05,0,300,01,1911년 창건하고 1978년 중수,성암사,,389611.676213532    ,184986.740258375    ,부산광역시 남구 문현동 산 74-1 ,N,,,,2010-12-21 17:15:12
3310000,CDFD1002,1988-12-13,,영업/정상,,,,,,불곡암,I,2026-03-26 22:06:55,부산광역시 남구 유엔평화로66번길 18 (대연동),지정,05,0,70,01,"부처님의 선몽으로 위치를 선정 1912년 창건
소장문화재 없음",불곡암,,390618.790773696    ,183044.364657129    ,부산광역시 남구 대연동 949-14 ,N,,,,2022-05-11 14:00:18
3350000,CDFD1001,1988-07-19,,영업/정상,,,,,46200,범어사,I,2025-12-15 16:15:28,"부산광역시 금정구 범어사로 250, 범어사 (청룡동)",지정,05,0,0,01,"범어사는 합천 해인사, 양산 통도사와 더불어 남도 3대 사찰로 한국 불교계의 중심지 중 하나다. 금정산 동쪽 기슭에 위치하며 신라 제30대 문무왕 18년(678년) 의상대사가 창건, 흥덕왕 때 중건했다. 
 흥덕왕 개축 당시는 방사 360, 토지 360결, 소속된 노비가 100여 호에 이르던 큰 사찰이었다. 그러나 임진왜란 때 참화로 모두 소실되어 거의 폐허가 되었다. 현재 건물은 광해군 5년(1613년) 묘전화상과 해민스님이 중건한 것이다.",범어사,,388128.926433953    ,200280.928194332    ,부산광역시 금정구 청룡동 546 범어사 ,N,,,,2018-02-14 16:45:45
3350000,CDFD1002,1988-12-29,,영업/정상,,,,,,정수암,I,2025-12-15 16:15:28,부산광역시 금정구 북문로 160  (금성동),지정,05,0,0,01,조선중기(1700년대) 진목대사가 창건,정수암,,386348.848243151    ,197602.46424356     ,부산광역시 금정구 금성동 5 ,N,,,,2003-04-16 17:06:54
3350000,CDFD1003,1989-03-15,,영업/정상,,,,,,국청사,I,2025-12-15 16:15:28,부산광역시 금정구 북문로 42  (금성동),지정,05,0,0,01,"신라시대 때 의상대사가 창건하였으며 이후 중수를 거듭해왔으며, 숙종 29년(1703년)에 금정산성 중성을 쌓은 후 적을 막고 나라를 지키고, 보호한다는 의미로 국청사라 칭하였다. 이름의 뜻 도 `청청한 마음으로 수행과도 같이 국난을 극복하는 데 앞장서 다` 혹은 `나라가 외적의 더러운 발길에 짓밟힘을 막고 깨끗한 국 토를 수하한다`는 의미를 가지고 있다. 이 곳은 예전 금정산성을 방어하던 호국사찰로 실제로 이 곳에는 당시 승병장이 사용한`금정산성 승장인`이라는 철제인이 보관되어 있어 이것을 보아 승 군작대의 사령부가 있었다고 추측할 수 있다.
이 곳 대웅전 안에는 본존불인 석가여래불을 비롯하여 좌협시 인문수보살과 우협시인 보현보살이 모셔져 있다.",국청사,,386948.250409725    ,196868.805187358    ,부산광역시 금정구 금성동 397 ,N,,,,2003-04-16 17:39:03
3350000,CDFD1004,1989-04-04,,영업/정상,,,,,,미륵사,I,2025-12-15 16:15:28,부산광역시 금정구 북문로 122 (금성동),지정,05,0,0,01,"미륵암은 통일신라시대(10세기말) 의상대사가 범어사를 창건한 해에 원효 대사가 세운 절이다. 이 곳에는 한가운데 위치한 엽화전 뒤편의 거대한 바위가 스님이 좌선하는 모양과 같다고 하여 `자선바위`라 불리우고 있다. 이 바위는 여러 개의 바위들이 모자이크한 듯이 어울려 있는데, 해가 지 고 난 뒤 바위와 바위 사이의 금이 보이지 않게 될 때 전체로 보면 그 형 상이 분명하게 드러난다. 이 좌선바위 뒤편에는 미륵불과 닮은 미륵불을 향해 좌선을 하고 있는 형상의 절묘한 터에 원효는 기도도량을 세운 것이 다. 미륵암이란 이름도 여기에서 유래했다고 한다.",미륵사,,386636.152495052    ,198491.086563991    ,부산광역시 금정구 금성동 산 1-1 ,N,,,,2011-10-30 12:10:36
3360000,CDFD1001,2003-01-20,,영업/정상,,,,,,청량사,I,2026-03-10 22:41:30,부산광역시 강서구 제도로 29 (명지동),지정,05,0,0,01,,청량사,0512712774,374868.907288828    ,181490.404385206    ,부산광역시 강서구 명지동 445 ,N,,,,2011-10-30 15:03:42
3370000,CDFD1002,1988-11-30,,영업/정상,,,,,,감천사,I,2026-03-11 00:00:28,부산광역시 연제구 묘봉산로 40  (연산동),지정,05,2,0,01,"한발이 심할때 이곳 암자에서 솟는 물은 마르지 않았다고 하며 단맛이 보여 감천이라 하였다함
1887년 9월경에 조그만 암자가 건립되었으며 이후 1936년에 초대 주지 황영달 스님이 암자를 증축하여 감천암이라 명명하였음
1971년 2대 주지 오묘정 스님이 대웅전, 요사체 등을 재건하여 현재에 이른다고 함",감천사,,390413.027450245    ,189110.881186943    ,부산광역시 연제구 연산동 1112 ,N,,,,2003-01-02 15:55:41
3370000,CDFD1003,1988-12-05,,영업/정상,,,,,,금용암,I,2026-03-11 00:00:47,부산광역시 연제구 성지곡로 111  (거제동),지정,05,2,0,01,"이조말(1852년경) 점술가 노인(이씨)이 이곳에 오두막집을 짓고 이를 지왕당(일명) 삼신당이라 하고 마당에는 포구나무를 심고 살았으며, 또한 이곳 산이름이 장수산으로 투구모양을 하고 있으며 건너 보이는 쪽에 애기봉이 있어 절터로서는 좋은곳이라 함
사람들이 이 노인에게 찾아와 소원(주로 애기를 점지해 달라는 내용)을 말하면 점술을 통하여 정확한 점괴를 알려주어 소원성취를 하였다고 함
해방되던 해 대붕이란 스님이 해인사에서 출가하여 이곳에 와서 불사를 일으켰다고 함",금용암,,386607.224080652    ,189986.420008176    ,부산광역시 연제구 거제동 1396-2 ,N,,,,2003-01-02 16:08:06
3370000,CDFD1001,1988-07-19,,영업/정상,,,,,,마하사,I,2026-03-11 00:00:03,부산광역시 연제구 봉수로 138 (연산동),지정,05,2,0,01,"아도화상이 창건하였다고 전하여 오고 있으며, 확실한 근거는 없으나 일설에 의하면 아도화상께서 경북 선산군 도리사를 창건하시고 10년후쯤 마하사를 창건하였다고 함으로 531년경 창건된 것으로 추정된다. 전설에 의하면 동지팥죽을 끓이는데 불씨가 없어 황령산 봉화수직인에게 나한님이 불씨를 얻어다 불을 지피게 하고 팥죽을 끓이게 하였다고 함
또 절마당에 벼를 말리고 있는데 새떼들이 벼를 먹고 피해를 많이 주므로 주지가 나한전에 가서 기원하였더니 나한님의 신통으로 새떼를 쫓아 버렸다함",마하사,0518522436,390128.227726181    ,186932.124887167    ,부산광역시 연제구 연산동 2039 ,N,,,,2025-03-05 17:05:09
3370000,CDFD1004,1997-02-13,,영업/정상,,,,,,혜원정사,I,2026-03-11 00:01:05,부산광역시 연제구 고분로68번길 47 (연산동),지정,05,6,2500,01,"1925년 당시 부근 마을에 살고 있던 김덕만이라는 노인이 땔감 나무를 구하려고 이곳 산에 왔다가 옛 절터를 발견하고 부부가 함께 다음생에 왕생 극락할 것을 발원하고 가산의 일부를 어렵게 마련하여 기와로 된 삼칸의 불당을 건립하여 오로지 염불로 여생을 지내다 죽고 그후 자손들이 
계승하여 십여년을 이어오다 자손들이 흩어지고 관심을 두지 않게 되자 폐사가 되었고, 
그후 1975년 혜원정사 조실스님 고산대화상이 사찰 건립터를 답사하던중 이곳 터를 발견하고 사찰을 건립하게 되었다  
구ㅡ휴ㅜ",혜원정사,,390380.094359471    ,189181.870142087    ,부산광역시 연제구 연산동 1113-5 ,N,,,,2012-01-18 15:10:09
3380000,CDFD1001,1988-12-05,,영업/정상,,,,,,영주암,I,2026-05-10 22:06:53,부산광역시 수영구 망미배산로76번나길 15  (망미동),지정,05,4,800,01,"1950년 창건
1960년 복원
1962년 부산시등록
1975년 증창
1988년 구에등록
1988년 구에 등록",영주암,,391120.66614085     ,188370.286241311    ,부산광역시 수영구 망미동 950 ,N,,,,2008-12-17 11:41:48
3380000,CDFD1002,1998-10-17,,영업/정상,,,,,,옥련선원,I,2026-05-10 22:06:53,부산광역시 수영구 광남로257번길 58 (민락동),지정,05,6,20000,01,"1604년 창건
1988.10.1 전통사찰 지정(문광부)
1998.10.17 전통사찰 등록(시)",옥련선원,,393597.836305646    ,186864.431462704    ,부산광역시 수영구 민락동 327-2 ,N,,,,2013-01-07 15:42:40
3390000,CDFD1001,1988-12-05,,영업/정상,,,,,,약수암,I,2026-05-09 22:30:25,부산광역시 사상구 백양대로804번길 42-57  (덕포동),지정,05,0,0,01,1880년 김경파스님이 창건,약수암,0513037586,381800.230003658    ,188379.183832271    ,부산광역시 사상구 덕포동 21-1 ,N,,,,2011-11-08 10:09:43
3390000,CDFD1002,1988-12-05,,영업/정상,,,,,,선광사,I,2026-05-09 22:30:25,부산광역시 사상구 백양대로804번길 42-123 (덕포동),지정,05,0,0,01,1880년 창건되어 1929년 유명심화 보살이 중수하여 현재에 이름,선광사,0513034848,381711.828756561    ,188255.271363719    ,부산광역시 사상구 덕포동 21-2 ,N,,,,2012-12-21 10:40:44
3390000,CDFD1003,1988-07-19,,영업/정상,,,,,,운수사,I,2026-05-09 22:30:25,부산광역시 사상구 모라로219번길 173 (모라동),지정,05,0,0,01,구전에 의하면 가락국때 창건되었다고 하고 다른 설에 의하면 원효대사가 부산진구 소재 선암사를 짓고 산을 넘어와 운수사를 지었는데 임란때 소실되었다가 1660년경 중건되었다 하나 믿을 만한 증거는 없음.,운수사,0513325671,383250.970162021    ,189006.50400274     ,부산광역시 사상구 모라동 5 ,N,,,,2011-11-08 10:04:05
3400000,CDFD1001,2003-03-20,,영업/정상,,,,,,월명사,I,2025-12-15 16:15:28,부산광역시 기장군 일광면 횡계길 59-112,지정,05,1,200,01,"지금부터 100여년전 일광면 횡계리에 거주하는 김규환의 모가 작은 암자를 창건, 유지하다가 다음 은해사 스님에게 인계, 보수, 증축하여 사찰면모를 갖춤. 3대 주지가 법당을 창건하였고 다음 4대, 5대를 거쳐 지금으로부터 약 20여년전에 현거주지가 법당, 산신각, 용왕당등 기타 건물을 정비하여 현재에 이르고 있음",월명사,0517210123,401452.301212624    ,199249.013727186    ,부산광역시 기장군 일광읍 횡계리 산 28-1 ,N,,,,2012-01-19 11:25:24
3400000,CDFD1002,2003-03-20,,영업/정상,,,,,,척판암,I,2025-12-15 16:15:28,부산광역시 기장군 장안읍 장안로 490-156,지정,05,1,300,01,"원효대사 현재의 불광산 바위틈에 부처를 모시고 수도중이었고, 그 위치에 절을 지어 척판암이라함",척판암,0517273547,402034.084554046    ,210592.052504898    ,부산광역시 기장군 장안읍 장안리 606-1 ,N,,,,2012-01-06 15:58:39
3400000,CDFD1003,2003-03-20,,영업/정상,,,,,,장안사,I,2025-12-15 16:15:28,,승인,07,4,500,01,"신라 문무왕 13년(673)에 원효대사가 창건하여 쌍계사라고 했다가 애장왕때 장안사라 개칭하였다고 한다. 1592년 임진왜란으로 불탄것을 1631년 태의대사가 중건하였고, 1941년 각현스님이 중건하였다고 한다.",장안사,0517272393,402850.018117378    ,210629.045338646    ,부산광역시 기장군 장안읍 장안리 598 ,N,,,,2019-12-18 17:59:28
3400000,CDFD1004,2003-03-20,,영업/정상,,,,,,안적사,I,2025-12-15 16:15:28,부산광역시 기장군 기장읍 내리길 461-16,지정,05,3,100,01,신라 문무왕 2년(서기 569년)화엄종조인 원효대사가 창건하였고 임진왜란으로 전소된 것을 묘전화상이 복원하여 6.25사변으로 사찰이 황폐화 되어 1965년 문헌과 고증을 찾아 옛모습에 가깝게 복원하였음,안적사,0515433400,397511.703442396    ,192700.199011623    ,부산광역시 기장군 기장읍 내리 692 ,N,,,,2011-10-30 14:05:51
3400000,CDFD1005,2008-01-11,,영업/정상,,,,,,묘관음사,I,2025-12-15 16:15:28,부산광역시 기장군 장안읍 해맞이로 253-38,지정,05,12,300,01,"묘관음사는 통도사, 범어사, 도리사 등에서 종주로 계시던 운봉 대선사께서 말면에 서기 1934년(불기 2473년)에
가람지를  정하였으며, 그 후 향곡 대선사께서 법맥을 이어 창건하였음",묘관음사,,405992.351024014    ,205000.348340729    ,부산광역시 기장군 장안읍 임랑리 15 ,N,,,,2012-01-06 15:57:34
3400000,CDFD1006,2016-12-26,,영업/정상,,,,,46051,고불사,I,2025-12-15 16:15:28,부산광역시 기장군 철마면 고촌로28번길 77,지정,05,0,0,01,,고불사,,397418.331356015    ,196178.679041943    ,부산광역시 기장군 철마면 고촌리 319 정광사 ,N,,,,2017-11-17 17:56:01
3410000,CDFD1001,1962-09-17,,영업/정상,,,,,,대성사,I,2026-03-10 23:11:15,대구광역시 중구 북성로 19-1 (서야동),지정,05,0,0,01,,대성사,,343018.505397128    ,264890.836446056    ,대구광역시 중구 서야동 1-1 ,N,,,,2011-10-30 14:09:18
3420000,CDFD1005,1988-07-28,,영업/정상,,,,,,북지장사,I,2026-05-10 22:06:51,대구광역시 동구 도장길 243 (도학동),지정,05,0,0,01,,북지장사,0539855214,354570.520602343    ,276486.005139972    ,대구광역시 동구 도학동 620 ,N,,,,2020-03-17 15:35:19
3420000,CDFD1006,1988-09-13,,영업/정상,,,,,,관음사,I,2026-05-10 22:06:51,대구광역시 동구 둔산로 535 (도동),지정,05,0,0,01,"도동 측백나무숲 인근에 위치한 전통사찰로 관음전, 3층석탑, 관음보살입상 등의 유물이 있음",관음사,0539849940,350157.187813659    ,270023.293347098    ,대구광역시 동구 도동 672 ,N,,,,2020-03-17 15:31:48
3420000,CDFD1004,1998-02-02,,영업/정상,,,,,,관암사,I,2026-05-10 22:06:51,대구광역시 동구 갓바위로 350 (능성동),지정,05,4,3000,01,신라 고찰터에 전 종정 백암스님이 1962년 기도중 본 사찰을 복원함.,관암사,0539842255,356375.983881668    ,276798.979490939    ,대구광역시 동구 능성동 산 1-3 ,N,,1988-07-28,,2020-03-17 15:32:34
3420000,CDFD1003,1988-07-28,,영업/정상,,,,,,부인사,I,2026-05-10 22:06:51,대구광역시 동구 팔공산로 967-28 (신무동),지정,05,5,300,01,"부인사는 선덕여왕 27년인 7세기경 창건하였다는 사전이 있고 또 선덕여왕의 묘가 있으며 그안에 선덕여왕의 영정을 모시고 해마다 음력3월 보름에 동민과 신도들이 사찰에서 선덕제를 지내는 것을 볼 때 부인이란 선덕여왕을 지칭하는 듯하며, 신라시대에는 왕비를 인이라 칭했기 때문에 선덕여왕의 원당이었던 듯하다.",부인사,,350755.990556293    ,278514.970334409    ,대구광역시 동구 신무동 356-1 ,N,,,,2020-03-17 15:33:10
3420000,CDFD1002,1988-07-28,,영업/정상,,,,,,파계사,I,2026-05-10 22:06:51,대구광역시 동구 파계로 741 (중대동),지정,05,30,500,01,"파계사는 신라804년(애장왕 5년) 심지왕사가 창건 하였으며, 조선1605년(선조 38년) 계관법사가 임진왜란으로 소실된 것을 중창 하였고, 조선1695년(숙종21년) 현흥대사가 삼창하였다고 함.
절의 좌석 계곡에서 흐르는 물줄기가9군데나 되므로 이물이 흩어지지 못하게 잡아 모은다는 뜻에서 파계사라 함.",파계사,,347843.237936958    ,279147.544284792    ,대구광역시 동구 중대동 7 ,N,,,,2020-03-17 15:34:05
3420000,CDFD1001,1988-07-28,,영업/정상,,,,,,동화사,I,2026-05-10 22:06:51,대구광역시 동구 동화사1길 1 (도학동),지정,05,100,30000,01,신라소지왕15년 (493년)극달화상이 창건하여 유가사라 불렀으나 832년 심지왕사가 중건하면서 겨울에도 절 주위에 오동나무꽃이 만발하여 동화사라 불렀음,동화사,,353559.370847129    ,278336.223851661    ,대구광역시 동구 도학동 35 ,N,,,,2021-02-05 15:02:28
3440000,CDFD1001,1988-09-13,,영업/정상,,,,,,안일사,I,2026-05-10 22:06:51,대구광역시 남구 앞산순환로 440 (대명동),지정,05,0,0,01,,안일사,0536550225,342290.305769355    ,259308.722436363    ,대구광역시 남구 대명동 산 225 ,N,,,,2011-10-30 15:47:57
3440000,CDFD1002,1988-09-13,,영업/정상,,,,,,은적사,I,2026-05-10 22:06:51,대구광역시 남구 앞산순환로 574-120 (봉덕동),지정,05,1,0,01,,은적사,0536531572,343579.525206675    ,259328.124765097    ,대구광역시 남구 봉덕동 1572 ,N,,,,2015-01-07 16:44:35
3440000,CDFD1003,1988-07-28,,영업/정상,,,,,,법장사,I,2026-05-10 22:06:51,대구광역시 남구 고산3길 96-4 (봉덕동),지정,05,1,100,01,,법장사,0534710414,344232.429014652    ,259296.038620833    ,대구광역시 남구 봉덕동 산 148 ,N,,,,2014-04-02 11:44:30
3470000,CDFD1001,1988-07-21,,영업/정상,,,,,,임휴사,I,2026-05-10 22:31:54,대구광역시 달서구 앞산순환로 12-25 (상인동),지정,05,3,5000,01,"신라 경명왕 5년(AD 921) 영조대사가 창건, 서기 1811년에 무주선사가 중창, 1430년에 포산선사가 삼창하였으며 같은 해 고려 태조 왕건이 팔공산에서 후백제 견훤과의 동수대전에서 패하여 이 절로 와서 군사를 재정비하며 편히 쉬어 갔다하여 임휴사 라는 사명이 붙게 됨",임휴사,0536324844,341009.613913642    ,257841.782021829    ,대구광역시 달서구 상인동 1321 ,N,,,,2016-07-18 13:22:39
3480000,CDFD1001,1988-07-21,,영업/정상,,,,,,유가사,I,2026-05-10 22:30:13,,지정,05,0,0,01,,유가사,0536143115,336229.210915719    ,246866.926934683    ,대구광역시 달성군 유가읍 양리 144 ,N,,,,2005-12-21 14:03:55
3480000,CDFD1007,1988-10-12,,영업/정상,,,,,,현풍포교당,I,2026-05-10 22:30:15,대구광역시 달성군 현풍읍 현풍동로27길 54-6,지정,05,0,0,01,,현풍포교당,0536143115,330723.051179288    ,245205.639345565    ,대구광역시 달성군 현풍읍 부리 382 ,N,,,,2005-12-21 16:26:41
3480000,CDFD1002,1988-07-21,,영업/정상,,,,,,남지장사,I,2026-05-10 22:30:13,대구광역시 달성군 가창면 남지장사길 127,지정,05,0,0,01,,남지장사,0537689920,347429.163283181    ,249504.706289666    ,대구광역시 달성군 가창면 우록리 865 ,N,,,,2005-12-21 14:13:52
3480000,CDFD1008,1988-07-21,,영업/정상,,,,,,소재사,I,2026-05-10 22:30:15,대구광역시 달성군 유가면 휴양림길 228,지정,05,0,0,01,,소재사,0536146637,336523.874176046    ,244475.065080423    ,대구광역시 달성군 유가읍 용리 4 ,N,,,,2005-12-21 16:30:53
3480000,CDFD1006,1988-07-21,,영업/정상,,,,,,용연사,I,2026-05-10 22:30:15,대구광역시 달성군 옥포읍 용연사길 260,지정,05,0,0,01,,용연사,0536168846,337386.221764206    ,250825.607729473    ,대구광역시 달성군 옥포읍 반송리 882 ,N,,,,2005-12-21 16:23:22
3480000,CDFD1005,1988-12-07,,영업/정상,,,,,,용문사,I,2026-05-10 22:30:15,대구광역시 달성군 화원읍 화원휴양림길 132,지정,05,0,0,01,,용문사,0536319390,339089.278771323    ,253176.944325158    ,대구광역시 달성군 화원읍 본리리 1137-1 ,N,,,,2005-12-21 14:25:41
3480000,CDFD1004,1988-10-12,,영업/정상,,,,,,화장사,I,2026-05-10 22:30:14,,지정,05,0,0,01,,화장사,0536325516,335732.065324151    ,256935.198812957    ,대구광역시 달성군 화원읍 천내리 516-1 ,N,,,,2005-12-21 14:26:33
3480000,CDFD1003,1988-07-21,,영업/정상,,,,,,운흥사,I,2026-05-10 22:30:14,대구광역시 달성군 가창면 헐티로 1068,지정,05,0,0,01,,운흥사,0537683882,344870.203207296    ,254464.698413919    ,대구광역시 달성군 가창면 오리 151 ,N,,,,2005-12-21 14:17:38
3491000,CDFD1001,1990-11-09,,영업/정상,,,,,23250,용궁사,I,2026-07-01 09:19:46,인천광역시 영종구 운남로 199-1  (운남동),지정,05,4,250,01,"신라 문무왕 10년(670년)에 원효대사가 창건하여 백운사라 하였다고 전하며 1,300여년을 내려오다 영종 중산 월촌에 사는 윤공이란 어부가 꿈을꾸고 바다에서 작은 옥불을 올려 본 절에 봉안하였다고 한다. 일명 구담사라고도 전한다. 조선조 철종 5년(1854년) 흥선대원군이 이 절을 중창하고 용궁사라 개칭하였으며 고종이 등극할 때까지 이절에서 칩거하였다고 한다.",용궁사,,,,인천광역시 영종구 운남동 667 ,N,,,,2013-06-20 10:21:18
3520000,CDFD1001,2020-12-28,,영업/정상,,,,,21943,흥륜사,I,2026-05-07 22:38:17,"인천광역시 연수구 청량로70번길 40-17, 흥륜사 (동춘동)",지정,05,7,,01,,흥륜사,,169792.347614078    ,434948.480692667    ,인천광역시 연수구 동춘동 806-12 ,N,,,,2021-03-26 11:36:44
3570000,CDFD1002,1996-01-08,,영업/정상,,,,,,보문사,I,2026-05-07 22:36:53,인천광역시 강화군 삼산면 삼산남로828번길 44,지정,05,5,3000,01,"석실은 천연동굴로 선덕여왕 4년(635) 회정선사가 창건하엿다 전하며,
1957년 주지 배선주가 나한법당을 중건하여 오늘에 이르고 있음",보문사,0329338271,140083.398187342    ,465365.404590861    ,인천광역시 강화군 삼산면 매음리 629 ,N,,,,2020-12-29 10:39:05
3570000,CDFD1007,2001-01-08,,영업/정상,,,,,23018,적석사,I,2026-05-07 22:36:53,인천광역시 강화군 내가면 연촌길 181,지정,05,2,500,01,고구려 장수왕4년(416) 천축조사가 창건하였다 전하며 조선 중종 39년(1544) 및 선조 7년(1574)등 수차에 걸쳐 중수하였으며 현존 대우전은 1984년에 건립된 건물임.,적석사,0329326191,147968.549218197    ,470800.987371885    ,인천광역시 강화군 내가면 고천리 산 210-3 ,N,,,,2020-12-29 10:52:43
3570000,CDFD1004,1996-01-08,,영업/정상,,,,,,백련사,I,2026-05-07 22:36:53,인천광역시 강화군 하점면 고려산로61번길 270,지정,05,7,2500,01,고구려 장수왕4년(416)에 천축조사가 창건하였다 전하며 그후 여러차례 중수한 기록이 있음,백련사,0329335082,150315.02959468     ,472250.319993121    ,인천광역시 강화군 하점면 부근리 231 ,N,,,,2003-04-10 18:49:59
3570000,CDFD1005,1996-01-08,,영업/정상,,,,,,청련사,I,2026-05-07 22:36:53,인천광역시 강화군 강화읍 고비고개로188번길 112,지정,05,3,350,01,고구려 장수와 4년(416)에 천축조사가 창건하고 청련사라 함,청련사,0329320886,151272.31479913     ,471674.713503905    ,인천광역시 강화군 강화읍 국화리 550 ,N,,,,2020-12-29 10:43:06
3570000,CDFD1006,1996-01-08,,영업/정상,,,,,23034,청수암,I,2026-05-07 22:36:53,인천광역시 강화군 강화읍 청하동길36번길 62-1,지정,05,3,350,01,,청수암,0329342661,153683.354073091    ,471304.215881423    ,인천광역시 강화군 강화읍 신문리 681-1 ,N,,,,2020-12-29 10:44:42
3570000,CDFD1001,1996-01-08,,영업/정상,,,,,,전등사,I,2026-05-07 22:36:53,인천광역시 강화군 길상면 전등사로 37-41,지정,05,5,1400,01,"고구려 소수림왕 11년(381)에 아도화상이 창건하고 ""진종사""라 칭함
고려 충렬왕8년(1282) 정화공주가 옥등을 헌납한 후 전등사라 개칭하여 오늘에 이르고 있음",전등사,0329370125,154468.810928503    ,459078.725240729    ,인천광역시 강화군 길상면 온수리 635 ,N,,,,2003-04-10 18:30:31
3570000,CDFD1003,1996-01-08,,영업/정상,,,,,23059,정수사,I,2026-05-07 22:36:53,인천광역시 강화군 화도면 해안남로1258번길 142,지정,05,2,300,01,"선덕여왕 8년(639) 회정대사가 창건하여 淨修寺라 했다. 
조선 세종 8년(1426) 함허대사가 중창하였다수 하며, 중창시 법당 서쪽에서 맑은 물이 나와 淨水寺라 개칭하였다 함.",정수사,0329373611,151001.319721347    ,456382.725902575    ,인천광역시 강화군 화도면 사기리 467-3 ,N,,,,2020-12-29 10:40:29
3650000,CDFD1001,1988-09-20,,영업/정상,,,,,,복전선원,I,2025-12-15 16:15:28,,지정,05,30,0,01,"조선 현종때 창건한 후 1943년 경두익 화상이 중건하였으며 1954년 이경순비구니가 박고봉선사를 조실로 원통선원 운영, 1985년 대웅전, 삼경각, 종각, 오사등을 지어 현재의 규모가 됨
1962년 재단법인 선학원에 등록하고 현재 30여명의 비구니가 참선중",복전선원,0422829270,238670.712628824    ,311552.414019571    ,대전광역시 중구 석교동 산 17-1 ,N,,,,2002-12-17 11:48:56
3660000,CDFD1001,1988-09-20,,영업/정상,,,,,,내원사,I,2026-05-10 22:32:57,대전광역시 서구 배재로197번길 200 (도마동),지정,05,1,40,01,"1928년 연덕화보살이 창건.
1965년 현 주지 손법전이 중건한 후 태고종에 가입
1994년 시지원 법당신축
- 계:48,260천원 30,000천원(시비) 
1999년 문화관광부 지원 법당신축 
- 계127,260천원(국비:54,500천원,시비54,500천원,자비18,260천원)",내원사,0425313901,232271.805164258    ,313593.007145007    ,대전광역시 서구 도마동 424-1 ,N,,,,2014-12-19 13:44:42
3690000,CDFD1003,1973-11-12,,영업/정상,,,,,,해남사,I,2026-05-09 22:36:57,울산광역시 중구 기상대길 13 (북정동),지정,05,1,400,01,,해남사,0522113340,410329.149154664    ,231368.124314428    ,울산광역시 중구 북정동 118 ,N,,,,2022-12-30 15:23:04
3690000,CDFD1002,1973-11-12,,영업/정상,,,,,,백양사,I,2026-05-09 22:36:57,,지정,05,1,2500,01,,백양사,,,,울산광역시 중구 성안동 118 ,N,,,,2005-07-26 16:33:18
3690000,CDFD1004,1973-11-12,,영업/정상,,,,,,관음사,I,2026-05-09 22:36:57,울산광역시 중구 신기16길 62  (태화동),지정,05,1,2500,01,,관음사,,408195.698394437    ,230929.476915202    ,울산광역시 중구 태화동 404 ,N,,,,2005-07-26 16:33:41
3690000,CDFD1001,1973-11-12,,영업/정상,,,,,,백양사,I,2026-05-09 22:36:57,울산광역시 중구 백양로 67  (성안동),지정,05,3,2000,01,,백양사,0522458712,409680.407752455    ,232988.134434395    ,울산광역시 중구 성안동 819 ,N,,,,2003-12-19 16:26:31
3710000,CDFD1002,1973-11-12,,영업/정상,,,,,,동축사,I,2026-05-07 22:36:54,울산광역시 동구 옥류로 93  (동부동),지정,05,3,1200,01,신라24대 진흥왕 34(573년)에 아쇼카왕은 인도 천하를 평정하여 팔만사천 대보탑을 세우는 대작을 하였으나 인도 전국에 명을 내려 황금 삼만근을 배에 실어 띄우면서 불상 조성을 하였으나 세번이나 실패하여 진흥왕은 황철과 황금을 경주에 운반하여  미포만 부근 개상한 곳에 절을 세우고 삼존 불상을 배에서 옮겨 모시면서 사명을 서축나라에서 해동 조선국으로 왔다하여 동축사라 이름하여 지금까지 1450년의 역사를 지닌 고찰이다 신라 경순왕 2년에 중건하여 고려 정종때3창 세조3년에 4창 왜정때5창 박정의 대통령 말기에 6차에 걸쳐 중수하여 오늘에 이르고 있음,동축사,0522510410,419290.115550889    ,230306.68952996     ,울산광역시 동구 동부동 565 ,N,,,,2007-04-27 11:16:01
3710000,CDFD1001,2003-03-04,,영업/정상,,,,,,월봉사,I,2026-05-07 22:36:54,울산광역시 동구 봉수로 55  (화정동),지정,05,3,512,01,1000년전 신라 경순왕 4년(930)에 성도 율사가 창건하였고 현재 대웅전은 40년전 김월하 스님에 의해 중창되고 산신각 및 금불로서 이조 초기 시대에 대표적인 좌불이다 또한 근래에는 상운 화상의 원력으로 모든 당우를 재건하였으며 월봉사는 유구한 역사를 가지고 있다,월봉사,0522354602,419244.57187711     ,224212.622118582    ,울산광역시 동구 화정동 60 ,N,,,,2003-03-04 10:33:23
3720000,CDFD1001,1973-10-30,,영업/정상,,,,,,신흥사,I,2026-05-11 22:36:53,울산광역시 북구 대안4길 280  (대안동),지정,05,0,1000,01,,신흥사,0522957522,416415.088129432    ,242773.995877602    ,울산광역시 북구 대안동 739 ,N,,,,2010-08-10 09:14:05
3720000,CDFD1002,1973-10-30,,영업/정상,,,,,,옥천암,I,2026-05-11 22:36:53,울산광역시 북구 무룡로 225 (연암동),지정,05,1,300,01,신라 경순왕 5년 창건. 오봉사로 칭하다 무룡 봉룡에서 석윤수가 용출하여 옥천암이라 개칭함. 몇차례의 중창을 거쳐 오늘에 이름,옥천암,0522881350,416108.266959533    ,233778.240356191    ,울산광역시 북구 연암동 50 ,N,,,,2014-05-12 20:24:35
3720000,CDFD1003,2003-01-10,,영업/정상,,,,,,도솔암,I,2026-05-11 22:36:53,울산광역시 북구 화동15길 77  (화봉동),지정,05,2,900,01,,도솔암,0522892329,415133.355458922    ,235391.427749919    ,울산광역시 북구 화봉동 30 ,N,,,,2010-08-10 09:12:27
3730000,CDFD1002,2002-12-16,,영업/정상,,,,,,문수사,I,2026-05-11 22:36:56,울산광역시 울주군 청량읍 문수산길 514,지정,05,5,14000,01,"문수사는 울주군 청량면 율리 산342번지에 자리잡은 절로 문수산의 이름을 딴 절이다. 이 문수산은 신라와 고려 때는 주로 영축산이라 불려오던 산이다. 천축국왕사성 부근에 있는 영축산의 이름이 불교를 따라 우리나라로 이동하여 온 것으로서 천축의 영축산은 부처님이 설법하시던 곳이며, 신선들이 살았고 독수리가 많이 있으므로 영축산 또는 축두, 축봉, 축대라고도 하였다는 것이다. 또 축령들이 산에 있으므로 이름하였고 혹은 산모양이 수리머리와 비슷하다는데서 온 이름이라고도 한다. 조선조에 와서는 문수산이라 하여 신국동국여지승람에 그렇게 나타난다. 또 이 산을 일명 청량산이라고 하였는데 산 아래에 있는 청량면은 청량산에서 비롯된 이름인 것이다. 이 산을 문수산이라고 한 것은 화엄경 제 10법 운지로서 보살들이 살던 곳이어서 문수보살이 응현이 있었기 때문이었다. 한편, 삼국유사 권 5 연회도명 문수점에서 문수대성과 변재천녀가 응현하여, 무거설화에서도 문수보살이 나타난다. 무거설화를 보면 다음과 같다. ""경순왕은 백척간두에 선 나라의 장래를 영취산의 문수대성의 계시를 받아 결정키로 결심하고 태자와 둘째 왕자를 거느리고 하곡현의",문수사,,400811.480119095    ,227901.396119597    ,울산광역시 울주군 청량읍 율리 산 342 ,N,,,,2002-12-16 20:23:58
3730000,CDFD1001,1973-10-30,,영업/정상,,,,,,내원암,I,2026-05-11 22:36:55,울산광역시 울주군 온양읍 대운상대1길 30-12,지정,05,1,300,01,"온양읍 운화리 1312번지 대운산 기슭에 자리잡고 있으며 신라시대 대원사의 9암자 중 하나의 암자이다. 내원암은 신라 전통고찰로써 울산광역시 4대고찰(석남사, 문수사, 신흥사)중의 하나로써 지금부터 75년전 을축년에 불이 나서 건물이 전소되었다.
지금 현재 남아있는 구건물 염화실 그 뒤 옛날 칠성각 건물은 을축년에 건립하여 정묘년에 완공한 건물이며, 당시 주지스님은 배덕봉이며, 약 30여 년간 내원암 주지로 계셨다.
구 건물 주지실 묘사채는 최상수 스님이 계실 때 건축한 건물이다. 현재 새로 건축한 대웅전은 1992년 송암스님이 계실 때 건축하여 1993년에 완공을 보고 현재 대웅전 옆 칠성각은 1994년에 완공하였다. 신라시대 대원사의 암자이다. 또 양산시 하북면에 있는 통도사의 말사이다. 신라 불교 전성시대 온양읍 사방에 사사구암이 있었는바 내원암은 당시 그 일암으로써 지금까지 현존하고 있으며 산수미려하여 읍민의 피서지로 명성이 높고 사사구암은 남창의 천안사, 덕신의 영남사, 고사의 안봉사, 삼광의 신흥사, 옥련암 대운산의 대원사 및 안심사말리의 대사등이며 현재까지 그 사지가 남아있다.
백두대간이 남으로 남으로 힘차게 달리다가",내원암,,404150.059634964    ,213264.285517983    ,울산광역시 울주군 온양읍 운화리 1042 ,N,,,,2002-12-16 20:23:08
3730000,CDFD1003,2002-12-16,,영업/정상,,,,,,석남사,I,2026-05-11 22:36:57,울산광역시 울주군 상북면 석남로 557,지정,05,100,500,01,"울주군 상북면 덕현리 1064에 여승 수도의 도량으로 자리잡고 있는 석남사(石南寺)는 가지산 보림사의 개종자 도의가 헌덕왕 16년(824)에 창건하였다 한다. 그 후 이조 제 18대 현종 15년 (서기 1674년) 탁영,선철선사에 의하여 중건되고 다시 또 조선 제 23대 순조 3년(서기 1803년) 침허, 수일등의 선사가 중수하였다. 그 후 오랜 세월이 흐르면서 황폐 해진데다가 1950.06.25에 일어난 한국전란으로 폐허는 되었으나 그래도 신라고찰의 모습이 남아있던 것을 모조리 파괴해 버렸던 것이다. 그 후 비구니인 인홍스님께서 주지로 부임해 오자 온통 폐찰이 되다시피 된 석남사를 재건한 것이다. 먼저 대웅전, 극락전, 그 밖의 부속시설을 중수중창을 하고나서 그 다음에 종각, 침계루, 심쇄당, 무진료, 상락료등을 신축하여 사찰의 면모를 일신케 하였다. 석남사는 저 멀리 강원도 태백산맥이 남쪽으로 뻗으면서 줄다름질을 치다가 도중에 경상북도 청도의 운문산을 형성한 뒤 다시 뻗으면서 고헌산맥을 형성했는데, 이 고헌산맥에는 가지산, 신불산간월산, 천황산, 영취산 등의 영산 명봉들을 이루어 놓고 말았다. 가지산에는 석남사, 신불산에는 간월사, 영취산에는 통도사",석남사,,384053.088436208    ,237593.715592542    ,울산광역시 울주군 상북면 덕현리 1064 ,N,,,,2011-10-30 14:38:00
3740000,CDFD1001,1968-04-18,,영업/정상,,,,,,봉녕사,I,2025-12-15 16:15:28,,승인,07,20,7000,01,"1208년 고려 제21대 희종4년에 원각국사가 창건하여 성창사라 명명함
1469년 조선 제9대 성종원년 혜각국사가 중수후 봉녕사라 개칭",봉녕사,,203303.89041615     ,420996.888336699    ,경기도 수원시 팔달구 우만동 248 ,N,,,,2019-09-10 22:02:36
3740000,CDFD1002,2008-06-02,,영업/정상,,,,,,팔달사,I,2025-12-15 16:15:28,경기도 수원시 팔달구 행궁로 68 (팔달로3가),지정,05,5,10000,01,,팔달사,,201276.715998789    ,419383.895635822    ,경기도 수원시 팔달구 팔달로3가 116 ,N,,,,2011-10-30 15:49:22
3740000,CDFD1003,1988-07-28,,영업/정상,,,,,,청련암,I,2025-12-15 16:15:28,경기도 수원시 장안구 수일로 335-0 (조원동),지정,05,10,40,01,,청련암,0312551020,201965.285388958    ,422092.625967781    ,경기도 수원시 장안구 조원동 474-1 ,N,,,,2012-07-03 10:51:17
3740000,CDFD1004,1988-07-28,,영업/정상,,,,,16256,수원사,I,2025-12-15 16:15:28,경기도 수원시 팔달구 수원천로 300 (남수동),지정,05,7,15000,01,1920년 용주사 주지 강대연(姜大蓮)이 금강산 마하연에서 모셔온 목조 관음보살상을 안치하고 용주사 포교소로 활동,수원사,0312552692,201611.120713175    ,419832.190699523    ,경기도 수원시 팔달구 남수동 92-1 ,N,,,,2020-12-03 17:09:00
3780000,CDFD1001,1988-07-28,,영업/정상,,,,,,망경암,I,2025-12-15 16:15:28,경기도 성남시 수정구 태평로55번길 72 (복정동),지정,05,1,500,01,마애여래좌상(도유형 102호),망경암,,212064.261961439    ,439038.703718898    ,경기도 성남시 수정구 복정동 553-1 ,N,,,,2011-12-12 17:03:24
3780000,CDFD1002,1998-07-28,,영업/정상,,,,,,봉국사,I,2025-12-15 16:15:28,경기도 성남시 수정구 태평로 79 (태평동),지정,05,8,500,01,봉국사대광명전(도유형문화재101호),봉국사,,211895.937741875    ,438733.948719838    ,경기도 성남시 수정구 태평동 216-2 ,N,,,,2011-12-12 17:08:05
3780000,CDFD1003,2003-02-03,,영업/정상,,,,,,약사사,I,2025-12-15 16:15:28,경기도 성남시 중원구 산성대로625번길 22 (은행동),지정,05,0,0,01,전통문화지정,약사사,,215741.308851902    ,440554.969810296    ,경기도 성남시 중원구 은행동 산 7-2 ,N,,,,2011-12-12 17:11:20
3820000,CDFD1003,1988-10-25,,영업/정상,,,,,,미륵암,I,2025-12-15 16:15:28,경기도 의정부시 고산로65번길 94 (고산동),지정,05,1,500,01,,미륵암,,208747.616888476    ,470001.762273245    ,경기도 의정부시 고산동 647 ,N,,,,2014-12-12 13:23:27
3820000,CDFD1002,1988-07-28,,영업/정상,,,,,,회룡사,I,2025-12-15 16:15:28,경기도 의정부시 전좌로155번길 262 (호원동),지정,05,17,4000,01,,회룡사,,,,경기도 의정부시 호원동 산 89 ,N,,,,2014-12-12 13:28:43
3820000,CDFD1001,1988-07-28,,영업/정상,,,,,,망월사,I,2025-12-15 16:15:28,경기도 의정부시 망월로28번길 211-500 (호원동),지정,05,30,1000,01,"신라선덕여왕 8년에 해호스님이 여왕의 명을 받아 창건한 것으로 월성을 바라보면서 
      왕실의 융성을 빌었다가 망월사가 됐다고 함. 고려시대의 혜거,영소대사와 조선시대의 
      천봉,영월,도암 등 많은 명승들이 배출되었으며 근대의 도인이라 불리우는 만공,한암,
      성월 등 선지식들이 지내던 곳임",망월사,,201816.598752856    ,466921.872952973    ,경기도 의정부시 호원동 413 ,N,,,,2014-12-12 13:19:28
3820000,CDFD1005,2001-11-02,,영업/정상,,,,,,석림사,I,2025-12-15 16:15:28,경기도 의정부시 동일로122번길 177 (장암동),지정,05,5,1000,01,,석림사,,205793.559929593    ,466528.211822823    ,경기도 의정부시 장암동 산 147 ,N,,,,2014-12-12 13:21:49
3820000,CDFD1004,1988-10-25,,영업/정상,,,,,,원효사,I,2025-12-15 16:15:28,,지정,05,4,500,01,,원효사,,,,경기도 의정부시 호원동 산 92 ,N,,,,2014-12-12 13:22:35
3830000,CDFD1003,2003-03-18,,영업/정상,,,,,,대한불교조계종망해암,I,2025-12-15 16:15:28,경기도 안양시 동안구 임곡로 245 (비산동),지정,05,3,1000,01,"신라때 원효대사가 창건하고 미륵부처를 조성후 망해암이라 하였으며, 조선태종7년(1407년)에 중수되었고 순조3년 홍대비의 중수와 철종14년에 대연화상이 다시 중수를 하였다.
전설에 세종때 인천 앞바다 팔미도 부근서 배가 뒤짚힐 지경에 배를 안정시킨 스님이 망해암 
부처님이라 하여 대왕께서 매년 한섬씩의 공양미를 보냈다고 한다.",대한불교조계종망해암,0314435559,,,경기도 안양시 동안구 비산동 산 19 ,N,,,,2003-03-24 10:59:04
3830000,CDFD1002,1976-07-28,,영업/정상,,,,,,한국불교태고종안양사,I,2025-12-15 16:15:28,경기도 안양시 만안구 예술공원로131번길 103 (석수동),지정,05,4,1000,01,"안양사는 고려 태조 왕건이 900년에 능정이란 스님을 만나 세운 사찰이라 전해지며 오늘날
안양시의 지명유래와 관련이 있는 것으로 보인다. 신증동국여지승람에는 최영 장군이 7층
전탑을 세우고 조선 태종 11년에 태종께서 온양에 온천욕을 가던중 들렸다라고 기록되어 있으며
현재의 대부분 건물은 1960년 이후 신축 중수한 것이다.",한국불교태고종안양사,0314714193,,,경기도 안양시 만안구 석수동 산 27 ,N,,,,2003-03-24 15:24:15
3830000,CDFD1001,1988-07-27,,영업/정상,,,,,,대한불교조계종삼막사,I,2025-12-15 16:15:28,경기도 안양시 만안구 삼막로 478  (석수동),지정,05,6,3000,01,"1300여년전인 신리문무왕 17년에 의상,원효,윤필 등 3성인이 지은 암자가 삼막사의 근본이며,
이후 도선국사가 관음사로 부르다가 삼막사로 바뀌었다. 고려 충무왕 4년 나옹대사와 인도승려 
지공이 이곳으로 와 선풍이 일었으며 조선태종 7년 대중창을 하였다. 선조 25년인 1592년 왜구가 침범, 불을 질렀으나 법당이 타지않아 왜구가 참회하고 떠났으며 이후 도장을 일신하였는데
1990년 대웅전 화재로 문화재 2점이 소실되었다.",대한불교조계종삼막사,0314715978,,,경기도 안양시 만안구 석수동 241-54 ,N,,,,2003-03-14 15:50:05
3830000,CDFD1,1976-07-28,,영업/정상,,,,,,한국불교태고종안양사,I,2025-12-15 16:15:28,경기도 안양시 만안구 예술공원로131번길 103 (석수동),,BBBB,,,01,,한국불교태고종안양사,0314714193,,,경기도 안양시 만안구 석수동 28 ,,,,,2013-12-26 16:57:51
3830000,CDFD1004,2003-03-24,,영업/정상,,,,,,대한불교조계종염불사,I,2025-12-15 16:15:28,경기도 안양시 만안구 예술공원로245번길 150  (석수동),지정,05,2,2000,01,"염불암은 고려태조 왕건이 고려를 세우고 926년 남쪽을 치기 위해 지나던중 능정대사를 만나
절을 지어드리고 안흥사(安興寺)라 칭하였으며 어느 시기엔가 염불암으로 바뀌었다. 
조선 태종7년 관악산의 산천기맥이 한양의 백호라하여 사찰중건시 염불암도 중창이 됐으며 
철종때 도인스님이 칠성각을 지은후 1904년 중수와 1968년에는 5년의 불사끝에 미륵불을 
완공하였다.",대한불교조계종염불사,0314719330,,,경기도 안양시 만안구 석수동 산 17 ,N,,,,2003-03-24 13:52:00
3860000,CDFD1001,2005-01-24,,영업/정상,,,,,14646,석왕사,I,2025-12-15 16:15:28,경기도 부천시 원미구 소사로 367 (원미동),지정,05,7,15000,01,"조선시대 말 몇몇 스님들이 탄압을 피해 토굴을 파고 불당을 지어 기도 드리던 곳으로 1920년대 기와장과 불상이 발견되면서 절을 지었으며, 1976년 고산 대화상(현 쌍계총림 방장)이 주위의 땅을 매입하여 중창",석왕사,,181686.641114742    ,443213.854736827    ,경기도 부천시 원미구 원미동 산 29-30 ,N,,,,2016-12-18 14:49:15
3910000,CDFD1004,2003-03-18,,영업/정상,,,,,,자비사,I,2025-12-15 16:15:28,,지정,05,1,400,01,"자비사는 구전에 의하면 약 1,600여년 전 중국의 고승 명장이 타고 있던 배가 서해안에 도착하게 되었다. 그런데 돌아가지 못하게 되자 고향이 바라보이는 이곳에 절을 지어 고향을 그리는 마음을 담아 望漢寺라 했다고 한다. 그후 언제인가   폐사가 되었는데 마을사람들이 이러한 뜻을 기리기 위해 다시 절을 세우고는 고을 수령에게 이름을 지어달라 하자 望漢寺의 望자와 漢자이 위치를 바꾸어 漢望        寺라 했다가 慈悲寺로 부르게 되었다 한다.",자비사,,205855.22436291     ,384879.960369142    ,경기도 평택시 팽성읍 객사리 75 ,N,,,,2010-10-18 13:31:51
3910000,CDFD1007,2004-02-21,,영업/정상,,,,,,서천사,I,2025-12-15 16:15:28,,지정,05,1,400,01,"서천사 소장 석조여래좌상은 정확한 연대를 알 수 없지만, 세부 조각과 의습표현 등에 있어 정확하게 표현되고 있어 문화재  보존가치가 있으므로 문화재자료로 지정",서천사,0316638250,203861.321087675    ,390445.373161614    ,경기도 평택시 고덕면 방축리 103-1 ,N,,,,2010-10-18 13:19:08
3910000,CDFD1006,2003-05-02,,영업/정상,,,,,,만기사,I,2025-12-15 16:15:28,,지정,05,0,1500,01,거려 태조25년(924년)에 남대사가 창건한 만기사에 모셔진 철조여래좌상은 고려시대 불상의 특징을 잘보여주고 있는 철불상의 하나임.,만기사,,208894.530068788    ,400703.800514665    ,경기도 평택시 진위면 동천리 548 ,N,,,,2010-10-18 13:12:22
3910000,CDFD1001,2003-03-18,,영업/정상,,,,,,약사사,I,2025-12-15 16:15:28,,지정,05,2,300,01,"약사사는 신라 문성왕 4년(842년) 또는 864년에 염거화상이 운악산에서 안거 중 꿈을 꾸시고 비파산 제일 명소에 약사사를 창건하였다고 전한다.  그런데 약사사의 앞 계곡은 절 앞 골, 뒤는 절 뒤 골이라는 지명으로 불리는 것을 보면 정확한 창건연대는 알 수 없어도 이 절이 상당히 유서 깊은 곳이었음을 짐작할 수 있다.",약사사,,194162.477870703    ,389640.8588264      ,경기도 평택시 안중읍 용성리 378 ,N,,,,2010-10-18 13:48:08
3910000,CDFD1002,2003-03-18,,영업/정상,,,,,,수도사,I,2025-12-15 16:15:28,,지정,05,1,800,01,"수도사는 신라 원효대사의 5대 성지 가운데 하나로 전해지기도 하며, 신라 원성왕 14년(798)에 염거화상이 창건하였다는 설이 있으나 확실하지 않으며, 임진왜란 때 불에 타서 그후에 건립하였다고 한다. 다만 절 주위에 흩어져 있는 석탑  부재와 뒤편의 거목 느티나무로 보아 고찰이었을 것으로 추측이 된다",수도사,,,,경기도 평택시 포승읍 원정리 산 119-1 ,N,,,,2010-10-18 13:36:44
3910000,CDFD1003,2003-03-18,,영업/정상,,,,,,심복사,I,2025-12-15 16:15:28,,지정,05,2,2000,01,불상은 고려 말에 파주군 문산포에 살던 천노인이 덕목리 앞바다에서 건져 올린 것이라고 전한다. 불상 모실 곳을 찾아 옮기던 중 고등산에 있는 지금의 심복사 자리에 이르자 갑자기 무거워 졌으므로 여기에 모시게 되었다고 한다. 안정되고 단정한 모습에 전체적인 조형이 도식화된 것으로 보아 10세기에 만들어진 것으로 추정되고 있다.,심복사,,193361.401750046    ,380419.111213581    ,경기도 평택시 현덕면 권관리 115 ,N,,,,2010-10-18 13:49:01
3910000,CDFD1005,2003-03-18,,영업/정상,,,,,,보국사,I,2025-12-15 16:15:28,,지정,05,1,400,01,주지 주민등록번호 수정요망,보국사,,201841.720459086    ,397077.659060297    ,경기도 평택시 서탄면 장등리 621 ,N,,,,2010-10-18 13:24:07
3920000,CDFD1001,1988-10-25,,영업/정상,,,,,,자재암,I,2025-12-15 16:15:28,경기도 동두천시 평화로2910번길 140 (상봉암동),지정,05,0,0,01,,자재암,0318654045,207139.456184694    ,493537.856905796    ,경기도 동두천시 상봉암동 산 1 ,N,,,,2022-07-11 20:33:29
3930000,CDFD1001,1988-07-28,,영업/정상,,,,,,쌍계사,I,2026-03-26 22:02:59,경기도 안산시 단원구 대부황금로 1171 (대부북동),지정,05,2,480,01,쌍계사는 경기도 안산시 단원구 대부북동1058번지 대금산 기슭에 위한 대한불교 조계종 직할 사찰로서 1660년경 취촉대사가 이곳을 지나다가 산마루 중턱에서 잠시 휴식을 취하다가 깜빡잠이든 사이에 꿈속에서 5마리의 용이 승천하는 꿈을 꾸고 깨어나 일어나 이사하게 생각되어 그자리를 파헤쳐본 결과 용바위 밑에서 맑은 물이 솟아나와 부처님의 가르침이라 여겨 이자리에 불사를 일으켜 암자를 창건 정수암이라 일컬었다가 1689년 죽헌스님에 의하여 중창건된 사찰이다.,쌍계사,0328862110,162570.348694539    ,418002.232309643    ,경기도 안산시 단원구 대부북동 1058 ,N,,,,2014-10-27 14:39:07
3930000,CDFD1002,1988-10-25,,영업/정상,,,,,,화림선원,I,2026-03-26 22:02:59,경기도 안산시 상록구 도매시장로 140 (일동),지정,05,2,1000,01,고려시대때 건립되었으나 소실되고 1972년 9월에 대웅전 재건립시에 장래의 미륵부처가 출현하는 곳을 화림동산이라 하여 그뜻을 새기고자 약수암에서 화림선원으로 개명하게 되었음.,화림선원,0314192335,188054.815075132    ,424034.620169626    ,경기도 안산시 상록구 일동 726 ,N,,,,2014-10-27 14:39:48
3940000,CDFD1004,1988-07-28,,영업/정상,,,,,,무량사,I,2026-05-10 21:06:56,,지정,05,0,0,01,,무량사,023857777,,,경기도 고양시 덕양구 북한동 464-1 ,N,,,,2003-03-14 16:30:53
3940000,CDFD1006,2003-01-25,,영업/정상,,,,,,국녕사,I,2026-05-10 21:06:56,경기도 고양시 덕양구 대서문길 268  (북한동),지정,05,0,0,01,,국녕사,023870743,196636.240752914    ,460507.416533399    ,경기도 고양시 덕양구 북한동 416-8 ,N,,,,2003-03-14 16:40:11
3940000,CDFD1005,2001-01-17,,영업/정상,,,,,,노적사,I,2026-05-10 21:06:56,경기도 고양시 덕양구 대서문길 311-35  (북한동),지정,05,0,0,01,,노적사,023535016,197560.370528526    ,460800.405414299    ,경기도 고양시 덕양구 북한동 331 ,N,,,,2003-03-14 16:33:56
3940000,CDFD1003,1967-07-03,,영업/정상,,,,,,상운사,I,2026-05-10 21:06:56,경기도 고양시 덕양구 대서문길 406  (북한동),지정,05,0,0,01,,상운사,023814731,198013.053104331    ,460352.170764926    ,경기도 고양시 덕양구 북한동 15 ,N,,,,2003-03-14 16:24:22
3940000,CDFD1002,1988-07-28,,영업/정상,,,,,,태고사,I,2026-05-10 21:06:55,경기도 고양시 덕양구 대서문길 406  (북한동),지정,05,0,0,01,"<소장문화재>
원증국사탑 (보물 749호)
원증국사탑비 (보물 611호)
",태고사,,198013.053104331    ,460352.170764926    ,경기도 고양시 덕양구 북한동 15 ,N,,,,2003-03-14 16:25:43
3940000,CDFD1001,1966-04-12,,영업/정상,,,,,,흥국사,I,2026-05-10 21:06:55,경기도 고양시 덕양구 흥국사길 82  (지축동),지정,05,0,0,01,"소장문화재 
약사전(도문자57호)
극락구품도(오유형143호)",흥국사,023817970,194625.229443062    ,462369.735017366    ,경기도 고양시 덕양구 지축동 203 ,N,,,,2003-03-14 16:11:07
3970000,CDFD1001,2003-04-08,,영업/정상,,,,,,연주암,I,2025-12-15 16:15:28,,지정,05,10,10000,01,,연주암,025023234,,,경기도 과천시 중앙동 산 85-1 ,N,,,,2003-04-08 10:17:02
3970000,CDFD1002,2003-06-05,,영업/정상,,,,,,보광사,I,2025-12-15 16:15:28,경기도 과천시 교육원로 41 (갈현동),지정,05,0,0,01,,보광사,,198607.612935746    ,435611.008242439    ,경기도 과천시 갈현동 산 126-21 ,N,,,,2011-10-30 13:58:44
3990000,CDFD1002,1970-04-07,,영업/정상,,,,,,흥국사,I,2025-12-15 16:15:28,,지정,05,3,200,01,"599년(진평왕 21년)원광법사가 창건하여 수락사라고 했으나 1568년(선조 원년)에 아버지인 덕흥
대원군의 원당을 짓고 편액을 하사해 흥덕사로 개칭하였다가 그뒤 1626년(인조4)에 다시 흥국사
로 고치게 하여 조선중기 이후 왕실의 원당으로서 더욱 발전함.",흥국사,0315278010,,,경기도 남양주시 별내면 덕송리 331 ,N,,,,2006-11-02 17:08:51
3990000,CDFD1003,1962-12-26,,영업/정상,,,,,,봉영사,I,2025-12-15 16:15:28,경기도 남양주시 진접읍 내각2로 84-77,승인,07,3,800,01,봉영사는 진접읍 천점산에 있는 사찰로 599년(신라 진평왕21)에 창건하고 봉인암이라고 불렀으나 1755년(영조21)묘역을 순강으로 꾸미면서 절 이름도 봉영사로 바꾸었다.,봉영사,0315710555,214000.440748658    ,467805.455855134    ,경기도 남양주시 진접읍 내각리 148 ,N,,,,2011-07-21 11:34:44
3990000,CDFD1011,2006-11-02,,영업/정상,,,,,,천보사,I,2025-12-15 16:15:28,경기도 남양주시 별내면 불암산로97번길 32-200,지정,05,5,1700,01,6백여년전 태고보우스님이 창건하였으며 창건에 관한 기록은 문종실록에 불암산을 천보사인근의 산이라 칭하고 있어 1451(문종1)에 천보사가 있었음을 알 수 있다.,천보사,,,,경기도 남양주시 별내면 화접리 797-1 ,N,,,,2011-10-30 13:26:39
3990000,CDFD1008,1962-12-26,,영업/정상,,,,,,묘적사,I,2025-12-15 16:15:28,,지정,05,3,1000,01,"신라 문무왕(661~680)때 원효대사가 창건하였고, 유물로는 향토유적 제1호(1986.4.10)로 지정된
팔각칠층석탑이 유명하다.",묘적사,0315760784,223014.414349609    ,457943.754765097    ,경기도 남양주시 와부읍 월문리 222 ,N,,,,2006-11-02 17:31:21
3990000,CDFD1010,2006-11-02,,영업/정상,,,,,,석천암,I,2025-12-15 16:15:28,경기도 남양주시 별내면 불암산로 175,지정,05,2,100,01,신라 흥덕왕때 지증국사가 창건하였다고 하며 그후 1956년 주지 창근스님이 요사채를 중수하였고 1960년에는 법당을 세웠다.,석천암,0315278988,208429.287947919    ,461959.379843218    ,경기도 남양주시 별내면 화접리 산 97 ,N,,,,2011-10-30 13:27:44
3990000,CDFD1007,1962-12-26,,영업/정상,,,,,,견성암,I,2025-12-15 16:15:28,경기도 남양주시 진건읍 진건오남로390번길 284,지정,05,3,900,01,"고려 개국 공신인 풍양 조씨의 시조인 조맹이 은거하면서 수양하던 중 약사여래를 친견하였다.
하여 그 후손들이 선조의 유적을 추모하기 위해 고려중엽에 절을 창건하여 견성암이라 이름을
붙인 곳이다.",견성암,,219432.166156338    ,463700.124518186    ,경기도 남양주시 진건읍 송능리 3 ,N,,,,2006-11-02 17:27:51
3990000,CDFD1006,1988-10-25,,영업/정상,,,,,,보광사,I,2025-12-15 16:15:28,,지정,05,5,500,01,"보광사는 949년(정종4)에 혜거국사가 창건하였으며, 이후 영의정을 지냈던 이유원이 화담선사를위해 절을 중건하고 자신의 원찰로 삼았다고 한다.",보광사,0315941316,225483.961486521    ,465433.764417286    ,경기도 남양주시 화도읍 가곡리 419 ,N,,,,2006-11-02 17:20:02
3990000,CDFD1005,1963-01-19,,영업/정상,,,,,,수종사,I,2025-12-15 16:15:28,경기도 남양주시 조안면 북한강로433번길 186,지정,05,3,300,01,"수종사는 1460년(세조6)에 창건된 것으로 전해지고 있으며 그후 조선 후기에 고종이 중수하고 1974년 중건된 것으로 현재에 이르고 있다. 도유형문화재 22호 수종사5층석탑과 도유형문화재
157호 수종사부도가 있다",수종사,0315768411,226628.139625632    ,452061.668833225    ,경기도 남양주시 조안면 송촌리 1060 ,N,,,,2006-11-02 17:15:50
3990000,CDFD1001,1962-10-04,,영업/정상,,,,,,봉선사,I,2025-12-15 16:15:28,경기도 남양주시 진접읍 봉선사길 32,지정,05,25,2500,01,조선 오명산의 하나로 손꼽히는 운악산에 위하는 봉선사는 고려제4대 광종20년(969) 법인국사에 의해 개산되었으나 당시에는 운학사라 칭하였다,봉선사,0315275974,216147.767375913    ,471640.377309754    ,경기도 남양주시 진접읍 부평리 255 ,N,,,,2012-02-13 10:12:38
3990000,CDFD1009,1962-12-26,,영업/정상,,,,,,불암사,I,2025-12-15 16:15:28,,지정,05,6,3000,01,신라의 헌덕왕때(서기824년)지증국사가 창건하고 도선국사와 무학대사가 중창한 절이다. 유형문화재 제53호로 지정된 불암사경판이 있다.,불암사,0315278346,,,경기도 남양주시 별내면 화접리 797 ,N,,,,2006-11-02 17:34:38
3990000,CDFD1004,1962-12-26,,영업/정상,,,,,,내원암,I,2025-12-15 16:15:28,경기도 남양주시 별내면 순화궁로909번길 104,지정,05,5,300,01,"내원암은 신라때 창건되었다고 전하고 있으며 조선 후기부터 사찰의 면모를 갖춰 1794년(정조18)봄 정초가 친히 광응전이라고 명하였다. 유형문화재 제197호(2004.11.29)로 지정된 내원암 쾌불은 1885년에 조성된 것으로 구도는 대담하고 간략하며 크게 마름모꼴을 이루는
특이한 인물 배치를 보이고 있는 괘불이다.",내원암,0318418794,207655.433480878    ,466448.552325628    ,경기도 남양주시 별내면 청학리 578 ,N,,,,2006-11-02 17:13:33
4020000,CDFD1001,1988-10-25,,영업/정상,,,,,,수리사,I,2025-12-15 16:15:28,경기도 군포시 속달로 347-181 (속달동),지정,05,2,2100,01,"신라 진흥왕(540-576)때 창건되어 왕손인 운산대사가 ""夢佛受記(몽불수기)"" 부처님을
친견하고 당래에 반드시 부처가 된다는 記別(기별)을 받아 見佛山(견불산) 修理寺라 이름하였다.",수리사,0314381823,190787.984671568    ,428017.685146918    ,경기도 군포시 속달동 329 ,N,,,,2014-04-15 09:46:38
4030000,CDFD1001,1983-09-19,,영업/정상,,,,,,청계사,I,2026-03-26 22:01:55,경기도 의왕시 청계로 475 (청계동),지정,05,0,0,01,"신라시대창건고려충열왕10년(1284)시중 조인규에 의해 중건/사원규모와배치는 조선시대전형
조선연산군이도성내 사찰을 없애고자하자 불교측에서 이곳을 선종의본산으로 정하였다.
조선숙종15년(1689)에 세운 '청계사사적기비'가 있고, 조선후기 건축물인 극락보전이 있다.
극락보전 중앙엔 아미타여래좌상이 봉안되어 있고,좌우에 관음보살상과 대세지보살이 협대하고 있다. 그외 산신각,요사,삼성당,감로지등이 있다.",청계사,,203035.821822053    ,434412.389425017    ,경기도 의왕시 청계동 11 ,N,,,,2011-10-30 13:59:07
4030000,CDFD1002,1988-07-27,,영업/정상,,,,,,백운사,I,2026-03-26 22:01:55,경기도 의왕시 왕곡로 323 (왕곡동),지정,05,0,0,01,"원래 19세기말 창건되었다고 하며, 현재의 위치보다 31킬로미터 올라간지점에 있었으나 고종 31년(1894)산불로 소실되어 현재의 자리로 옮겨 새로지었다.대표적인 스님으로는 경흔,금오스님이 계시고, 1097년 정화스님이 주석하면서 법당을 확장하고 요사를 증축하여 오늘에 이르고 있다.",백운사,,200520.344569102    ,426960.303516804    ,경기도 의왕시 왕곡동 산 4-1 ,N,,,,2011-10-30 13:57:46
4040000,CDFD1001,2005-01-24,,영업/정상,,,,,,선법사,I,2025-12-15 16:15:28,경기도 하남시 서하남로588번길 125 (교산동),지정,05,2,500,01,"선법사는 객산폭포와 약수터가 있고 뒤쪽에 객산이 있어 자연과 사찰이 어우러져 주변 경관이
수려하여 많은 등산객뿐만 아니라 신선하고 좋은 물을 가지려 끊임없이 사람들이 드나드는 곳
이다. 
또한 약수터 옆에 보물 제981호로 지정된 태평2년명마애약사불좌상이 있어 시민들에게 전통
사찰과 문화재를 동시에 관람할 수 있는 일거양득의 장소이다.",선법사,0317922654,218374.88593949     ,446230.571303611    ,경기도 하남시 교산동 55-1 ,N,,,,2020-12-28 15:37:10
4050000,CDFD1001,2003-03-16,,영업/정상,,,,,,백련암,I,2026-03-10 22:03:44,경기도 용인시 처인구 포곡읍 에버랜드로456번길 290,지정,05,1,150,01,,백련암,0313386640,216310.467771173    ,422892.03994968     ,경기도 용인시 처인구 포곡읍 가실리 산 14-2 ,N,,,,2011-10-30 14:34:14
4050000,CDFD1002,1988-07-28,,영업/정상,,,,,,용덕사,I,2026-03-10 22:03:46,,지정,05,1,500,01,,용덕사,0313320426,,,경기도 용인시 처인구 이동읍 묵리 산 57 ,N,,,,2011-10-30 14:38:05
4050000,CDFD1004,1990-04-21,,영업/정상,,,,,,동도사,I,2026-03-10 22:03:49,경기도 용인시 처인구 이동읍 어진로 842,지정,05,1,1000,01,,동도사,0313337417,217549.869717412    ,400715.55468849     ,경기도 용인시 처인구 이동읍 어비리 807-9 ,N,,,,2011-10-30 13:38:41
4050000,CDFD1003,1988-07-28,,영업/정상,,,,,,동도사,I,2026-03-10 22:03:47,,지정,05,0,0,01,,동도사,0313337747,,,경기도 용인시 처인구 이동읍 어비리 산 99 ,N,,,,2003-03-16 12:07:35
4060000,CDFD1001,1988-07-27,,영업/정상,,,,,,금단사,I,2025-12-15 16:15:28,,지정,05,1,50,01,"금단사는 검단사라고도 하며 탄현면 성동리의 한강과 임진강이 합류하는 부근의 검단산 산허리에 위치한다. 이 절은 신라때 검단조사가 창건했다고 전해지며, 실제로 조선후기에 그려진 검단조사영정 1폭이 전해지고 있어 검단조사와 깊은 관련이 있는 것으로 보인다. 검단조사의 생존연대는 불명확하지만 신라때에 고승이었다고 전해지며 전국 각지에 검단조사와 관련된 창건설을 가진 사찰이 분포하고 있어 주목된다. 혀재 원사지로 생각되는 대지 중심지에는 별다른 건물이 없고 대지 오른쪽에 치우쳐 지금의 사찰이 겨우 잔존하고 있는데 법당인 법화전과 요사채가 남아있다. 법화전은 새로 수리된 부분이 많이 있으나 대체로 조선후기 건축양식을 보이고 있으며, 이절의 유일한 법당으로 사용되고 있는 건물이다. 건물 안에는 불단이 있으며, 불단 위에는 작은 불상이 그 뒤로는 후불정화가 봉안되어 있고 벽면에는 검단조사영정도 걸려 있다. 검단조사영정은 이 절을 창건했다고 알려진검단조사의 영정으로 화면 왼쪽 상단에 검단조사라는 화기가 있다.",금단사,,,,경기도 파주시 탄현면 성동리 산 78-1 ,N,,,,2003-04-16 19:36:29
4060000,CDFD1003,1988-10-25,,영업/정상,,,,,,용암사,I,2025-12-15 16:15:28,,지정,05,0,0,01,"용암사는 장지산에 위치한다. 이곳에 가람이 형성된 연대는 알 수 없고 다만 보물 제93호로 지정된 용미리석불입상이 11세기 말의 것으로 추정되고 있어 이 시기부터 사찰이 있었으리라 여겨지나 그에 관한 기록이나 유구 및 유물은 남아있지 않다. 가람의 오른쪽으로 대웅전이 비교적 넓은 터에 남향해 있었으나, `97년도 방화로 추정되는 화재가 발생하여 현재는 재건되고 있다. 
 석불이 있는 기슭으로 미륵전이 있으며 대웅전 앞에는 봉덕사종을 본딴 범종(높이 187m, 종구 115㎝)을 안치한 범종각이 위치해 있다.",용암사,,,,경기도 파주시 광탄면 용미리 산 11 ,N,,,,2003-04-16 19:52:06
4060000,CDFD1002,1988-07-28,,영업/정상,,,,,,보광사,I,2025-12-15 16:15:28,경기도 파주시 광탄면 보광로474번길 87,지정,05,0,0,01,"보광사는 고령산 자락에 위치하고 있는 전통사찰 중에 하나로 신라 진성여왕 8년(894) 왕명에 의해 도선이 창건한 후 고려 고종 2년(1215) 원진이 중창하였고 우왕 14년(1388) 무학이 삼창하였다. 조선 선조때 임진왜란(1592)으로 소실되어 현종 8년(1667) 지간, 석련 두 대사가 사창하였고 영조 16년(1740)에는 중수하여 인근에 있는 영조의 생모 숙빈최씨 묘소인 소령원의 기복사로 삼았었다. 보광사 입구에 있는 범종은 인조 9년(1631)에 도원이 범종을 만들기 위하여 모연을 시작하였는데 3년동안 청동 80근을 모은 뒤 죽게되자 신관이 그 뒤를 이어 1634년에 300근의 범종을 완성하였다. 
대웅보존은 다포계 양식의 팔작지붕이다. 기둥위에는 안초공을 두어 창방머리를 감싸고 있으며내외 삼출목의 공포를 두었으며 외부로 나온 쇠서는 연꽃과 연봉을 초각하였고 내부에는 운궁형으로 조각하여 매우 화려하게 장식하였으며 단청도 잘 남아있다.",보광사,,192858.503406053    ,472279.458692551    ,경기도 파주시 광탄면 영장리 13 ,N,,,,2003-04-16 19:44:19
4060000,CDFD1004,1988-07-27,,영업/정상,,,,,,용상사,I,2025-12-15 16:15:28,경기도 파주시 월롱면 용상골길 403,지정,05,0,0,01,"용상사는 월롱산 사면 중턱에 위치하낟. 성종 12년(993), 현종 1년(1010)에 이어 1018년에 소배압이 거느린 10만의 거란군이 개성까지 쳐들어오게 되자 현종은 민복차림으로 이곳 우러롱산까지 피신하게 되었고 다행히 강감찬이 귀주에서 승리하면서 나라안이 평정되자 현종은 이를 기념하기 위하여 절을 짓게 하고 임금이 머물렀다는 뜻으로 용상사라 이름하였다고 한다. 그 뒤 덕은화주가 세종 27년(1445)에 사찰을 중건하였으며 이때 소불석상을 조성해 봉안하였다.
 임진왜란때는 승병의 도량이 되었는데 왜군의 시체가 근처 골짜기에 가득하여 한때는 무덤골이라 불리기도 했다고 한며 용상사고지를 현 행정구역명을 따라 덕은리사지라 부르기도 한다. 
 현재의 용상사는 옛터에서 약간 아래쪽에 터를 닦아 해방전에 중건되었고, 벽장굴에 있던 석불을 대웅전에 모시게 되었다. 1967년에 대웅전을 다시 개축하면서 서쪽에 삼성각을 신축하여 오늘에 이르고 있는데 소속은 대한불교 일승종이다.",용상사,,179367.207915149    ,477324.266599536    ,경기도 파주시 월롱면 덕은리 산 137-1 ,N,,,,2003-04-16 20:02:14
4070000,CDFD1001,1988-07-28,,영업/정상,,,,,,영월암,I,2026-03-10 22:02:15,,승인,07,0,0,01,,영월암,,236781.836941127    ,420024.85810267     ,경기도 이천시 관고동 438 ,N,,,,2023-02-22 13:43:52
4070000,CDFD1004,1988-07-28,,영업/정상,,,,,,연화정사,U,2026-07-02 21:36:40,경기도 이천시 설성면 자석로14번길 157,지정,05,1,350,01,소장문화재 자석리 미륵불상(경기도 문화재자료 제41호),연화정사,,249612.122529775    ,407078.503368832    ,경기도 이천시 설성면 자석리 산 51 ,N,,,,2026-07-01 15:08:14
4070000,CDFD1003,1988-07-28,,영업/정상,,,,,,영원사,I,2026-03-10 22:02:18,,승인,07,0,0,01,소장문화재 영원사약사여래좌상(향토유적12호),영원사,,,,경기도 이천시 백사면 송말리 436 ,N,,,,2024-01-03 12:10:29
4070000,CDFD1002,1988-07-28,,영업/정상,,,,,,신흥사,I,2026-03-10 22:02:16,,지정,05,0,0,01,연대미상,신흥사,,,,경기도 이천시 장호원읍 선읍리 산 391 ,N,,,,2003-04-28 09:29:27
4080000,CDFD1001,1962-10-04,,영업/정상,,,,,,석남사,I,2025-12-15 16:15:28,경기도 안성시 금광면 배티로 193-218,지정,05,0,0,01,금광면 서운산쪽 기슭에 위치하고 있으며 신라 문무왕 20년에 담화법사가 창건한 고찰임,석남사,,227277.966489833    ,382063.595281895    ,경기도 안성시 금광면 상중리 508 ,N,,,,2011-10-30 15:12:16
4080000,CDFD1002,1969-12-03,,영업/정상,,,,,,청룡사,I,2025-12-15 16:15:28,경기도 안성시 서운면 청룡길 140,지정,05,0,0,01,서운면 서운산 동남단에 위치하고 있으며 고려말 나옹화상이 불법을 일으킬 가람터를 찾아다니던 중 이곳에 확정하고 고려 24대 원종때 명본국사가 창건한 사찰임,청룡사,,225671.727313218    ,379162.622970944    ,경기도 안성시 서운면 청용리 28 ,N,,,,2011-10-30 15:10:54
4080000,CDFD1003,1969-07-25,,영업/정상,,,,,,용화사,I,2025-12-15 16:15:28,경기도 안성시 미양면 법전길 260-31,지정,05,0,0,01,"지소현이 불학수학후 1902년 창건한 사찰이며, 현위치에서 용이 하늘로 승천하는 꿈을 꾸었다하여 용화사라 명함",용화사,0316728248,218488.016900369    ,382715.254173688    ,경기도 안성시 미양면 법전리 181 ,N,,,,2011-10-30 15:10:12
4080000,CDFD1004,1969-08-26,,영업/정상,,,,,,운수암,I,2025-12-15 16:15:28,경기도 안성시 양성면 성하길 80-63,지정,05,0,0,01,이 사찰은 무량성안에 위치하고 있으며 독실한 장씨보살이 영조때인 1750년에 창건한 사찰임,운수암,,215030.32874087     ,392763.684411482    ,경기도 안성시 양성면 방신리 85 ,N,,,,2011-10-30 15:09:37
4080000,CDFD1005,1962-10-30,,영업/정상,,,,,,청원사,I,2025-12-15 16:15:28,경기도 안성시 원곡면 통심길 16-102,지정,05,0,0,01,사지에 삼국시대 창건으로 되었을 뿐 년대가 확인되지 않으며 유물 유적은 고려시대 이후의 것으로 전함,청원사,,215391.167004479    ,396644.341370341    ,경기도 안성시 원곡면 성은리 397 ,N,,,,2011-10-30 15:08:56
4080000,CDFD1006,1962-12-13,,영업/정상,,,,,,칠장사,I,2025-12-15 16:15:28,경기도 안성시 죽산면 칠장로 399-18,지정,05,0,0,01,"칠현산 기슭에 있는 사찰로서 신라 삼국통일전 7C 중엽 자장율사에 의해 창건하고, 그 후 쇠퇴일로에 있었던 것을 고려 현종 5년 혜소국사가 대중수하여 오늘에 이르고 있음",칠장사,,235319.653516051    ,391709.684048394    ,경기도 안성시 죽산면 칠장리 764 ,N,,,,2011-10-30 15:07:53
4090000,CDFD1003,1988-10-25,,영업/정상,,,,,,광은사,I,2025-12-15 16:15:28,,지정,05,0,0,01,,광은사,0319872796,,,경기도 김포시 대곶면 약암리 108-3 ,N,,,,2003-03-14 13:12:57
4090000,CDFD1002,1962-09-27,,영업/정상,,,,,,금정사,I,2025-12-15 16:15:28,,지정,05,3,145,01,,금정사,0319843235,,,경기도 김포시 풍무동 산 669 ,N,,,,2003-03-13 10:26:41
4090000,CDFD1001,1962-10-30,,영업/정상,,,,,,용화사,I,2025-12-15 16:15:28,경기도 김포시 금포로 1487-5 (운양동),지정,05,2,200,01,,용화사,0319843234,171306.928043428    ,462494.531909407    ,경기도 김포시 운양동 831 ,N,,,,2011-10-30 15:03:40
4090000,CDFD1004,1970-05-27,,영업/정상,,,,,,문수사,I,2025-12-15 16:15:28,,지정,05,2,50,01,,문수사,0319871733,,,경기도 김포시 월곶면 성동리 산 37 ,N,,,,2003-06-12 16:48:33
4160000,CDFD1001,1988-07-28,,영업/정상,,,,,,현등사,I,2025-12-15 16:15:28,경기도 가평군 하면 현등사길 34,지정,05,4,400,01,"신라 제23대 법흥왕(재위514-539)때인도에서온 마라아미 스님을 위하여 창건.그후 수백년동안 폐허로 버려져오다가 고려 제21대 희종(재위1204-1211)때 보조국사 지각이 절을 중건하고 현등사라함. 그 뒤 조선 태종11년4월 함허대사가 중수했고 순조 29년(1829)화재를 맞아 건물이 전소된것을 이듬해 최윤,원빈 스님이 보광전,극락전,요사체등 건물을 중수하였다. 1984년 충현스님이 극락전,보광전 등을 개축하여 오늘에 이르렀다.현재 현등사는 남양주 봉선사의 말사로 되어 있다.",현등사,0315850707,229042.677058658    ,485387.298191831    ,경기도 가평군 하면 하판리 산 163 ,N,,,,2014-12-12 15:38:45
4160000,CDFD1002,2017-01-09,,영업/정상,,,,,12405,대원사,I,2025-12-15 16:15:28,경기도 가평군 북면 백둔로 21-123,지정,05,1,5480,01,"？1969년 창건
？1990년 보인스님 중건
？2006년 도일스님 중건
？2015년 템플스테이운영사찰지정",대원사,0315820477,244332.250844414    ,487793.628397637    ,경기도 가평군 북면 백둔리 산 192 ,N,,,,2017-08-31 16:13:14
4170000,CDFD1001,1976-02-18,,영업/정상,,,,,,용문사,I,2025-12-15 16:15:28,,지정,05,0,0,01,,용문사,,250366.387559719    ,449925.053981827    ,경기도 양평군 용문면 신점리 625 ,N,,,,2003-04-28 16:10:53
4170000,CDFD1002,1974-10-15,,영업/정상,,,,,,상원사,I,2025-12-15 16:15:28,,지정,05,0,0,01,,상원사,,248871.789258832    ,449757.810518339    ,경기도 양평군 용문면 연수리 산 73 ,N,,,,2003-04-28 16:26:42
4170000,CDFD1003,2003-04-28,,영업/정상,,,,,,사나사,I,2025-12-15 16:15:28,,지정,05,0,0,01,,사나사,,,,경기도 양평군 옥천면 용천리 304 ,N,,,,2003-04-28 16:44:53
4170000,CDFD1004,2003-04-28,,영업/정상,,,,,,미륵정사,I,2025-12-15 16:15:28,,지정,05,0,0,01,,미륵정사,,255216.046673322    ,443007.83446277     ,경기도 양평군 지평면 송현리 산 91 ,N,,,,2003-04-28 16:50:10
4170000,CDFD1005,1988-07-28,,영업/정상,,,,,,상원사,I,2025-12-15 16:15:28,,지정,05,15,800,01,,상원사,,248871.789258832    ,449757.810518339    ,경기도 양평군 용문면 연수리 산 73 ,N,,,,2010-10-28 14:18:27
4181000,CDFD1001,1988-10-21,,영업/정상,,,,,,상원사,I,2025-12-15 16:15:28,강원특별자치도 춘천시 서면 박사로 169-47,지정,05,0,0,01,삼악산에 위치한 사찰로 신라때 창건되었다고 전해지나 1858년도(철종 9년) 금강산에서 온 풍계선사가 중건했다고 함,상원사,0332446753,258874.10120546     ,482272.488224663    ,강원특별자치도 춘천시 서면 덕두원리 54-3 ,N,,,,2010-05-07 09:31:19
4181000,CDFD1003,1988-05-28,,영업/정상,,,,,,청평사,I,2025-12-15 16:15:28,강원특별자치도 춘천시 북산면 오봉산길 810,지정,05,0,0,01,고려 광종 24년 백암선원으로 창건되어 조선 명종(1557) 청평사로 개명,청평사,0332441095,271003.759499395    ,498496.642544476    ,강원특별자치도 춘천시 북산면 청평리 674 ,N,,,,2009-09-22 15:30:20
4191000,CDFD1001,1988-05-28,,영업/정상,,,,,,영천사,I,2025-12-15 16:15:28,강원특별자치도 원주시 치악로 2006-19  (태장동),지정,05,0,0,01,"고려말 나옹화상이 머물렀던 곳으로 나옹화상의 사리탑으로 알려지는 영전사지 보제존자사리탑
(보물 제358호)이 있었으나 1919년 옮겨져 현재 경복궁(국립중앙박물관 뜰)내에 있음",영천사,0337422598,285123.306046539    ,428916.064774946    ,강원특별자치도 원주시 태장동 122-1 ,N,,,,2009-10-09 13:58:44
4191000,CDFD1002,1988-05-28,,영업/정상,,,,,,상원사,I,2025-12-15 16:15:28,강원특별자치도 원주시 신림면 성남로 930,지정,05,2,200,01,신라 문무왕때 의상대사가 창건하고 경순왕때 무학대사가 중창했다고 전함.,상원사,0337631608,293348.283989       ,423252.552976482    ,강원특별자치도 원주시 신림면 성남리 1060 ,N,,,,2009-10-09 13:58:11
4191000,CDFD1003,1988-05-28,,영업/정상,,,,,,입석사,I,2025-12-15 16:15:28,,지정,05,1,300,01,"자세한 창건연대는 알 수 없으나, 신라시대 의상대사가 이곳에 와서 수도(修道) 하였다는  전설이 전해오고 있다. 대웅전을 비롯한 건물은 최근에 신축되었고, 주변에 흩어져 있던 석탑재를 일부 사용하여 복원한 3층 석탑이 있다. 본래 입석사는 입석대(立石臺)로 부터 원주쪽으로 약 1킬로 정도 떨어진 곳에 암자가 있던 것을 뒤에 현재 입석사 옆의 옛터로 옮겼다가 최근에 다시 신축한 것이라고 한다.",입석사,0337310215,,,강원특별자치도 원주시 소초면 흥양리 산 1784 ,N,,,,2009-03-26 13:16:33
4191000,CDFD1004,1988-05-28,,영업/정상,,,,,,구룡사,I,2025-12-15 16:15:28,강원특별자치도 원주시 소초면 구룡사로 500,지정,05,15,50000,01,"신라 문무왕 6년(666년) 의상대사가 창건한 사찰로 대웅전 자리에 9마리의 용이 살고 있는 연못을 메우고 사찰을 창건하여 九龍寺라 하였으나, 조선 중기에 거북바위 설화와 관련하여 현재의 명칭인 구룡사(龜龍寺)로 개칭하였다고 전해진다. 현재는 강희 45년 글자가 새겨진 와당이 출토되어 숙종 32년(1706)에 구룡사가 중건 되었음을 알 수 있다.",구룡사,0337324800,292901.518643279    ,433596.09078137     ,강원특별자치도 원주시 소초면 학곡리 1029 ,N,,,,2009-10-09 13:59:07
4191000,CDFD1005,1988-05-28,,영업/정상,,,,,26455,국형사,I,2025-12-15 16:15:28,강원특별자치도 원주시 고문골길 155 (행구동),지정,05,2,200,01,"신라 경순왕때 무착대사에 의해 창건되어 고문암이라 함. 당시의 유물유적은 남아있지 않다.조선조 태조 때 이 절에 동악단을 쌓아 동악신을 봉안하고 매년 원주,횡성,영월,평창,정선 고을의 수령들이 모여 제향을 올렸다고 한다. 1907년 벽하와 응송이 중창하였으며, 1945년에 자항이, 1974년에는 김용호가 각각 중수하였다고 한다. 봄과 가을에 호국대제를 봉행하는 동악제가 있다.",국형사,0337471815,289746.472267288    ,426281.50502515     ,강원특별자치도 원주시 행구동 98 ,N,,,,2011-10-30 13:42:40
4191000,CDFD1006,1988-05-28,,영업/정상,,,,,,영원사,I,2025-12-15 16:15:28,강원특별자치도 원주시 판부면 영원산성길 685,지정,05,2,300,01,영원사는 신라 문무왕 16년(676)에 의상대사가 창건하였다고 전해지는 절로서 오랫동안 폐사되었다가 1964년 김병준 주지에 의하여 중건되었다.  경내에는 창건 당시의 유물은 없다.,영원사,0337624783,291335.253568379    ,423112.284943662    ,강원특별자치도 원주시 판부면 금대리 1388 ,N,,,,2009-10-09 13:55:49
4191000,CDFD1007,1988-05-28,,영업/정상,,,,,,보문사,I,2025-12-15 16:15:28,,지정,05,1,200,01,"신라 경순왕때 무학대사가 창건했다고 전함. 경내에는 고려말-조선초 때의 것으로 보이는 청석
탑이 있어 고찰의 흔적을 엿볼 수 있음",보문사,0337471525,,,강원특별자치도 원주시 행구동 산 105 ,N,,,,2009-10-09 13:59:48
4201000,CDFD1004,1988-05-28,,영업/정상,,,,,25442,보현사,I,2025-12-15 16:15:28,강원특별자치도 강릉시 성산면 보현길 396,지정,05,0,0,01,"보현사는 신라 진덕여왕 4년 자장율사가 창건한 사찰로 후에 낭원대사에 의해 중창되고 지장선원으로 개칭되었다. 지금의 건물은 조선후기에 세운 건물로 3단의 장대석 기단을 설치하고 규모 정면 3칸, 측면 3칸의 팔작지붕이다. 보현사는 전설에 의하면 문수, 보현 두보살이 석주를 타고 건너와 강릉의 한송사와 보현사를 창건하엿다는 전설에 근거하여 보현사라 칭했다 한다. 보현가 대웅전을 비롯한 건물은 조선초기의 건축양식으로 믿어지며, 영동지역 사찰로는 가장 오래되고 규모도 크다. 2005년 지장선원 신축을 위한 발굴조사가 실시되었으며, 금동제 풍탁을 비롯한 자기류 등이 확인되었다.",보현사,,354914.69403949     ,471860.514716444    ,강원특별자치도 강릉시 성산면 보광리 산 544 ,N,,,,2016-12-05 17:08:39
4201000,CDFD1003,2007-01-05,,영업/정상,,,,,25438,용연사,I,2025-12-15 16:15:28,강원특별자치도 강릉시 사천면 중앙서로 961,지정,05,0,0,01,"용연사는 대한불교 조계종 제4교구 월정사의 末寺로, 1650년 仁祖때 道僧 玉岑이 창건하였다고 전하며, 일설에는 왕침대사가 응봉산 동쪽 용연동 만월산에 창건하였다고 전한다. 1950년 한국전쟁 때 전소되었다가 한 女僧의 盡力으로 중건되었다 한다. 東國與地勝覽과 與地圖書 등 조선시대 문헌에는 기록이 전혀없어 정확한 창건연대와 내력에 대해서는 알 수 없다. 그러나 강릉읍지인 증수임영지 사찰조에는 순치년간(1644)에 승려 옥잠이 처음 이절을 세웠다고 전한다. 또한 용연사 경내의 석탑은 조선시대 조성된 것으로 원래는 2기의 雙塔이었을 것으로 보이나, 허물어져 흩어졌던 部材를 다시 모아 1기의 석탑으로 조립하였으며 문화재자료 제139호로 지정되어 있다.",용연사,,356753.175325385    ,477853.744311757    ,강원특별자치도 강릉시 사천면 사기막리 821 ,N,,,,2016-12-05 16:58:05
4201000,CDFD1006,2007-01-05,,영업/정상,,,,,,낙가사,I,2025-12-15 16:15:28,강원특별자치도 강릉시 강동면 율곡로 1505-16,지정,05,0,0,01,"신라 선덕여왕대 자장율사가 수다사란 이름으로 창건하였으며, 고려초 중창하면서 등명사로 개칭. 낙가사는 등명사의 옛절터에 1950년대 중창한 사찰이다. 등명사의 위치는 동국여지승람에 강릉도호부 동쪽 30리로 전하는 바로는 등명이란 이 절이 강릉부의 등불과 같은 존재이며 또한 書生들이 이곳에서 수학하다 삼경에 산에 올라 불을 밝히고 기도하면 과거급제가 빠르다함에서 연유하였다 한다. 또한 조선 중기에 어떤 왕이 안질이 심해 점술가에 물으니 동해 정동진의 큰 절에서 쌀 씻는 물이 동해로 흘러들어 용왕이 노한 탓이라 하므로 특사를 보내 알아보니 과연 그러한지라 등명사를 폐찰하였다는 전설도 있다.",낙가사,,376529.184204878    ,469679.910913385    ,강원특별자치도 강릉시 강동면 정동진리 산 17 ,N,,,,2016-12-05 16:55:58
4201000,CDFD1007,2007-01-05,,영업/정상,,,,,25622,청학사,I,2025-12-15 16:15:28,강원특별자치도 강릉시 구정면 청파로 176-38,지정,05,3,1500,01,"역사적으로 정확한 문헌적 고증을 할 수 없어 창건연대 및 연원은 알 수 없으나, 1994년 발간된 ""명주군의 역사와 문화유적""에 의하면 청학사 주지스님이 흑암사지에 암자를 지어 수행하던 중 당시 유물인 석불과 석조광배,탑재,금동불상을 발견하여 보관하여 오다 1984년 옛 사찰 자리에 청학사를 건립하여 봉안 보관하고 있는 사찰이라 기술하고 있음",청학사,,365046.654081672    ,467320.729138696    ,강원특별자치도 강릉시 구정면 구정리 29 ,N,,,,2023-07-27 12:13:46
4201000,CDFD1005,1988-05-28,,영업/정상,,,,,25624,법왕사,I,2025-12-15 16:15:28,강원특별자치도 강릉시 구정면 금평로 314-246,지정,05,0,0,01,법왕사는 본래 칠성암으로 산정상에 칠성대가 있어 세인들의 토속신앙인 칠성신앙에서 유래돤 것이다. 1946년 양경운선사가 만법의 왕인 부처님의 정법을 계승하는 수도장이라 하여 법왕사로 개칭하였다.본사는 신라 경덕왕 3년(704) 자장율사가 창건하였으며 범일국사가 삭발염의한 수선도량이다. 조선 고종대 鄭은이 독서재를 짓고 있던 것을 윤운곡선사가 10여칸의 가람을 지어 수도장으로 면모를 갖추었다. 사내에는 1930년 정위교가 게운 필성암기적비와 윤운곡선사비와 팔도도원장겸총섭사이비각이 건립되어 있다.,법왕사,,366865.749074525    ,465238.403467129    ,강원특별자치도 강릉시 구정면 어단리 926 ,N,,,,2011-10-30 14:55:31
4201000,CDFD1002,1988-05-28,,영업/정상,,,,,25530,관음사,I,2025-12-15 16:15:28,강원특별자치도 강릉시 강릉대로210번길 23-9 (임당동),지정,05,0,0,01,"관음사는 조선시대 숭유억불책에 의해 산중에서 명맥을 유지해 오던 불교가 근대화에 의한 도심지로 진출을 모색하면서 창건된 대표적인 사찰 중의 하나이다. 당시 강원도의 3대본산이었던 금강산 유점사, 건봉사와 오대산 월정사의 3대 본사에서 불교연합으로 1923년 강릉불교포교소를 건립 강릉지역의 불교포교와 인재양성을 목적으로 건립되었으며, 아동불교 포교를 위한 금첨유치원도 설립되었다. 현재는 월정사에서 단독으로 운영하고 있다.",관음사,,366844.804464996    ,474333.365789458    ,강원특별자치도 강릉시 임당동 29 ,N,,,,2011-10-30 14:57:17
4211000,CDFD1002,2006-03-30,,영업/정상,,,,,25779,감추사,I,2025-12-15 16:15:28,강원특별자치도 동해시 해안로 120 (용정동),지정,05,0,0,01,,감추사,,388318.302046968    ,447424.962967189    ,강원특별자치도 동해시 용정동 502 ,N,,,,2011-10-30 14:01:58
4211000,CDFD1001,1988-05-28,,영업/정상,,,,,25746,삼화사,I,2025-12-15 16:15:28,강원특별자치도 동해시 삼화로 584 (삼화동),지정,05,0,0,01,.,삼화사,,378122.83907456     ,442061.186874544    ,강원특별자치도 동해시 삼화동 172 ,N,,,,2011-10-30 13:50:15
4221000,CDFD1001,2009-03-18,,영업/정상,,,,,,테스트,I,2025-12-15 16:15:28,강원특별자치도 태백시 계산1길 66  (장성동),지정,05,2,150,01,장명사는 원래 작은 암자로서 지금의 삼성각자리에 있었던 것을 일제시대 조선총독부 산하 삼척탄광개발주식회사(현 대한석탄공사)에서 헐어버리고 1945년 증축과 몇번의 개축으로 지금에 이르고 있다.,테스트,,377568.07335011     ,402884.653357115    ,강원특별자치도 태백시 장성동 228-1 ,N,,,,2009-03-18 11:37:39
4231000,CDFD1002,1988-10-21,,영업/정상,,,,,,계조암,I,2025-12-15 16:15:28,,지정,05,3,2000,01,"신라 진덕여왕 6년(652) 자장율사가 창건했는데 정확히 신흥사보다 먼저 창건
1548년 중건, 고종 27년(1890) 응화스님이 삼성각을 건립하여 현재에 이르고 있음.",계조암,0336367188,327717.243813955    ,521980.193334182    ,강원특별자치도 속초시 설악동 산 40 ,N,,,,2014-12-22 08:45:45
4231000,CDFD1001,1988-05-28,,영업/정상,,,,,,신흥사,I,2025-12-15 16:15:28,강원특별자치도 속초시 설악산로 1137  (설악동),지정,05,8,4000,01,"신라 진덕여왕 6년(652년) 자장율사가 창건
조선인조22년(1644) 영서, 연옥, 혜원스님이 하루저녁 같은 꿈을 동시에 꾼것을 계기로 중창을 시작하여 1647년 완공
1912년 조계종 본산 건봉사의 말사
1971년 조계종 제3교구 본사로 승격",신흥사,0336367044,330016.079736653    ,520253.149761864    ,강원특별자치도 속초시 설악동 170 11통2반 ,N,,,,2012-02-02 17:44:30
4241000,CDFD1001,1982-11-03,,영업/정상,,,,,,영은사,I,2025-12-15 16:15:28,강원특별자치도 삼척시 근덕면 궁촌길 1162,지정,05,5,1500,01,"891년(진성여왕5년)에 창건되었으며, 1585년 (조선 선조 18년)에 사명대사가 현 위치에 이전하여 운망사라 개명했는데 후에 영은사로 다시 개명했다.",영은사,,399997.566403595    ,422503.55486505     ,강원특별자치도 삼척시 근덕면 궁촌리 924 ,N,,,,2013-12-18 11:47:47
4241000,CDFD1004,2003-04-23,,영업/정상,,,,,,삼장사,I,2025-12-15 16:15:28,강원특별자치도 삼척시 죽서루길 61  (성내동),지정,05,0,0,01,신라말 범일국사가 죽서루 동쪽에 창건하여 죽장사라고 했다.,삼장사,,391095.41775993     ,439933.856431589    ,강원특별자치도 삼척시 성내동 8-1 ,N,,,,2013-12-18 11:50:47
4241000,CDFD1002,1988-05-18,,영업/정상,,,,,,신흥사,I,2025-12-15 16:15:28,강원특별자치도 삼척시 근덕면 양리길 220,지정,05,2,1000,01,"신라 민애왕 원년(838년) 범일국사가 지흥사라 하여 북평읍 지흥리에서 창건한 것인데 현종 15면(1674년)현 위치로 이전하여 광운사라 하였고, 다시 운흥사로 고쳐 불렀다는데, 영조 46년 화재를 당하고, 영조 47년 영담노사가 중건했고, 순조 21년 부사 이헌규가 많은 재원을 지원해 주고, 신흥사라 개명하였고, 그후 철종 14년 (1863) 7월에 중사하였음.",신흥사,,395386.199179747    ,426903.552220947    ,강원특별자치도 삼척시 근덕면 동막리 1332 ,N,,,,2013-12-18 11:44:29
4241000,CDFD1003,2003-04-23,,영업/정상,,,,,25903,천은사,I,2025-12-15 16:15:28,강원특별자치도 삼척시 미로면 동안로 816,지정,05,1,250,01,"신라 흥덕왕 4년(829년)에 창건하였을 때는 백련대라 했고, 고려 충렬왕때 이승휴가 간장암을 다시 지었고, 조선조 선조 31년 청허대사가 이절을 중수하여 흑악사라 개명앴다. 그후 수차례 걸친 중수후 이중하가 천은사라 개명했다.",천은사,,380698.043692988    ,440021.945184556    ,강원특별자치도 삼척시 미로면 내미로리 785 ,N,,,,2013-01-08 11:05:31
4251000,CDFD1001,1971-12-16,,영업/정상,,,,,,홍천 수타사,I,2026-03-26 21:31:14,강원특별자치도 홍천군 영귀미면 수타사로 473,지정,05,3,1900,01,"수타사는 신라 성덕왕 7년(708년)원효대사가 창건 하여 우적산 일월사로 칭하였으나, 조선 세종
3년 (1457년)에 현재 위치로 이전하여 수타사로 하였으며, 수타사 경내에는 대적광전(강원도유형문화재 제17호)을 중심으로 대적광전내에 후불탱화(강원도유형문화재 제122호)와 지장탱화(강원도 유형문화재 제123호)가 문화재로 지정되어 있으며 
월인석보(보물제845호)동종( 보물제11-3호)등 많은 문화유적 유물들을 소장하고 있음.",홍천 수타사,0334366611,284528.210770047    ,466659.938521277    ,강원특별자치도 홍천군 영귀미면 덕치리 9 ,N,,,,2011-12-27 10:15:50
4251000,CDFD1003,2006-01-06,,영업/정상,,,,,25161,쌍계사,I,2026-03-26 21:31:23,강원특별자치도 홍천군 내촌면 여창길 402,지정,05,0,0,01,,쌍계사,,299655.533830081    ,481509.388105498    ,강원특별자치도 홍천군 내촌면 서곡리 19 ,N,,,,2014-12-02 14:56:03
4261000,CDFD1001,1988-06-22,,영업/정상,,,,,,보광사,I,2026-03-26 21:06:55,,지정,05,3,300,01,"1934년 강대희에 의해 건립된 사찰로서 건립당시 요사1동뿐이었으나, 이후 보문전,삼성각,동별당이 건립되었으며, 처음에는 남산사이였으나, 1961년 보광사로 개칭되었음                    1988년 전통사찰 제15호로 등록되었으며 입구의 부도2기는 1949년 보광사 동북쪽 약1km지점에  위치한 법흥사지에서 옮겨온 것임",보광사,0333433007,288208.532956442    ,441459.917641041    ,강원특별자치도 횡성군 횡성읍 남산리 72-5 ,N,,,,2012-01-26 10:49:31
4261000,CDFD1002,1988-05-28,,영업/정상,,,,,,봉복사,I,2026-03-26 21:06:55,강원특별자치도 횡성군 청일면 청일로 909-88,지정,05,3,100,01,"신라 성덕여왕 16년에 자장율사가 창건하고 문무왕 11년 원효대사가 재건한 봉복사는 전옻사찰 14호로 등록되었으며, 덕고산 자락에 위치하고 있으며 엣날의 거찰다운 면모를 갖추고 있고     주변여건은 인근에 태기산, 횡성댐, 병지방계곡 등 관광지와 연계가 용이하고 자연을 주제로한  관광코스 개발가능성과 잠재성이 내재되어 있는 사찰임",봉복사,0333455656,308224.822817233    ,455731.544785699    ,강원특별자치도 횡성군 청일면 신대리 138 ,N,,,,2005-01-19 11:55:11
4271000,CDFD1002,1988-05-28,,영업/정상,,,,,,보덕사,I,2025-12-15 16:15:28,강원특별자치도 영월군 영월읍 보덕사길 34,지정,05,2,500,01,"668년 의상조사가 창건, 발본산 지덕사라 하였음.  1457년 단종대왕이 노산국으로 강봉되어 이곳 영월로 유배되자 노릉사라 개칭하였으며 그후 태백산보덕사라 함.",보덕사,,329337.860933776    ,411654.739005955    ,강원특별자치도 영월군 영월읍 영흥리 1110 ,N,,,,2009-06-16 18:32:20
4271000,CDFD1001,1988-05-28,,영업/정상,,,,,,법흥사,I,2025-12-15 16:15:28,,지정,05,7,1000,01,"신라의 자장율사가 당나라에 들어가 유학하던중 청량산에서 문수보살을 친견하고 가사, 진신사리,강경등을 전수받아 귀국하여 석가모니 진신사리일부를 이곳에 봉안함.",법흥사,,311599.623471093    ,430852.149319346    ,강원특별자치도 영월군 무릉도원면 법흥리 422-2 ,N,,,,2009-06-16 18:27:52
4281000,CDFD1003,2007-12-07,,영업/정상,,,,,25375,극락사,I,2025-12-15 16:15:28,강원특별자치도 평창군 평창읍 노람들길 57 (극락사),지정,05,0,0,01,,극락사,,324006.787995789    ,430643.084767168    ,강원특별자치도 평창군 평창읍 중리 239 극락사 ,N,,,,2014-01-08 13:40:05
4281000,CDFD1001,1988-05-28,,영업/정상,,,,,25318,월정사,I,2025-12-15 16:15:28,강원특별자치도 평창군 진부면 오대산로 374-8,지정,05,20,5000,01,"신라 석덕여왕 당시 자장율사에 의해 창건
한국전쟁으로 거의 소실된 것을 후에 복원함",월정사,0333326664,340312.731106935    ,471103.270461203    ,강원특별자치도 평창군 진부면 63-1 ,N,,,,2012-01-18 10:59:24
4281000,CDFD1002,1988-05-28,,영업/정상,,,,,25318,월정사,I,2025-12-15 16:15:28,강원특별자치도 평창군 진부면 오대산로 374-8 (월정사),지정,05,0,0,01,,월정사,,340312.731106935    ,471103.270461203    ,강원특별자치도 평창군 진부면 동산리 63-1 월정사 ,N,,,,2014-01-08 13:24:58
4291000,CDFD1001,2003-05-06,,영업/정상,,,,,26157,정암사,I,2025-12-15 16:15:28,강원특별자치도 정선군 고한읍 함백산로 1410,지정,05,3,2300,01,"신라 선덕왕 때 자장율사가 창건하였다고 함
소장 문화재로 정암사 수마노탑, 정암사 열목어서식지, 정암사 적멸보궁이 있음",정암사,0335912469,367979.936184108    ,410724.485298952    ,강원특별자치도 정선군 고한읍 고한리 산 213 ,N,,,,2016-06-25 14:39:46
4301000,CDFD1001,2003-04-14,,영업/정상,,,,,,심원사,I,2026-03-26 21:06:57,,지정,05,0,0,01,,심원사,0334553468,,,강원특별자치도 철원군 동송읍 상노리 72 ,N,,,,2009-06-24 15:35:25
4301000,CDFD1002,1988-05-28,,영업/정상,,,,,,도피안사,I,2026-03-26 21:06:58,강원특별자치도 철원군 동송읍 도피동길 23,지정,05,0,0,01,,도피안사,0334554713,219023.070671793    ,526420.475149482    ,강원특별자치도 철원군 동송읍 관우리 450 ,N,,,,2011-09-26 08:53:59
4331000,CDFD1005,1988-10-21,,영업/정상,,,,,24606,오세암,I,2025-12-15 16:15:28,강원특별자치도 인제군 북면 백담로 1325,지정,05,3,300,01,"백담사에서 영시암을 지나 약6㎞ 정도 올라가면 만경대 아래에 위치하고 있다. 조계종 소속의 백담사 부속암자이다. 643년(선덕여왕 12)에 창건하여 觀音庵이라 하였으며, 1548년(명종 3)에 보우가 중건하였다. 이 암자를 오세암이라 한 것은 1643년(仁祖 21)에 雪淨이 중건한 다음부터이다",오세암,,325021.932067032    ,517317.168280382    ,강원특별자치도 인제군 북면 용대리 산 75 ,N,,,,2011-10-30 14:17:33
4331000,CDFD1003,1988-05-22,,영업/정상,,,,,24625,백련정사,I,2025-12-15 16:15:28,강원특별자치도 인제군 인제읍 인제로167번길 365,지정,05,1,150,01,신라시대에 창건한 것으로 전해지고 있으며 원래 사찰 이름은 천곡사였다고 한다. 옛 건물은 한국전쟁시 소실디었다. 현재는 법당과 요사채만이 남아 있다. 사찰 북쪽 산사면에는 신남리 절뚜루 사지터에서 이전한 삼층석탑과 석불좌상이 보존되고 있다.,백련정사,,300936.137728581    ,510497.738743052    ,강원특별자치도 인제군 인제읍 상동리 산 1-2 ,N,,,,2011-10-30 14:19:02
4331000,CDFD1004,1988-10-21,,영업/정상,,,,,24606,봉정암,I,2025-12-15 16:15:28,강원특별자치도 인제군 북면 백담로 1700,지정,05,5,1000,01,"설악산 소청봉의 서북쪽에 있는 사찰로 백담사의 부속암자이다. 643년(선덕여왕 12)에 慈藏이 당나라에서 부처님의 眞身舍利를 가지고 귀국하여, 이곳에 사리를 봉안하고 창건하였다. 그 후 677년(문무왕 17)에 元曉大師가, 1188년(명종 18)에 知訥이 중건하였으며, 1518년(중종17)에 幻 寂이 중수하였다. 1548년(명종 3)에는 필마 騰雲(등운)이 중수하였고, 1632년(인조10)에는 雪淨이 중건하였다. 암자 이름을 鳳頂아리고 한 것은 신라 애장왕 때 조상 봉정이 이곳에서 수도하였기 때문에 붙여졌다는 설도 있다. 
암자와 석탑 사이의 깊옆의 큰 바위에 “釋迦舍利塔”이란 글자가 각인되어 있다. 현재의 요사채 건물은 1972년 옛 건물터에 증축하였다고 한다. 자연 암반을 이용하여 축대를 쌓고 계단을 만들어 뒤의 법당과 연결하였다.",봉정암,,327593.282835802    ,514682.08789223     ,강원특별자치도 인제군 북면 용대리 산 76 ,N,,,,2011-10-30 14:18:20
4331000,CDFD1002,1988-05-28,,영업/정상,,,,,24606,백담사,I,2025-12-15 16:15:28,강원특별자치도 인제군 북면 백담로 746,지정,05,15,150,01,"雪嶽山 尋源寺 寺蹟記』와 한용운의 『百潭寺 寺蹟記』에 의하면 백담사는 서기 674년 신라 제28대 진덕여왕 원년에 자장율사가 설악산 한계리에 한계사로 창건하고 아미타삼존불을 조성·봉안하였다. 한계사로 창건후 1775년(영조 51년)까지 운흥사, 심원사, 선구사, 영취사로 바뀌다가 1457년(세조 3년)과 1783년(정조 7년)에 最鵬과 雪潭이 백담사라 개칭하여 현재까지 전해지고 있다.",백담사,0334626969,320340.040381087    ,518917.608982776    ,강원특별자치도 인제군 북면 용대리 690 ,N,,,,2022-04-22 10:26:00
4331000,CDFD1001,2009-03-23,,영업/정상,,,,,,백담사5,I,2025-12-15 16:15:28,,지정,05,,,01,,백담사5,,,,강원특별자치도 인제군 인제읍 상동리 ,,,,,2009-03-23 11:45:29
4341000,CDFD1001,2003-05-02,,영업/정상,,,,,,화암사,I,2026-03-26 21:06:57,강원특별자치도 고성군 토성면 잼버리로 163-100,지정,05,0,0,01,"신라 혜공왕 5년 진표율사가 창건,조선영조 6년에 소실 익년도에 재건,고종원년에 소실,동년에 재건",화암사,,334432.41169984     ,529187.836510723    ,강원특별자치도 고성군 토성면 신평리 476 ,N,,,,2024-07-24 18:56:43
4341000,CDFD1004,1988-05-28,,영업/정상,,,,,24708,대한불교조계종건봉사,I,2026-03-26 21:06:58,강원특별자치도 고성군 거진읍 건봉사로 723,지정,05,0,0,01,,대한불교조계종건봉사,0336828100,320308.951092776    ,545236.850806726    ,강원특별자치도 고성군 거진읍 냉천리 36 ,N,,,,2025-02-11 16:08:03
4341000,CDFD1002,2003-05-02,,영업/정상,,,,,,건봉사,I,2026-03-26 21:06:57,강원특별자치도 고성군 거진읍 건봉사로 723,지정,05,11,1370,01,"법흥왕 7년 아도화상이 건립했다고 전함, 고종태 소실된 후 1892년에 766칸 대사찰 건립,6.25때 전소",건봉사,,320308.951092776    ,545236.850806726    ,강원특별자치도 고성군 거진읍 냉천리 36 ,N,,,,2003-05-02 16:12:18
4341000,CDFD1003,2003-05-02,,영업/정상,,,,,24727,극락암,I,2026-03-26 21:06:57,강원특별자치도 고성군 간성읍 교동2길 26,지정,05,2,150,01,"고려 혜종2년 묘적동에 창건,1878년 전소,1887년 사미봉진이 재건,6.25때 전소 1956년에 현사찰 재건",극락암,,325764.220982077    ,542936.75254775     ,강원특별자치도 고성군 간성읍 교동리 280 ,N,,,,2011-10-30 16:47:11
4351000,CDFD1001,1988-05-28,,영업/정상,,,,,,낙산사,I,2026-03-26 21:07:23,,지정,05,0,0,01,"신라 문무왕 11년(671) 의상대사가 관음보살의 진신이 이해변의 굴안에 머무신다는 말을 듣고  속에 들어가
예불하던중 관금보살이 수정을 만든 염주를 주면서 절을 지을 곳을 알려주어  곳에 사찰을 창건하고 낙산사라
하였다 한다
헌안왕 2년(858) 범일대사가 중창하였으나 몽고란으로 소실되었다
조선 세조 13년(1467) 왕명으로 크게 중창하였고 예종 원년91469)애도 왕명으로 중건이 있었으며, 인조 9년(1463)과 21년(1643)에 각각 재차 중건이 있었으나 정조 원년(1777)화재를 당하여 다음해 중건하였다
한국전쟁 당시 소실되어 1953년 재건되었으나 2005년 4월 5일 산불로 인하여 원통보전등의 전각이 또 다시 소실되었으며, 발굴조사를 끝내고 현재 복원사업이 추진되고 있다",낙산사,,342631.0759872      ,514782.197555714    ,강원특별자치도 양양군 강현면 전진리 55 ,N,,,,2011-03-16 16:37:21
4351000,CDFD1002,1988-06-22,,영업/정상,,,,,,영혈사,I,2026-03-26 21:07:23,,지정,05,0,0,01,"원효대사의 수도처로서 신라 문무왕 9년(669) 원효대사가 창건
조선 숙종 16년 사승 취원이 중건
고종24년 지화
도윤스님이 중수",영혈사,,335371.895174047    ,512909.320921016    ,강원특별자치도 양양군 양양읍 화일리 산 323 ,N,,,,2011-10-30 15:26:09
4351000,CDFD1004,1988-10-21,,영업/정상,,,,,25008,홍련암,I,2026-03-26 21:07:24,강원특별자치도 양양군 강현면 낙산사로 98-19,지정,05,0,0,01,"신라 문무왕 12년 의상조사 창건
관음보살의 전신을 친견한 곳인 관음굴위에 지은 불전으로서 이 곳에서 밤낮없이 7일동안 기도를 하자 바다위에서 홍련이 솟아났고 그 꽃 속에서 관음보살이 헌신했다하여 홍련함으로 명명한 것으로 전해짐",홍련암,,342844.667962909    ,514967.025713209    ,강원특별자치도 양양군 강현면 전진리 57-2 ,N,,,,2011-10-30 15:24:08
4351000,CDFD1003,1988-05-28,,영업/정상,,,,,,명주사,I,2026-03-26 21:07:23,,지정,05,0,0,01,"고려 목종 12년 창건
6.25때 전소된 것을 1963년부터 중수하기 시작",명주사,,346721.773553175    ,495777.104736333    ,강원특별자치도 양양군 현북면 어성전리 488 ,N,,,,2009-06-15 14:11:36
4351000,CDFD1005,2009-03-30,,영업/정상,,,,,25006,진전사,I,2026-03-26 21:07:24,강원특별자치도 양양군 강현면 화채봉길 368,지정,05,0,0,01,,진전사,,335438.157010156    ,514466.579531966    ,강원특별자치도 양양군 강현면 둔전리 124-5 ,N,,,,2011-10-30 15:27:54
4390000,CDFD1003,1988-05-28,,영업/정상,,,,,27447,봉학사,I,2026-05-08 22:36:55,"충청북도 충주시 중앙탑면 장천윗말1길 173, 봉학사",승인,07,0,0,01,,봉학사,,276225.509132378    ,394880.267425955    ,충청북도 충주시 중앙탑면 장천리 산 73 봉학사 ,N,,,,2026-03-12 17:11:01
4390000,CDFD1002,1988-05-28,,영업/정상,,,,,,단호사,I,2026-05-08 22:36:55,"충청북도 충주시 충원대로 201 (단월동, 단호사)",지정,05,0,0,01,단호사 철불좌상으로 보아 11세기경에 창건된 것으로 추정되나 현판의 기록에는 조선 숙종때 창건하고 약사로 불리던 것을 1954년에 단호사라 개칭.,단호사,0438517879,280158.496534869    ,383173.89949902     ,충청북도 충주시 단월동 453-14 단호사 ,N,,,,2012-10-02 10:50:45
4390000,CDFD1001,2004-08-06,,영업/정상,,,,,,석종사,I,2026-05-08 22:36:55,충청북도 충주시 직동길 271-56  (직동),지정,05,0,0,01,,석종사,0438544505,286247.333121307    ,383431.007217266    ,충청북도 충주시 직동 148-1 ,N,,,,2004-08-06 10:41:19
4400000,CDFD1001,2003-04-18,,영업/정상,,,,,,장락사,I,2026-05-11 22:36:53,충청북도 제천시 탑안로 24 (장락동),지정,05,1,300,01,"모전석탑(보물 제459호)은 주로 경북 안동지역에 분포한것과 동일한 양식의 탑으로 경주 분황사탑에서 파생된 양식임.
1967년 탑을 해체보수하였고 2003년 충청대학박물관에서 시굴조사를 실시하였음",장락사,0436437502,309276.885320711    ,405831.445370971    ,충청북도 제천시 장락동 64 ,N,,,,2012-09-26 14:05:41
4400000,CDFD1006,1988-05-28,,영업/정상,,,,,,월명사,I,2026-05-11 22:36:54,충청북도 제천시 송학면 시곡길 81,지정,05,1,0,01,1929년4월 30일 이원성이 절을 세웠으나 그후 화재로 소실되어 1947년 이원성이 재건하였다.,월명사,0436434733,313192.006100787    ,411645.952465021    ,충청북도 제천시 송학면 시곡리 719-2 ,N,,,,2012-09-26 14:02:14
4400000,CDFD1003,1988-05-28,,영업/정상,,,,,,고산사,I,2026-05-11 22:36:53,충청북도 제천시 덕산면 월악로9길 113,지정,05,1,150,01,"1956년 중수하였으며 신라말 축성한 월형산성이 둘러싸고 있음.
지방유형문화재 194호 석조관음보살좌상, 195호 석조나한상",고산사,0436460198,299315.146950038    ,381279.238046813    ,충청북도 제천시 덕산면 신현리 1653 ,N,,,,2012-09-26 14:15:07
4400000,CDFD1004,1988-05-28,,영업/정상,,,,,,신륵사,I,2026-05-11 22:36:53,,지정,05,1,100,01,"아도화상이 창건 문무완때 원효대사가 중창조선시대 무학대사와 서산대사가 중창
보물1296호 제천 신륵사 삼층석탑, 
지방유형문화재 132호 제천 신륵사 극락전, 
지방유형문화재 제301호 제천 신륵사 극락전 벽화 및 단청",신륵사,0436533803,300689.954295793    ,375900.053710444    ,충청북도 제천시 덕산면 월악리 803-5 ,N,,,,2020-07-13 16:56:42
4400000,CDFD1005,1988-05-28,,영업/정상,,,,,,백련사,I,2026-05-11 22:36:53,충청북도 제천시 봉양읍 명암로5길 414,지정,05,1,150,01,"의상조사가 창건하고 백련지 동쪽에 소암자을 창건하고 백련암이라 함
918년 신라말 경순왕 왕사 무착조사가 중창
지방유형문화재 217호 목조아미타여래좌상",백련사,0436534996,300987.446388919    ,414644.134059696    ,충청북도 제천시 봉양읍 명암리 325 ,N,,,,2012-09-26 14:27:51
4400000,CDFD1002,1988-05-28,,영업/정상,,,,,,무암사,I,2026-05-11 22:36:53,충청북도 제천시 금성면 청풍호로39길 285,지정,05,1,3000,01,지은 연대는 알 수 없으나 절 지붕위의 기와에 '건륭5년'이라고 쓴 명문이 있어 조선 영조 16년(1740)에 절을 중창한 것을 짐작케 한다.,무암사,0436520897,307173.960092989    ,392806.107649649    ,충청북도 제천시 금성면 성내리 산 1 ,N,,,,2020-07-13 17:01:53
4400000,CDFD1007,1988-05-28,,영업/정상,,,,,,강천사,I,2026-05-11 22:36:54,충청북도 제천시 송학면 옥천3길 56-10,지정,05,1,2000,01,"신라 법흥왕때 강천사가 잇었다고 전하여오나 언제 폐사된지 알 수 없음
1939년 이대휘선사가 절을 조성
석탑 1기",강천사,0436422241,312382.052098246    ,412382.941141578    ,충청북도 제천시 송학면 시곡리 산 79-6 ,N,,,,2012-09-26 14:12:11
4400000,CDFD1008,1988-05-28,,영업/정상,,,,,,정방사,I,2026-05-11 22:36:54,충청북도 제천시 수산면 옥순봉로12길 165,지정,05,1,500,01,"신라시대 의상대사가 창건(지팡이 설화)
지방유형문화재 제206호 목조관음보살좌상 및 복장유물",정방사,0436477399,310920.346618002    ,388769.114860437    ,충청북도 제천시 수산면 능강리 52 ,N,,,,2020-03-20 17:10:59
4400000,CDFD1009,1988-10-10,,영업/정상,,,,,,덕주사,I,2026-05-11 22:36:54,충청북도 제천시 한수면 미륵송계로2길 87,지정,05,1,1500,01,"덕주사는 신라 증평왕9년(587) 창건하였고, 6.25 사변당시 소실 상덕주사 와 하덕주사로 구분
보물 406 마애불 지유196 약사여래입상",덕주사,0436531773,296870.470291869    ,375136.380107578    ,충청북도 제천시 한수면 송계리 산 3 ,N,,,,2015-05-28 13:58:20
4400000,CDFD1010,1988-05-28,,영업/정상,,,,,,복천사,I,2026-05-11 22:36:54,충청북도 제천시 독순로21길 14 (교동),지정,05,1,500,01,1780년 조성한 복천사 석탑이 남아있음,복천사,0436474165,308117.02354652     ,404798.993935108    ,충청북도 제천시 교동 140-25 ,N,,,,2012-09-26 14:07:44
4400000,CDFD1011,1988-05-28,,영업/정상,,,,,,원각사,I,2026-05-11 22:36:54,충청북도 제천시 의병대로 118 (남천동),지정,05,1,500,01,1936년 8월 16일 영화당 화상께서 제천 포교당으로창건을 하였으며 그 후 지암 대화상께서 폐허가 되었던 대웅전 요사 등 중창.,원각사,0436472840,307772.272214075    ,404363.319310205    ,충청북도 제천시 남천동 151-1 ,N,,,,2012-09-26 14:14:02
4400000,CDFD1012,2006-01-06,,영업/정상,,,,,,한산사,I,2026-05-11 22:36:55,충청북도 제천시 용두천로8길 27 (남천동),지정,05,1,0,01,"고려 명종 24년(1194)에 조혜사(照慧寺)로 창건되어 법등을 밝혀오다가 1934년 사찰의 면모를 일신하는 과정에서 한산사로 개칭하였다.
지정문화재 : 충청북도 문화재자료 제45호 제천한산사석조여래입상",한산사,0436463047,307742.933305158    ,404316.225384817    ,충청북도 제천시 남천동 1020 ,N,,,,2018-12-14 10:15:50
4400000,CDFD1013,2015-01-30,,영업/정상,,,,,,경은사,I,2026-05-11 22:36:56,충청북도 제천시 백운면 금봉로 276,지정,05,4,3657,01,"조선 시대 승려 탄명(坦明)이 수행하였다고 전해지는 사찰로, 도덕암(道德庵) 혹은 백운암(白雲庵)이라고도 불렸다. 사찰에 전해지는 기록에 의하면, 사찰이 멸실된 터에 신심 있는 불자가 작은 토굴(土窟)을 마련하여 명맥을 이었으나 1939년 화재로 전소(全燒)되었다고 한다. 이후 1940년 운경화상이 중창하여 백운사로 불렀으며, 1942년에 화재로 전소된 법당을 재건하면서 사찰 명칭을 경은사로 바꾸었다고 한다. 현재의 주차장 자리가 옛 절터로 추정되고 있다. 1973년 대한불교 조계종에 사찰 등록을 하였으며, 1985년에 승려 수경이 대웅전(大雄殿)과 삼성각(三聖閣)을 이전하여 중건하였다.
충북 유형문화재 제294호 목조문수보살좌상 및 복장유물
충북 유형 문화재 제295호 강희오십년명 석감",경은사,0436526133,292820.925459898    ,405958.272501121    ,충청북도 제천시 백운면 평동리 107-1 ,N,,,,2015-02-23 20:54:47
4400000,CDFD1014,2021-01-11,,영업/정상,,,,,27218,옥천사,I,2026-05-11 22:36:57,충청북도 제천시 수산면 월악로 3739-30,지정,05,3,450,01,,옥천사,,311973.314487102    ,383577.366808187    ,충청북도 제천시 수산면 성리 7 ,N,,,,2024-05-02 10:31:02
4420000,CDFD1001,1988-05-28,,영업/정상,,,,,,법주사,I,2026-04-29 22:36:55,,지정,05,0,0,01,,법주사,,274534.565752255    ,338193.317476284    ,충청북도 보은군 속리산면 사내리 209 ,N,,,,2007-09-29 18:03:54
4420000,CDFD1002,1988-05-28,,영업/정상,,,,,,상환암,I,2026-04-29 22:36:55,,지정,05,0,0,01,,상환암,,275354.665326451    ,339144.819094245    ,충청북도 보은군 속리산면 사내리 산 1-1 ,N,,,,2007-09-29 18:03:54
4420000,CDFD1003,1988-05-28,,영업/정상,,,,,,복천암,I,2026-04-29 22:36:55,충청북도 보은군 속리산면 법주사로 702-5,지정,05,0,0,01,,복천암,0435434774,276253.947026222    ,339314.917420537    ,충청북도 보은군 속리산면 사내리 산 1-19 ,N,,,,2008-12-30 10:31:08
4420000,CDFD1004,1988-05-28,,영업/정상,,,,,,동암,I,2026-04-29 22:36:55,충청북도 보은군 속리산면 법주사로 405-46,지정,05,0,0,01,,동암,,275354.665326451    ,339144.819094245    ,충청북도 보은군 속리산면 사내리 산 1-1 ,N,,,,2011-10-30 13:22:27
4420000,CDFD1010,1988-05-28,,영업/정상,,,,,,탈골암,I,2026-04-29 22:36:56,,지정,05,0,0,01,신라 성덕왕 19년인 720년 창건하였고 인조 2년 벽암대사가 중건함. 법주사 소장 사적기에 의하면 경주김씨의 시조인 김알지의 머리모습이 닭모양으로 생겼는데 이곳 약수를 마시고 사람형상의 머리로 바뀌어 졌다고 탈골암이라 함,탈골암,,274534.565752255    ,338193.317476284    ,충청북도 보은군 속리산면 사내리 209 ,N,,,,2008-12-19 16:53:01
4420000,CDFD1006,1988-05-28,,영업/정상,,,,,,상고암,I,2026-04-29 22:36:55,,지정,05,0,0,01,,상고암,,275354.665326451    ,339144.819094245    ,충청북도 보은군 속리산면 사내리 산 1-1 ,N,,,,2007-09-29 18:03:54
4420000,CDFD1007,1988-05-28,,영업/정상,,,,,,여적암,I,2026-04-29 22:36:55,,지정,05,0,0,01,,여적암,,275354.665326451    ,339144.819094245    ,충청북도 보은군 속리산면 사내리 산 1-1 ,N,,,,2007-09-29 18:03:54
4420000,CDFD1008,1988-10-10,,영업/정상,,,,,,관음암,I,2026-04-29 22:36:56,,지정,05,0,0,01,,관음암,,275354.665326451    ,339144.819094245    ,충청북도 보은군 속리산면 사내리 산 1-1 ,N,,,,2007-09-29 18:03:54
4420000,CDFD1009,1988-05-28,,영업/정상,,,,,,수정암,I,2026-04-29 22:36:56,,지정,05,0,0,01,최초 창건연대는 미상으로 수정암 선방의 상량문에서 나온 기록을 보면 이곳의 암자에 살던 장태수 비구니가 탄웅화상을 도와 퇴락한 법주사를 중건한 후에 현 수정암 터에 내선방을 중건하였다고 전해지고 있음,수정암,,274534.565752255    ,338193.317476284    ,충청북도 보은군 속리산면 사내리 209 ,N,,,,2008-12-19 16:47:49
4420000,CDFD1005,1988-05-28,,영업/정상,,,,,,중사자암,I,2026-04-29 22:36:55,,지정,05,0,0,01,,중사자암,,275354.665326451    ,339144.819094245    ,충청북도 보은군 속리산면 사내리 산 1-1 ,N,,,,2007-09-29 18:03:54
4430000,CDFD1007,1988-05-28,,영업/정상,,,,,,구절사,I,2026-05-08 22:34:36,충청북도 옥천군 군서면 상중길 226,지정,05,1,200,01,- 1393년 조선 태조2년 계유년에 무학대사가 창건 조선말엽에 폐사 되었다가 일지말기에 다시 스님과 신도들에 의해 재건되어 절의 이름을 구절사라고 칭하였다.,구절사,0437325888,244825.033402816    ,311712.447676452    ,충청북도 옥천군 군서면 상중리 산 31-4 ,N,,,,2013-08-09 15:25:04
4430000,CDFD1006,1988-05-28,,영업/정상,,,,,,대성사,I,2026-05-08 22:34:36,충청북도 옥천군 이원면 강청길 36-9,지정,05,1,50,01,- 1932년 4월 8일 흥륭사 김승인스님이 창립하고 대성사라고 칭하였다.,대성사,0437322274,255087.203475178    ,305186.714780572    ,충청북도 옥천군 이원면 강청리 98-4 ,N,,,,2013-06-13 13:26:27
4430000,CDFD1005,1988-05-28,,영업/정상,,,,,,문수암,I,2026-05-08 22:34:36,충청북도 옥천군 청성면 도장1길 33,지정,05,1,80,01,- 강원도 고성군 건봉사 강백이였던 김경봉스님이 강원을 폐하고 고향인 충북 옥천군 청성면 마장리로 내려와 당시 유지였던 김용덕씨와 마을 유지들과 뜻을 모아 문수산에 문수암을 창건하였다.,문수암,,265533.412707527    ,320068.540041321    ,충청북도 옥천군 청성면 도장리 127-1 ,N,,,,2013-12-20 10:43:05
4430000,CDFD1002,1988-10-10,,영업/정상,,,,,,송림사,I,2026-05-08 22:34:36,충청북도 옥천군 옥천읍 문정1길 41,지정,05,1,100,01,- 1920년대 최모씨라는 사람이 이 사찰을 건립하고 유현상이라는 사람이 송림사라는 사찰을 지움.,송림사,0437323303,251608.901386194    ,311557.706327793    ,충청북도 옥천군 옥천읍 문정리 408-4 ,N,,,,2003-11-13 13:36:40
4430000,CDFD1003,1988-05-28,,영업/정상,,,,,,대성사,I,2026-05-08 22:34:36,충청북도 옥천군 옥천읍 지용로 142,지정,05,1,400,01,- 1936년 4월 30일 오기억이라는 사람이 창립하고 대성사라고 사찰이름을 지음.,대성사,0437325560,252969.009409473    ,313038.577372108    ,충청북도 옥천군 옥천읍 교동리 297-4 ,N,,,,2012-07-24 19:37:29
4430000,CDFD1004,1988-10-10,,영업/정상,,,,,,가산사,I,2026-05-08 22:34:36,충청북도 옥천군 안내면 안내회남로 671,지정,05,1,80,01,"- 가산사는 720년 신라33년 성덕왕 19년에 창건 그 당시 사찰이름이 널리 알려지지 않은 아주 작은 암자로 사찰의 명맥만을 유지하여 왔으며, 문헌에 등재되지 못하고 있다가 선조 임진왜란직전에 기허 영규대사가 옥천 안내면 율티에 우거했던 중봉조헌선생과 연락때문에 이전에 착안 주지하면서 가산사가 세상에 알려졌을 것이다. 그리하여 임진왜란을 전후하여 의승군도장으로 크게 활용되었으로 일본 침략자들의 주목되는 사찰이 되어 주요 건물은 태워버리고 그후 1624년 인조2년에 이 사찰을 중건하였다.",가산사,,253533.828344602    ,322463.877105028    ,충청북도 옥천군 안내면 답양리 543 ,N,,,,2013-12-20 10:44:51
4430000,CDFD1001,1988-05-28,,영업/정상,,,,,,용암사,I,2026-05-08 22:34:36,충청북도 옥천군 옥천읍 삼청2길 400,지정,05,3,1700,01,"- 552년 신라24대 진흥왕 13년경 의신조사가 천축(지금의 인도)에 가서 불도를 닦고 고국에 돌아와 이곳에다 용암사를 창건하였으며, 그 다음헤 진흥왕14년에 법주사를 창건하였다.
용암사라는 불리어온 유래는 용암사라 명명 했는데 용바위는 애석하게도 일본인들의 손에 파괴되고 현재는 넓은 바위만 남아있다.
경내에는 대웅전과 마애미륵불 그리고 두개의 삼층석탑이 전래되고 있다.",용암사,0437321400,250610.250521245    ,306668.231495215    ,충청북도 옥천군 옥천읍 삼청리 산 51-4 ,N,,,,2012-05-21 17:47:13
4430000,CDFD1,1988-05-28,,영업/정상,,,,,,구절사,I,2026-05-08 22:34:36,충청북도 옥천군 군서면 상중길 226,지정,05,,,01,,구절사,0437325888,244825.033402816    ,311712.447676452    ,충청북도 옥천군 군서면 상중리 산 31-4 ,,,,,2013-08-09 14:58:48
4440000,CDFD1001,1988-05-28,,영업/정상,,,,,,영암사,I,2026-05-10 22:36:53,,지정,05,0,0,01,"1938년 8월 10일 대지 100평에 김언연 보살이 창건함.
1962년 조계종으로 승인과 동시 등록하였고, 현재는 일붕 선교종으로 종단을 변경, 현재는 혜삼 스님이 이곳에 와 관리하고 있음",영암사,0437426678,265131.604171499    ,304677.285847502    ,충청북도 영동군 심천면 심천리 238 ,N,,,,2006-08-24 17:06:15
4440000,CDFD1003,1988-05-28,,영업/정상,,,,,,중화사,I,2026-05-10 22:36:53,,지정,05,2,1400,01,"신라 582년(진평왕), 의상조사(義湘祖師)가 창건하고, 고려 공민왕(1352년) 때 보각선사가 중창, 임진병화로 소실. 조선순종(1908년경)때 백의선사(白衣禪師)기 3창하였으며, 1977년 채색하고
무늬를 놓아 아담하고 단정한 모습.",중화사,,275456.005521648    ,294513.153368441    ,충청북도 영동군 영동읍 화신리 32-1 ,N,,,,2007-11-20 11:29:50
4440000,CDFD1002,1988-05-28,,영업/정상,,,,,,반야사,I,2026-05-10 22:36:53,,지정,05,4,1800,01,"신라 성덕왕 27호(서기728)에 원효대사의 제자 상원제덕이 창건.
고려 충렬왕 12년(1325) 학조대사가 다시 중창.
",반야사,0437427722,,,충청북도 영동군 황간면 우매리 151 ,N,,,,2006-08-24 16:59:48
4440000,CDFD1004,1988-05-28,,영업/정상,,,,,29116,지장사,I,2026-05-10 22:36:53,충청북도 영동군 황간면 황간동로 284-28 (대각사),지정,05,0,0,01,,지장사,,282623.502811154    ,305501.832448157    ,충청북도 영동군 황간면 난곡리 523-1 ,N,,,,2016-05-25 10:27:08
4450000,CDFD1005,1988-05-28,,영업/정상,,,,,,영수사,I,2026-05-08 22:36:54,충청북도 진천군 초평면 영구리길 60-125,지정,05,1,0,01,"고려태조 원년(918년)에 왕자 중통국사가 창건 1624년 (조선 인조2년) 벽암대사가 중건
근세 조선 순조30년(1831) 지방민의 후원으로 묘익이 중수하고 고종 5년에 이한이 고쳤음",영수사,,249117.769676091    ,370570.175628353    ,충청북도 진천군 초평면 영구리 542 ,N,,,,2013-12-16 16:02:55
4450000,CDFD1001,1988-05-28,,영업/정상,,,,,,성림사,I,2026-05-08 22:36:54,충청북도 진천군 덕산읍 인화길 83,지정,05,2,0,01,"고려시대(1380년경)의 것으로 추정되는 기와장과 석조여래입상이 있으며 1970년 승려
전해산이 이곳에 사찰을 건축하고 성림사로 등록하였음",성림사,,243543.702450318    ,375705.642718901    ,충청북도 진천군 덕산읍 산수리 산 98 ,N,,,,2003-04-17 11:15:55
4450000,CDFD1004,1988-05-28,,영업/정상,,,,,,문수암,I,2026-05-08 22:36:54,충청북도 진천군 진천읍 금사로 252-106,지정,05,0,200,01,"고려시대(1380년경) 창건후 이조시대 없어졌던 것을 1962. 10월 공열우가 불당을 건축하였으며
1966년 3월 승려 변만규가 요사를 건축하고 1970년 태고종에 등록하였음",문수암,,234909.236416658    ,368937.935423577    ,충청북도 진천군 진천읍 지암리 267-1 ,N,,,,2013-12-16 16:10:07
4450000,CDFD1003,1988-05-28,,영업/정상,,,,,,대흥사,I,2026-05-08 22:36:54,충청북도 진천군 진천읍 문진로 1300-80,지정,05,0,0,01,"고려시대(1300년경) 창건되었다가 폐쇄된 후 찬의 조중의가 신축함
광무11년 (1907년) 조창호가 중건하였으며 1954년 승려 김학수가 다시 중수하였음
1993년에 차대술이 산신각 대웅전을 신축하고 요사를 중수하였으며 88년 극락전을 신축",대흥사,,237626.539982703    ,371015.758813859    ,충청북도 진천군 진천읍 원덕리 산 32 ,N,,,,2003-04-17 11:30:51
4450000,CDFD1002,1988-05-28,,영업/정상,,,,,,용화사,I,2026-05-08 22:36:54,충청북도 진천군 진천읍 소강정1길 83,지정,05,3,0,01,"신라 성덕왕 19년에 창건 미륵당으로 세워졌다가 이종 숭불배유사상으로 없어지고
미륵불만 남아 있다가 1946.7.20 한자심에 의해 법당과 요사를 건립하고
1983.9.16일 유병숙 주지가 요사를 중수 현재에 이르고 있음",용화사,,240169.917264304    ,372751.367355078    ,충청북도 진천군 진천읍 신정리 584 ,N,,,,2013-12-16 16:13:21
4460000,CDFD1002,1988-10-10,,영업/정상,,,,,,석 천 암,I,2026-05-10 22:36:54,충청북도 괴산군 청천면 삼송길 205-182,지정,05,1,200,01,"석천암(石泉庵)은 대야산 정상 가까이에 자리하고 있으며, 대한불교 조계종 제5교구 본사 법주사의 말사이다.
절에서 전하기로는 고려시대인 1300년 무렵 나옹(懶翁)스님에 의해 창건되었다고 하지만 그에 관한 문헌기록은 현재 전하는 것은 없다.
석천암은 1987년 소실된 뒤 중건하여 현재 대웅전, 산령각, 요사 2동이 있다.

신도회장 신정휴 833-8321",석 천 암,,280509.404698037    ,352761.759171964    ,충청북도 괴산군 청천면 삼송리 산 24 ,N,,,,2021-01-21 17:09:27
4460000,CDFD1001,1988-07-11,,영업/정상,,,,,,개 심 사,I,2026-05-10 22:36:54,충청북도 괴산군 괴산읍 역말길 22,지정,05,5,500,01,"1935년 여신도인 김경림(金瓊林)이 절에 10여칸의 법당을 시주한 것을 기리고 있다.
괴산읍 칠성면 두천리에 있던 도덕암(道德庵)이 폐사됨에 따라 현재의 개심사 자리에 전각을 짓고 불상 2체를 옮겨왔다고 전해지며, <개심사기>에는 이어서 김경림의 시주 이후 긍허(亘虛)스님이 절에 주석하여 인근의 신도들을 중심으로 절이 발전했다고 기록되어 있다.
절의 창건을 1935년 무렵으로 볼수 있다.
현재 절에는 대웅전, 삼성각, 종각, 요사3채가 있다.
소장 문화재로는 목조여래좌상, 목조관음보살좌상(충북 유형문화재 173)이 지정되어 있다.

신도회장 괴산군지부 안병옥 833-2222",개 심 사,,270818.214103351    ,368471.110351644    ,충청북도 괴산군 괴산읍 동부리 428-1 ,N,,,,2021-01-21 17:03:17
4460000,CDFD1003,1988-05-28,,영업/정상,,,,,,공 림 사,I,2026-05-10 22:36:54,충청북도 괴산군 청천면 괴산로공림길 104,지정,05,5,3000,01,"공림사는 낙영산 아래 위치한 사찰로 대한불교조계종 제5교구 본사 법주사의 말사이다.
잦은 병화로 인하여 옛 가람의 면모를 대부분 사라져 버리고 말았지만, 공림사가 조선 초기까지 
자은종(慈恩宗)을 대표하는 사찰이었다는 사실 하나만  보더라도  이 사찰이 지니고 있는 역사적 중요성은 충분히 짐작할 수 있다.
낙영산공림사사적비에 실려있는 내용에 의하면 공림사의 창건시기는 신라 경문왕(861-875)때이며, 창건주는 자정스님이었다는 점을 알수 있다.
창건 이후 함허 득통(1376-1433)스님에 의해 크게 중창 된다.
현재 절에는 대웅전을 비롯해서 관음전, 삼성각, 범루종, 일주문, 요사및감인선원, 선심당으로 부르는 선원건물등이 있다.

총무보살 우진주 833-1029",공 림 사,,272673.094506357    ,345691.371427563    ,충청북도 괴산군 청천면 사담리 산 11 ,N,,,,2024-04-09 16:03:02
4460000,CDFD1004,1988-05-28,,영업/정상,,,,,,채 운 암,I,2026-05-10 22:36:54,충청북도 괴산군 청천면 화양동2길 30,지정,05,2,360,01,"채운암은 청천면 화양리 412번지 환희산에 자리한 절로 고려시대인 1277년(충렬왕3)에 도일(道一)스님에 의해 수도암(修道암菴)이라는 이름으로 창건되었다.
그뒤 정확한 시기는 알수 없지만 혜식 스님이 채운암으로 고쳐 불렀다고 한다.
근대에 들어와서 1954년에 대홍수로 절이 무너져 버리자 청천면 초량리 환희산의 환장사로 채운암의 목재를 옮겨 요사를 지은 것에서부터 비롯된다.
현재 채운암에 보관된<충천도청주청천면화양동환희산환장사법당초창기>및 그밖의 자료에 의하면, 1670년(현종11)에 당대의 유명한 학자인 송시열등의 노력으로 창건된절이다.
현재 절에는 대웅전을 비롯해서 삼성각. 요사 2동이 있다.
대웅전에 봉안된 조선시대 아미타삼존불상은 1998년1월9일 충청북도 유형문화재 제191호로 지정되었다.

신도회장 한영호 833-1572  총무 이두복 832-4583",채 운 암,,272768.764889733    ,352223.317683653    ,충청북도 괴산군 청천면 화양리 412 ,N,,,,2021-01-21 17:01:43
4460000,CDFD1005,1988-05-28,,영업/정상,,,,,,보 광 사,I,2026-05-10 22:36:54,충청북도 괴산군 사리면 모래재로시동2길 231,지정,05,2,1000,01,"보광사(普光寺)는 괴산군 사리면 사담리 산1번지 보광산에 자리한 한국불교태고종 사찰이다.
절의 창건은 정확히 언제인지 기록에 남아 있지 않지만, 1530년대에 편찬된<신증동국여지승람>괴산군(불우조佛宇條)에 절 이름이 보이고 있어 적어도 조선초기에 창건되었음을 알수 있다.
절에 전화는 말로는 17-18세기에는 절에 100여인의 스님이 거주할 정도로 큰 절이었다고 한다.
근대에 와서는 1925년에 폐허가 된 절터에 권봉주(權鳳柱)스님이 초암을 짓고 절으이 법등을 다시 이었고 1936년에는 김봉삼(金奉三)스님이 석불을 봉안하여 중창했다.그런데 이때 봉안한 석불은 역시 폐허였던 부근의 봉학사(鳳鶴寺)터에서 옮겨온 것이다.  전하기로는 이 석불상은 본래 봉학사 법당에 주불로 봉안되었으나 헌종(1834-1849)때 충청도 관찰사 김소(金素)의 후손들이 김소의 묘를 쓰기 위해 절을 허물고 석불의 머리를 자르고 불상을 땅에 묻었다. 그뒤 얼마 안있어 보광산 아래에 사는 한 신도의 꿈에 노승이 세번이나 나타나 불상을 파내라는 계시를 내리는 현몽에 따라서 이불상을 파내어 모셨으며,1936년에 지금의 보광사로 옮겨졌다고한다.

총무 우상기 836-7193",보 광 사,,260862.727946302    ,369045.275493103    ,충청북도 괴산군 사리면 사담리 산 1 ,N,,,,2011-10-30 13:31:30
4460000,CDFD1007,1988-05-28,,영업/정상,,,,,,각 연 사,I,2026-05-10 22:36:54,충청북도 괴산군 칠성면 각연길 451,지정,05,3,1000,01,"각연사는 신라법흥왕(515)때 유일대사가 창건하였다고 전한다.
신라때 유일대사가 절을 짓기 위해 지금의 절터를 잡고 공사를 시작중 까치들이 톱밥과 나무 조각을 물고가는 것을 뒤따라가니 연못에 톱밥을 떨어뜨리는데 연못속을 보니 부처님이 있어 꺼내고 사찰을 지어 각연사라 칭하였다.
조선시대에 들어서 절은 여러차례의 중수와 중창을 계속하였다. 숭유억불의 어려운 상황에서도 법등은 끊어지지 않고 이어져 갔다. 1648년(인조26)과1655(효종6)에는 비로전 법당을 중수하였다. 1678년(숙종4)무렵에는 대웅전을 중수하였고, 1768년(영조44)에는 대웅전을 이전 중수하였다. 이후 백여년이 지나 1899년(광무3)에 비로자나불상을 개분하고 비로전을 중수하였으며, 1940년에 칠성탱화를 봉안하였고, 1967년에는 칠성각과 요사를 1975년에는 비로전을 1979년에는 비로전의 후불탱화를 봉안하였다.
최근들어 절에는 여러가지의 불사가 계속 진행되고 있다.

신도회장 최철회  833-9057",각 연 사,,282759.720221833    ,361889.940683531    ,충청북도 괴산군 칠성면 태성리 38 ,N,,,,2021-01-21 17:00:14
4460000,CDFD1008,1988-10-10,,영업/정상,,,,,,광 덕 사,I,2026-05-10 22:36:54,,지정,05,1,30,01,"광덕사는 괴산군 도안면 광덕리 산21-2번지 보광산에 자리하는 법화종 사찰이다.
절의 정확한 창건연대는 전하지 않지만 경내에 서 있는 석불입상으로 보건대 고려시대에 창건된 것으로 추정된다 옛날에는 한때 천광사로도 불렀다고 전하지만, 창건 이래 조선시대까지의 연혁이 전혀 전하지 않아 더 이상의 역사를 알수 없다.
근대에 와서는 폐사가 되었는데, 1949년 꿈에서 석불의 계시를 받은 이묘련보살이 석불옆에 3칸 초암을 짓고 절을 중창했다. 한편 절에서 전하기로는 이구례라는 사람이 대웅전과 요사를 지었다고 하는데 이묘련 보살과 동일인물인지 아닌지는 알수 없다. 그뒤 1978년 무렵에 지금의 주지인 도선스님이 주석하면서 대웅전을 중수했으며 옛 요사를 헐고 지금의 새 요사를 지었다. 1996년부터는 2충으로 된 현대식 요사를 새로 짓고 있다.
대웅전앞에 서 있는 입상으로는 충청북도 유형문화재 제75호로 지정되어 있다.이석불은 고려초10세기를 전후한 작품으로 추정된다.",광 덕 사,,,,충청북도 괴산군 도안면 광덕리 산 21-2 ,N,,,,2003-04-30 11:05:51
4460000,CDFD1006,1988-05-28,,영업/정상,,,,,,백 운 사,I,2026-05-10 22:36:54,충청북도 괴산군 사리면 사리로소매2길 125-146,지정,05,1,650,01,"백운사는 괴산군 사리면 소매리 산20번지 백마산에 자리한 선학원 사찰이다.
<백운사지>에 의하면, 절은 고려시대인 1321(충숙왕8)에 대흥사라는 이름으로 창건되었는데, 실제로 대흥사 절터에서 '대흥사'라고 쓰인 기와가 발견되기도 했다 하며, 지금도 석축이 남아 있다. 그리고 대흥사터 동쪽에 승니골로 부르는 곳이 있는데, 이곳은 대흥사가 법등을 밝힐 때 비구니스님이 거주하던 곳이라고 한다. 그뒤 조선영조(재위1724-1776)때 폐사되어 오래동안 폐허가 되었다가, 1930년에 이르러 하장우스님이 옛 대흥사 터에 초암을짓고 백운사라 했다. 1933년에는 충청남도 아산 봉국사의 송제윤(1880-1955)스님이 이곳으로 와 대흥사 터에서 200M가량 올라온 지금의 백운사 자리에 법당을 새로 지었다. 그뒤 1960년에 화재로 절 건물이 소실되었으나 송제윤스님의 제자인 강명현스님이 곧 중건했다. 현재는 효각스님이 주석하면서 대규모 중창 불사가 진행되고 있다.

신도회장 반선녀",백 운 사,0438367596,259507.248968377    ,372829.185506738    ,충청북도 괴산군 사리면 소매리 산 20 ,N,,,,2025-06-17 09:30:40
4470000,CDFD1005,2003-04-22,,영업/정상,,,,,,가섭사,I,2026-05-07 22:36:52,충청북도 음성군 음성읍 가섭길 494,지정,05,1,500,01,"고려 공민왕때 왕사였던 나옹화상이 창건
조선 인조 2년(1624) 벽암대사 중수함
1938년 화재로 소실된 것을 당시 주지 윤원근이 중건
1896년 극락전, 삼선각, 요사를 모두 중창하였음.",가섭사,,261166.409617539    ,384531.09254733     ,충청북도 음성군 음성읍 용산리 산 22 ,N,,,,2014-12-16 17:10:39
4470000,CDFD1001,2003-04-22,,영업/정상,,,,,,대경사,I,2026-05-07 22:36:52,충청북도 음성군 소이면 소이로143번길 16,지정,05,0,0,01,본 사찰은 50년이 넘은 고사찰이라고 하나 근거자료가 없으며 1921년 최동호 지가 창건함.,대경사,,265985.633124589    ,382587.058660453    ,충청북도 음성군 소이면 비산리 566 ,N,,,,2011-12-20 14:10:13
4470000,CDFD1002,2003-04-22,,영업/정상,,,,,,미타사,I,2026-05-07 22:36:52,충청북도 음성군 소이면 소이로61번길 164,지정,05,10,3000,01,"사찰의 창건연대는 뚜렷하지 않으나 전하는 말에 의하면 고려때에 창건되고 조선초 폐사되었다고 함.
그후 영조때 화재로 인하여 전소되고 사지만 전하여 오다가 1965년 현주지 및 신도들의 도움으로 임시 법당을 지어 석불을 봉안함.",미타사,,264951.000986878    ,384026.169803102    ,충청북도 음성군 소이면 비산리 84-12 ,N,,,,2014-12-16 17:05:35
4470000,CDFD1006,1988-05-28,,영업/정상,,,,,,화암사,I,2026-05-07 22:36:52,충청북도 음성군 원남면 보덕로 330,지정,05,,,01,,화암사,,256505.137155419    ,377736.544049634    ,충청북도 음성군 원남면 덕정리 442-2 ,,,,,2012-09-27 11:05:26
4470000,CDFD1004,2003-04-22,,영업/정상,,,,,,화암사,I,2026-05-07 22:36:52,충청북도 음성군 원남면 보덕로 330,지정,05,1,100,01,"화암사는 고사찰이었으나 폐허가 되어 오다가 1938년 김승원이 청진암굴을 재건하였음.
현재 청진암굴의 법당은 암굴속에 축조되어 있음.
경내에는 자연 바위굴이 있으며 불상 7점이 있음.",화암사,,256549.587436574    ,377915.297490988    ,충청북도 음성군 원남면 덕정리 산 36 ,N,,,,2014-12-16 17:24:35
4470000,CDFD1003,2003-04-22,,영업/정상,,,,,,수도암,I,2026-05-07 22:36:52,충청북도 음성군 소이면 충도로86번길 61,지정,05,0,0,01,"본 사찰은 50년이 넘은 사찰이나 역사성이나 창건년대는 알 수 없음.
조헌창 주지가 1900년경 법당 및 요사체 신축",수도암,,264157.573512969    ,375434.569350374    ,충청북도 음성군 소이면 충도리 산 79-1 ,N,,,,2011-12-20 14:13:04
4480000,CDFD1001,1998-10-10,,영업/정상,,,,,,원통암,I,2026-05-06 22:36:57,,지정,05,1,500,01,"단양 황정산 자락에 원만하게 도를 통한다 라는 뜻을 가진 원통암이 자리를 잡고 있으며 창건연대는 양산 통도사 창건시기와 같은 시기에 창건된 단양 대흥사가 융설할 시기인 고려 공민왕 2년(1353년) 나옹선사가 창건하였음.
대흥사 큰스님의 선방과 학문의 도량으로 활동하여 많은 스님들이 이곳에서 수도 정진 하였으며 특히 나옹선사는 이곳 원통암에 토굴하여 수양과 득도의 깨달음으로 토굴가를 지었다는 설이 전해오고 있는곳이다.",원통암,,319512.979373775    ,373285.889232964    ,충청북도 단양군 대강면 황정리 산 28 ,N,,,,2007-04-19 15:15:49
4490000,CDFD1004,2003-05-23,,영업/정상,,,,,,만일사,I,2026-05-11 22:37:01,,지정,05,0,0,01,"고려 태조 4년 연기 도선이 전국 3,800개의 비보사찰 중의 하나로 창건함",만일사,0415681190,,,충청남도 천안시 서북구 성거읍 천흥리 산 21 ,N,,,,2003-05-23 13:10:45
4490000,CDFD1003,2003-05-23,,영업/정상,,,,,,은석사,I,2026-05-11 22:37:00,,지정,05,0,0,01,신라 문무왕(661-681)때 원효대사가 창건한 것으로 전함,은석사,0415533940,224268.393262046    ,364202.618667425    ,충청남도 천안시 동남구 북면 은지리 산 1-4 ,N,,,,2011-11-11 10:13:27
4490000,CDFD1002,2003-05-23,,영업/정상,,,,,,광덕사,I,2026-05-11 22:36:59,충청남도 천안시 동남구 광덕면 광덕사길 30,지정,05,0,0,01,"- 신라 진덕여왕 6년 자장이 창건
 - 임진난때 전소
 - 조선 선조 31년 중창",광덕사,0415670057,203709.06502536     ,352727.524708016    ,충청남도 천안시 동남구 광덕면 광덕리 640 ,N,,,,2003-05-23 12:53:48
4490000,CDFD1001,2003-05-23,,영업/정상,,,,,,성불사,I,2026-05-11 22:36:58,,지정,05,0,0,01,고려 태조 4년 연기도선이 창건,성불사,0415654567,,,충청남도 천안시 동남구 안서동 106 ,N,,,,2003-05-23 13:16:20
4500000,CDFD1001,2008-02-22,,영업/정상,,,,,,갑사,I,2026-05-10 22:36:53,충청남도 공주시 계룡면 갑사로 567-3,지정,05,0,0,01,,갑사,,216732.759271747    ,318284.500641106    ,충청남도 공주시 계룡면 중장리 52 ,N,,,,2013-06-10 10:10:57
4500000,CDFD1002,1988-06-18,,영업/정상,,,,,,마곡사,I,2026-05-10 22:36:53,충청남도 공주시 사곡면 마곡사로 966,지정,05,40,1000,01,"- 서력기원 643년(불기 1187년) 신라의 고승자장율사가 창건하였으며, 보철화상
  때 설법을 듣고자 모인자가 계곡을 가득 메운 것이 마(麻)와 같다고 하여 마곡사
  (麻谷寺)라 하였다고 함.
- 웅진인이며 신라말기의 승려인 보조선사에 의해 중건되고 고려시대 명종대
  보조국사가 중수, 그후 범일, 도선, 긱순등이 중창을 계속하여 오늘에 이르고 있음.
- 조선시대에는 세조가 신행하여 영산전(靈山殿)이란 3자을 하사하였다는 내용이
  전함.",마곡사,0418416221,201030.513862076    ,339776.332483289    ,충청남도 공주시 사곡면 운암리 567 ,N,,,,2009-09-10 17:48:32
4500000,CDFD1003,1988-06-18,,영업/정상,,,,,,영은사,I,2026-05-10 22:36:53,충청남도 공주시 공산성길 59-22 (금성동),지정,05,2,3000,01,"조선세조 4년(1458년) 사액으로 국가에서 창건
광해군 8년(1616년) 승자를 두어 전도사찰을 총관하였다고 전해짐
영은사의 관일루는 임진왜란시 승병의 합숙소였으며 이곳에서 훈련된 승병이 영규대사의
인솔로 금산전투에 참여",영은사,0418553976,211422.100178125    ,329142.136818108    ,충청남도 공주시 금성동 11-3 ,N,,,,2014-01-24 10:04:12
4500000,CDFD1004,1988-06-18,,영업/정상,,,,,,신원사,I,2026-05-10 22:36:53,충청남도 공주시 계룡면 신원사동길 1,지정,05,8,3000,01,"백제 의자왕 11년(서기651년) 고구려 보덕화상이 창건
940년(고려태조23년) 도선국사가 중창
조선 1393년(태조2년) 무학선사 중창, 1876년(고종 13년) 보연화상 중창
고종 22년 관찰사 심상훈이 중수하면서 어순한 나라가 일신 발전하여 신기원이 이루어지기를
염원하여 神院寺를 新元寺로 고침
神院寺가 말해주듯 기도하는 터를 의미하는 것이며 중악단(中嶽壇)은 계룡산의 주신을
모신 곳이란 뜻임
국제선원은 1988년 개원 이래 한국불교의 국제화를 촉진하는 곳임",신원사,,216455.107920885    ,314939.037501644    ,충청남도 공주시 계룡면 양화리 8 ,N,,,,2009-03-26 13:15:33
4500000,CDFD1005,1988-06-18,,영업/정상,,,,,,동학사,I,2026-05-10 22:36:53,충청남도 공주시 반포면 동학사1로 462,지정,05,160,500,01,"724년(신라 성덕왕 23년)에 상원조사가 암자를 지었으며, 회의화상이 상원이라는 절로 확대시킴
신라멸망시 유차달이 신라의 시조와 박제상을 제사하기 위해 東鶴寺를 건축하였고 사찰이름도
東鶴 이라 칭함
전설에 의하면 동쪽에 학 모양의 바위가 있어서 동학이라 하였다 함
921년(고려태조 4년)에 도선국사가 중건하고 1864년(고종 즉위년)에 보선선사가
여러 건물을 새로 지었으며 동학사는 이때 지은 건물을 바탕으로 하고 있음
1960년 승가대학을 개원하였으며 전국의 많은 비구니들의 교육의 전당이 되고 있음",동학사,0428252570,219687.980965813    ,316952.445690783    ,충청남도 공주시 반포면 학봉리 789 ,N,,,,2009-03-26 13:21:42
4500000,CDFD1006,1988-06-18,,영업/정상,,,,,,동혈사,I,2026-05-10 22:36:53,충청남도 공주시 의당면 동혈사길 77,지정,05,2,70,01,"천태산 중턱에 자리잡고 있으며 서혈사, 남혈사, 북혈사 등과 더불어 공주지역의 4혈사로 전해온다
東穴寺는 일명 銅穴寺라고도 한다.
이 절이 언제 세워졌는지에 대한 기록은 없으나 창건을 전하는 말로 원효대사라는 의견이 있어
1400년전으로 추정되며 원효대사가 수련했던 장소로 전해지는 사원지가 있음
현재 절터에는 조선후기의 것으로 보이는 2동의 건물지와 고려시대의 것으로 추정되는 3층석탑,
조선시대의 부도가 남아 있으며 절터 뒤편 암벽에는 자연동굴 형태의 동굴이 남아 있음",동혈사,0418542855,214181.261540243    ,339434.056675195    ,충청남도 공주시 의당면 월곡리 271 ,N,,,,2013-06-10 10:06:23
4510000,CDFD1001,1988-06-18,,영업/정상,,,,,,선림사,I,2026-05-11 22:36:55,,지정,05,1,500,01,신라 진평왕 7년 담혜선사(潭慧禪師)가 창건한 것으로 전함,선림사,0419324187,,,충청남도 보령시 오천면 소성리 산 5 ,N,,,,2021-09-29 19:51:12
4510000,CDFD1002,1988-06-18,,영업/정상,,,,,,중대암,I,2026-05-11 22:36:57,,지정,05,0,50,01,878년에 도선국사의 창건으로 전함,중대암,0419331510,172174.359003171    ,307525.577425494    ,충청남도 보령시 미산면 용수리 81-1 ,N,,,,2022-09-29 16:52:48
4510000,CDFD1005,1992-12-10,,영업/정상,,,,,,금강암,I,2026-05-11 22:37:01,,지정,05,0,50,01,조선 태종 12년 무학자초의 문인인 영암이 창건,금강암,0419317767,169116.857739217    ,306590.186412187    ,충청남도 보령시 미산면 용수리 산 59 ,N,,,,2022-09-29 16:47:39
4510000,CDFD1004,2003-04-15,,영업/정상,,,,,,백운사,I,2026-05-11 22:36:59,,지정,05,0,200,01,신라때 무염(801-888)이 창건한 것으로 전함,백운사,,,,충청남도 보령시 성주면 성주리 35-2 ,N,,,,2020-04-20 16:38:41
4510000,CDFD1003,1988-07-18,,영업/정상,,,,,,윤창암,I,2026-05-11 22:36:58,충청남도 보령시 남포면 창동1길 233-25,지정,05,0,200,01,1841년에 참판 김광용의 창건으로 전함,윤창암,0419342142,166694.470321859    ,312630.76251489     ,충청남도 보령시 남포면 창동리 산 41 ,N,,,,2011-10-30 13:39:30
4520000,CDFD1003,1988-09-20,,영업/정상,,,,,,세심사,I,2026-05-11 22:37:00,,지정,05,0,0,01,신라 선덕여왕때 자장율사의 창건으로 전함.,세심사,,193429.152224722    ,371126.305713675    ,충청남도 아산시 염치읍 산양리 221 ,N,,,,2003-03-19 14:22:34
4520000,CDFD1002,1988-06-18,,영업/정상,,,,,,인취사,I,2026-05-11 22:36:58,충청남도 아산시 신창면 서부남로790번길 20-52,지정,05,0,0,01,신라 법흥왕 5년 창건으로 전함.,인취사,,193404.029915336    ,364829.789918455    ,충청남도 아산시 신창면 읍내리 84 ,N,,,,2003-03-19 14:13:59
4520000,CDFD1001,1988-06-18,,영업/정상,,,,,,봉곡사,I,2026-05-11 22:36:57,충청남도 아산시 송악면 도송로632번길 138,지정,05,0,0,01,887년에 도선국사가 창건,봉곡사,,196942.030503524    ,355279.226736169    ,충청남도 아산시 송악면 유곡리 595 ,N,,,,2003-03-19 14:04:49
4520000,CDFD1004,1995-09-12,,영업/정상,,,,,,오봉암,I,2026-05-11 22:37:01,,지정,05,0,0,01,고려시대 창건으로 전함.,오봉암,,,,충청남도 아산시 장존동 50 ,N,,,,2003-03-19 14:32:12
4530000,CDFD1001,1983-02-28,,영업/정상,,,,,,개심사,I,2026-05-10 22:36:56,충청남도 서산시 운산면 개심사로 321-86,승인,07,5,500,01,,개심사,,163343.387391015    ,360677.086506376    ,충청남도 서산시 운산면 신창리 1 ,N,,,,2018-07-22 08:16:19
4530000,CDFD1002,1988-06-18,,영업/정상,,,,,,망일사,I,2026-05-10 22:36:56,충청남도 서산시 대산읍 망일산로 831-134,지정,05,1,300,01,"대한불교조계종 제7교구 본사인 수덕사의 말사이다. 1017년(고려 현종 8) 지선(知禪)이 창건하였다. 창건 후 임진왜란 전까지 다섯 차례 중수하였다고 하며, 1589년(조선 선조 22)에 중창하고 1628년(인조 6)에도 중수하였다. 임진왜란과 병자호란 때 활약한 정충신(鄭忠臣) 장군이 당파싸움에서 밀려나 1633년 충청남도 당진에 유폐되었을 때 이 절에서 40일간 머물렀다는 기록이 전한다. 1801년(순조 1) 불에 타 없어진 것을 두열(杜悅)이 중수하였고, 1857년(철종 8) 묘열(竗悅)이 중수하여 100여 년간 사세가 유지되었다.",망일사,0416638441,150642.050558737    ,381940.262038552    ,충청남도 서산시 대산읍 대산리 132-1 ,N,,,,2014-10-02 10:40:40
4550000,CDFD1001,1988-06-18,,영업/정상,,,,,,보석사,I,2026-05-10 22:36:52,충청남도 금산군 남이면 보석사1길 30,지정,05,1,500,01,"보석사와 관계된  문헌상의 기록은 『신증동국여지승람(新增東國輿地勝覽)』에 최초로 전한다. 이자료의 「금산군」조에 현존 사찰로 분류되어 실려 있는데, 이로써 본다면 보석사는 16세기 초반 무렵까지 사세를 유지하고 있었음이 확이된다. 이후 『범우고(梵宇攷)』에는 '금폐(今廢)'라고 되어 잇어 18세기 중반에는 이미 폐사의 모습으로 전해지고 있었던 것으로 보인다. 따라서 임진왜란 때 소실되었다고 하는 최근 기록은 나름대로 신빙성이 있어 보이지만, 정확한 폐사 시점에 대해서는 더 검토해 볼 필요가 있다. 
18세기부터 이미 폐사로 변해버린 보석사가 언제 중건되었는지는 불분명하다. 다만 현재 일주문 왼쪽에 서있는 「의병승장비(義兵僧將碑)」가 1839년(헌종 6) 5월에 건립되었으므로 이 무렵 언젠가에 중건되었을 가능성이 높아 보인다. 일부 자료에는 고종 때 명성황후(明成皇后), 또는 그의 오빠가 중창하여 오늘에 이르고 있다고 서술되어 있지만, 그것은 「의병승장비」를 세울 당시의 중건 이후에 진행된 또다른 중건 사실로 이해해야 할 것이다.",보석사,0417531523,242811.788977302    ,283864.600322585    ,충청남도 금산군 남이면 석동리 711 ,N,,,,2020-11-26 09:44:43
4550000,CDFD1006,2007-01-22,,영업/정상,,,,,,미륵사,I,2026-05-10 22:36:52,충청남도 금산군 복수면 동구들길 163,지정,05,1,100,01,"미륵사는 신라 성덕대왕 2년에 창건된 사찰로, 최근 요사채 중축 중 상량문이 발견되어 그 사실을 뒷받침하고 있다. 불행히 1948년에 대웅전이 소실되었으나 최근에 개축하였다. 1982년 인근 산록에서 라말여초시기에 조각된 것으로 보이는 파손된 불두 및 석부재가 발견되어 화제가 되었다.
사명대사가 사용하였다는 화강암 맷돌과 영규대사가 쌀을 씻었다고 전하는 석조 등 석조문화재가 남아있다.",미륵사,0417513706,234470.525815986    ,305410.320580309    ,충청남도 금산군 복수면 지량리 345 ,N,,,,2020-11-26 09:54:04
4550000,CDFD1005,1988-06-18,,영업/정상,,,,,,신안사,I,2026-05-10 22:36:52,,지정,05,1,300,01,,신안사,0417527938,252355.730379731    ,296896.439063134    ,충청남도 금산군 제원면 신안리 52 ,N,,,,2020-11-26 09:51:38
4550000,CDFD1004,1988-06-18,,영업/정상,,,,,,태고사,I,2026-05-10 22:36:52,,지정,05,3,500,01,,태고사,0417524735,229350.980842416    ,292798.26505009     ,충청남도 금산군 진산면 행정리 산 29 ,N,,,,2020-11-26 09:48:56
4550000,CDFD1003,2003-05-28,,영업/정상,,,,,,서대사,I,2026-05-10 22:36:52,충청남도 금산군 추부면 서대동기길 120,지정,05,1,100,01,,서대사,0417526306,247437.10308385     ,302054.829803956    ,충청남도 금산군 추부면 서대리 33-1 ,N,,,,2020-11-26 09:39:08
4550000,CDFD1002,1988-09-06,,영업/정상,,,,,,영천암,I,2026-05-10 22:36:52,충청남도 금산군 남이면 보석사1길 148,지정,05,1,50,01,,영천암,,242211.823355215    ,284542.43504748     ,충청남도 금산군 남이면 석동리 714 ,N,,,,2003-05-28 18:27:20
4570000,CDFD1007,1988-06-18,,영업/정상,,,,,,조왕사,I,2026-05-10 22:36:55,,지정,05,0,0,01,"고려시대에 창건된 것으로 추정, 1919년 김병준이 중창",조왕사,,192862.420353666    ,308566.828705231    ,충청남도 부여군 부여읍 동남리 20-3 ,N,,,,2003-04-10 17:05:46
4570000,CDFD1006,1998-11-25,,영업/정상,,,,,,무진암,I,2026-05-10 22:36:55,,지정,05,0,0,01,"무량사의 암자로 매월당 김시습 부도등 고승들의 부도를 지키기 위해 조선시대에 건립 되었음.
조선 중종25년(1530)에 보현사로 개칭되었다가 조선 선조 25년(1592) 임진왜란시 전소된 것을 조선말엽 중건 하였으며, 1980년대부터 대웅전등을 복원 오늘에 이르고 있음.",무진암,,,,충청남도 부여군 외산면 만수리 125-18 ,N,,,,2003-04-10 14:04:04
4570000,CDFD1005,1988-06-18,,영업/정상,,,,,,오덕사,I,2026-05-10 22:36:55,,지정,05,0,0,01,신라 경덕왕 18년 원효가 창건한 것으로 전함.,오덕사,,181662.604072261    ,295035.648018847    ,충청남도 부여군 충화면 오덕리 284 ,N,,,,2003-04-10 13:56:35
4570000,CDFD1004,1988-06-18,,영업/정상,,,,,,대조사,I,2026-05-10 22:36:55,,지정,05,0,0,01,"성왕 4년 겸익이 창건함.
고려 원종(1259-1274)때 진전이 중창",대조사,,190984.928668175    ,298937.494411864    ,충청남도 부여군 임천면 구교리 761 ,N,,,,2003-04-10 13:28:33
4570000,CDFD1003,1988-06-18,,영업/정상,,,,,,금지암,I,2026-05-10 22:36:55,,지정,05,0,0,01,"조선시대에 창건한 것으로 전함
절의 샘에서 금리어가 나왔다고 하여 이름을 금지암이라 했다함.",금지암,,174714.63781718     ,306311.470132337    ,충청남도 부여군 내산면 금지리 산 43 ,N,,,,2003-04-10 10:55:47
4570000,CDFD1002,1988-06-18,,영업/정상,,,,,,무량사,I,2026-05-10 22:36:55,충청남도 부여군 외산면 무량로 203,지정,05,0,0,01,"신라말 통효국사 범일(810-889)이 창건 고려시대에 크게 중창했음
조선시대에는 김시습이 이절에서 말년을 보내다가 1493년(성종 24) 입적했음",무량사,,172363.610053053    ,312959.268983562    ,충청남도 부여군 외산면 만수리 116 ,N,,,,2011-10-30 13:37:00
4570000,CDFD1008,1988-06-18,,영업/정상,,,,,,정각사,I,2026-05-10 22:36:55,충청남도 부여군 석성면 왕릉로정각사길 165,지정,05,0,0,01,백제때 창건된 것으로 추정하며 연혁은 전하지 않음,정각사,,198415.193965838    ,306179.637692239    ,충청남도 부여군 석성면 정각리 354 ,N,,,,2011-10-30 13:07:12
4570000,CDFD1001,1988-06-18,,영업/정상,,,,,,고란사,I,2026-05-10 22:36:55,,지정,05,0,0,01,"언제 누가 창건했는지 알 수 없음.
백제때 왕들이 노닐기 위하여 건립한 정자였다는 설이 있음.
현재의 건물은 1931년에 신축하여 1960년에 보수함.",고란사,,192116.346599753    ,310207.038644684    ,충청남도 부여군 부여읍 쌍북리 산 1 ,N,,,,2003-04-10 09:57:55
4590000,CDFD1001,1988-06-18,,영업/정상,,,,,,장곡사,I,2026-05-11 22:37:48,충청남도 청양군 대치면 장곡길 241,지정,05,1,300,01,,장곡사,0419436769,187336.436435862    ,324053.346562444    ,충청남도 청양군 대치면 장곡리 15 ,N,,,,2003-03-31 21:12:26
4590000,CDFD1002,1988-06-18,,영업/정상,,,,,,정혜사,I,2026-05-11 22:37:49,,승인,07,1,100,01,,정혜사,0419437976,186917.179302989    ,318697.469553057    ,충청남도 청양군 장평면 화산리 487 ,N,,,,2014-12-12 17:30:14
4590000,CDFD1003,1993-02-03,,영업/정상,,,,,,봉정사,I,2026-05-11 22:37:50,,지정,05,1,60,01,,봉정사,0419422094,182992.666819272    ,331663.140526069    ,충청남도 청양군 비봉면 신원리 산 113 ,N,,,,2003-03-31 21:23:53
4600000,CDFD1001,1988-06-18,,영업/정상,,,,,,석련사,I,2025-12-15 16:15:28,충청남도 홍성군 구항면 구성북로160번길 76,지정,05,0,0,01,"655년 무렵 국사의 창건으로 전함.
석련사는 구항면 오봉리 월산 후록(後麓)에 있는데 속칭 새가시절이라고도 한다. 1동 34평에 도금목질불(鍍金木質佛) 2좌가 봉안되어 있는 고찰이다.",석련사,0416327506,165778.878458594    ,344873.699506374    ,충청남도 홍성군 구항면 오봉리 171-2 ,N,,,,2011-10-30 15:36:09
4600000,CDFD1002,1988-06-18,,영업/정상,,,,,,고산사,I,2025-12-15 16:15:28,충청남도 홍성군 결성면 만해로127번길 35-99,지정,05,0,0,01,"결성면 무량리 청룡산에 있는 고산사는 신라때 창건된 사찰이다. 전설로는 도선국사의 창건이라고 하나 알 길이 없다. 1961년 홍성군교육청에서 수리하고 1974년 홍성군청에서 소요경비 700만원으로 해체 복원하고 1984년도에 2,600만원으로 요사채를 복원하고 1990년 1,500만으로 대웅전 지붕보수 외 22m의 축대를 쌓아 고산사 경내를 새롭게 복원하였다. 대광보전과 석불 연대석(連臺石)은 문화재 보물 제399호로 지정되어 있다. 대광보전 중앙과 우편에 있는 불상은 토불이요, 우편의 석불은 입상이며 좌대석은 8각과 4각으로 되어있다. 고산사 사내에는 고산사 중수현판(高山寺 重修懸板)이 보관되어 있다.",고산사,0416428254,158499.773173003    ,338323.085298487    ,충청남도 홍성군 결성면 무량리 498 ,N,,,,2014-03-03 10:45:44
4600000,CDFD1,1988-06-18,,영업/정상,,,,,,석련사,I,2025-12-15 16:15:28,충청남도 홍성군 구항면 구성북로160번길 76,지정,05,,,01,,석련사,0416327506,165778.878458594    ,344873.699506374    ,충청남도 홍성군 구항면 오봉리 171-2 ,,,,,2011-10-24 16:19:06
4600000,CDFD1008,1988-06-18,,영업/정상,,,,,,석연사,I,2025-12-15 16:15:28,,지정,05,,,01,,석연사,0416327506,,,충청남도 홍성군 구항면 오봉리 171-2 ,,,,,2011-10-24 16:11:10
4600000,CDFD1003,1988-09-20,,영업/정상,,,,,,산혜암,I,2025-12-15 16:15:28,충청남도 홍성군 홍성읍 홍덕서로 185-22,지정,05,0,0,01,"산혜암은 일명 월산사라고도 한다. 홍성의 진산인 백월산 중복에 있는데 3동 29평의 고찰로, 도금목질불(鍍金木質佛) 2좌와 목불(木佛) 1좌가 봉안되어 있다. 1,300여년전에 무렴국사(無染國師)가 창건하였다고 하나 고려 후기에 창건한 것으로 추측된다. 현재 사역 안에는 1985년에 새로 건축한 정면3칸, 측면2칸의 대웅전과 정면5칸, 측면3칸의 요사채가 있다.",산혜암,0416323196,166484.279791174    ,345443.259317388    ,충청남도 홍성군 홍성읍 월산리 산 1 ,N,,,,2014-03-03 10:46:35
4600000,CDFD1006,1988-09-20,,영업/정상,,,,,,내원사,I,2025-12-15 16:15:28,충청남도 홍성군 장곡면 장곡길438번길 258-41,지정,05,0,0,01,내원사는 장곡면 광성리 오서산에 있는 고찰로 신라 무열왕 2년에 법명대사(法明大師)의 창건설과 고려후기 창건설이 있다. 2동 25평에 금동불(金銅佛) 2좌가 봉안되어 있다.,내원사,0416421809,169930.708025587    ,329839.997722477    ,충청남도 홍성군 장곡면 광성리 965-2 ,N,,,,2011-10-30 15:20:44
4600000,CDFD1005,1988-09-20,,영업/정상,,,,,,정암사,I,2025-12-15 16:15:28,충청남도 홍성군 광천읍 오서길 625,지정,05,0,0,01,"정암사는 광천읍 담산리 오서산(烏栖山) 중복에 있는 사찰로 일명 정암사(正庵寺)라고도 한다. 4동 40평에 도금목질불(鍍金木質佛) 4좌가 봉안되어 있는데 동국여지승람(東國與地勝覽)에 의하면 고려 때에 창건하였고 대운대사(大雲大師)가 중수하였다는 기록이 있다. 현재의 정암사는 1976년에 중창한 정면3칸, 측면2칸의 대웅전이 있고, 그 양쪽 옆면과 앞쪽에 요사채가 있어 대체로 ㅁ자형의 구조를 하고 있다.",정암사,0416410488,168047.729716086    ,332828.652383655    ,충청남도 홍성군 광천읍 담산리 산 1 ,N,,,,2014-03-03 10:47:58
4600000,CDFD1004,1988-09-20,,영업/정상,,,,,,용봉사,I,2025-12-15 16:15:28,충청남도 홍성군 홍북면 용봉산1길 109,지정,05,0,0,01,"용봉사는 용봉산 중턱에 있는 사찰로 옛 문헌에는 영봉사(靈鳳寺)로 기록되어 있다. 현재 2동 26명의 이 사찰은 원래는 현 위치에서 서편에 있는 고지에 있었는데 당시에는 상당히 큰 대찰로 추증되었으나 평양인 조모(趙某)가 사지에 분묘를 조성하기 위하여 권력으로 사찰을 현재의 위치로 이축하였는데 백제의 고찰로 추측되고 도금목질불 4좌가 봉안되어 있다. 용봉사에는 괘불이 보존되어 있거니와 이 괘불의 구성은 강마촉지인을 한 석가모니 불화이다. 이 괘불은 조선 숙종 16년(1690) 5월에 이룩된 화사 진간의 작품이다. 영조1년(1725) 3월 괘불을 중수하면서 불화하단에 왕실의 안녕을 비는 내용을 적고 영조대왕을 찬양하였다. 용봉사에서는 매년 4월초파일에 이 괘불을 대웅전 앞의 석축 위에 걸어놓고 불사를 행한다. 이 탱화가 그려진 연기(緣起)는 숙종대왕이 왕자(균=景宗)을 낳았는데 요절하자 사철에 명을 내려 ""거대한 탱화를 그려 죽은 아들의 명복을 기원케 하라""하여 숙종 16년에 화사를 파견한 데서 기인된다고 한다. 괘불의 크기는 592*550cm이며 주존의 오른판이 약간 부자연스러운 것 이외는 흠잡을 곳이 없는 뛰어난 작품이다.",용봉사,0416328917,169145.096691667    ,349929.703659084    ,충청남도 홍성군 홍북읍 신경리 산 80-3 ,N,,,,2014-03-03 10:47:17
4600000,CDFD1007,2005-01-20,,영업/정상,,,,,,구절암,I,2025-12-15 16:15:28,충청남도 홍성군 구항면 거북로218번길 163,지정,05,0,0,01,"백제시대 사찰로 전해오고 있으니 정확한 사력(寺歷)은 알려져 있지 않다. 다만 강희(康熙, 서기 1662~1772년까지 사용되었던 청나라 강희제의 연호)라는 연호(年號)가 새겨진 기와편이 사찰 주변에서 발견된 점으로 보아 구절암九節庵은 늦어도 1622-1722년 사이의 사찰로 추정된다.",구절암,0416417900,166432.711886642    ,340969.544958138    ,충청남도 홍성군 구항면 지정리 570-1 ,N,,,,2011-10-30 15:17:23
4610000,CDFD1001,1988-06-18,,영업/정상,,,,,,수덕사,I,2026-05-09 22:36:57,,지정,05,0,15000,01,"- 신라 진평왕21년(599)에 창건
- 617~685년 원효대사 중건
- 1308(고려 충렬왕) 수덕사 대웅전건립",수덕사,,,,충청남도 예산군 덕산면 사천리 20 ,N,,,,2008-12-19 11:13:51
4610000,CDFD1003,1988-06-18,,영업/정상,,,,,,보덕사,I,2026-05-09 22:36:57,,지정,05,0,200,01,- 1871년 흥선대원군이 1840년 가야사를 불지르고 그후 아버지 묘를 쓰고 왕이 되자 보은의 뜻으로 절을 세워 보덕사라 칭했다.,보덕사,,167452.030519517    ,357517.670511996    ,충청남도 예산군 덕산면 상가리 275 ,N,,,,2003-04-04 09:46:07
4610000,CDFD1002,1988-06-18,,영업/정상,,,,,,향천사,I,2026-05-09 22:36:57,충청남도 예산군 예산읍 향천사로 117-20,지정,05,0,2000,01,"- 백제 의장왕 16년(656)에 의각선사 창건
- 경내에는 도지정 문화재 174호 9층석탑과 문화재
  자료인 179호인 부도등이 있다.",향천사,,187518.286816049    ,354355.019615384    ,충청남도 예산군 예산읍 향천리 57 ,N,,,,2008-12-19 10:57:53
4610000,CDFD1006,2003-04-14,,영업/정상,,,,,,법륜사,I,2026-05-09 22:36:57,충청남도 예산군 삽교읍 도청대로 835-45,지정,05,0,0,01,,법륜사,,170237.293861408    ,353089.706367165    ,충청남도 예산군 삽교읍 신리 313-35 ,N,,,,2008-12-19 14:52:07
4610000,CDFD1005,1988-09-20,,영업/정상,,,,,,화암사,I,2026-05-09 22:36:57,충청남도 예산군 신암면 용궁1길 21-29,지정,05,0,150,01,"- 영조 6년(1730)창건 하였다는 설이 있으며 영조 27년(1751)에 추사 김정희 증조부 정효공이 중건 하였고 1846년에 김정희 동생 명희,상희가 다시 중수 했다.",화암사,,182104.003971926    ,359704.807451425    ,충청남도 예산군 신암면 용궁리 202 ,N,,,,2008-12-19 11:09:37
4610000,CDFD1004,1988-06-18,,영업/정상,,,,,,대련사,I,2026-05-09 22:36:57,,지정,05,0,250,01,"- 백제 의자왕 656년 도침선사 창건
- 1849년 보원선사 충수한 사찰로 극락전은 정면 3칸 측면 3칸 맛배지붕건물",대련사,,,,충청남도 예산군 광시면 동산리 11 ,N,,,,2003-04-04 09:48:37
4620000,CDFD1001,2003-04-10,,영업/정상,,,,,,태국사,I,2026-05-11 22:36:53,충청남도 태안군 근흥면 안흥성길 9-29,지정,05,4,200,01,서기 643년 백제무왕 34년에 창건하였다.고려공민왕때 폐사되었던것을 1420년에 세종대왕의 명에 의해 중창하였다.특히 태국사는 안흥항을 통해 드나드는 내외사신들의 무사를 비는 사찰이었으며 국난시에는 태국사의 주지가 승군을 지휘할수 있는 권한을 가지고 있었다.,태국사,,124675.128241229    ,353915.494528269    ,충청남도 태안군 근흥면 정죽리 1078 ,N,,,,2003-04-10 17:17:06
4620000,CDFD1002,2003-04-10,,영업/정상,,,,,,태을암,I,2026-05-11 22:36:53,,지정,05,1,320,01,태을암은 백화산중턱에 위치한 안자로 창건연대미상이다. 태을암이란 사찰명은 15세기경에 경상도 의성에서 태일전을 이고세 옮겨 지은데서 태을암이라 하였다 전한다.,태을암,,,,충청남도 태안군 태안읍 동문리 산 42 ,N,,,,2003-04-10 17:26:36
4620000,CDFD1003,2003-04-10,,영업/정상,,,,,,흥주사,I,2026-05-11 22:36:53,충청남도 태안군 태안읍 속말1길 61-61,지정,05,2,250,01,백제구수왕9년에 흥인조사가 수도하기 위하여 건립하였으나 조선영낙19년 세종왕3년(1421)에 5번째 중수 하였으며 1983년에 다시 중수하였다.,흥주사,,138686.133897021    ,363548.58833803     ,충청남도 태안군 태안읍 상옥리 1154 ,N,,,,2011-10-30 14:47:39
4641000,CDFD1013,1988-07-02,,영업/정상,,,,,,남고사,I,2026-05-11 22:37:02,전북특별자치도 전주시 완산구 남고산성1길 53-88 (동서학동),지정,05,0,0,01,남고산성 중턱에 자리한 남고사는 신라 문무왕 8년(668) 보덕대사의 상도제자인 명덕화상이 창건하였음. 원래는 남고연국사라 하였으나 현재 남고사라 부르고 있으며 전주사고 사찰중 남쪽에 위치하고 있음. 절터인 남고사지는 1985년 기념물로 지정 보호 관리되고 있음 .,남고사,,214299.555427455    ,255502.693908002    ,전북특별자치도 전주시 완산구 동서학동 724 ,N,,,,2022-09-23 09:22:14
4641000,CDFD1012,1998-02-01,,영업/정상,,,,,,일출암,I,2026-05-11 22:37:02,전북특별자치도 전주시 덕진구 왜망실길 250-125  (우아동1가),지정,05,,,01,,일출암,,218515.084111704    ,256838.70023546     ,전북특별자치도 전주시 덕진구 우아동1가 산 226 ,,,,,2011-04-28 12:27:43
4641000,CDFD1011,1996-01-01,,영업/정상,,,,,,서고사,I,2026-05-11 22:37:02,전북특별자치도 전주시 덕진구 정여립로 1010-90  (만성동),지정,05,,,01,,서고사,,207629.222603688    ,259484.169605403    ,전북특별자치도 전주시 덕진구 만성동 84 ,,,,,2011-04-28 12:26:51
4641000,CDFD1010,1992-01-01,,영업/정상,,,,,,약수암,I,2026-05-11 22:37:02,전북특별자치도 전주시 덕진구 도당산로 46-10  (우아동3가),지정,05,,,01,,약수암,,214235.593986509    ,260559.277980144    ,전북특별자치도 전주시 덕진구 우아동3가 461-15 ,,,,,2011-04-28 12:26:02
4641000,CDFD1009,1992-01-01,,영업/정상,,,,,,동고사,I,2026-05-11 22:37:01,,지정,05,,,01,,동고사,,214876.44678535     ,256738.27297763     ,전북특별자치도 전주시 완산구 교동 산 10-1 ,,,,,2011-04-28 12:24:39
4641000,CDFD1008,1992-01-01,,영업/정상,,,,,,불정사,I,2026-05-11 22:37:01,전북특별자치도 전주시 완산구 서학로 24-21  (동서학동),지정,05,,,01,,불정사,,213677.146844235    ,256580.350062798    ,전북특별자치도 전주시 완산구 동서학동 154 ,,,,,2011-04-28 12:23:18
4641000,CDFD1007,1988-07-02,,영업/정상,,,,,,남고사,I,2026-05-11 22:37:01,전북특별자치도 전주시 완산구 남고산성1길 53-88  (동서학동),지정,05,,,01,,남고사,,214299.555427455    ,255502.693908002    ,전북특별자치도 전주시 완산구 동서학동 724 ,,,,,2011-08-09 13:55:24
4641000,CDFD1006,1992-01-01,,영업/정상,,,,,,실상사,I,2026-05-11 22:37:01,,지정,05,,,01,,실상사,0632537337,211541.879112136    ,257797.672928604    ,전북특별자치도 전주시 덕진구 진북동 산 89 ,,,,,2011-04-26 11:53:45
4641000,CDFD1005,1992-03-02,,영업/정상,,,,,,선린사,I,2026-05-11 22:37:00,전북특별자치도 전주시 덕진구 한배미6길 55  (인후동1가),지정,05,,,01,,선린사,,215211.309687585    ,257773.195751538    ,전북특별자치도 전주시 덕진구 인후동1가 16-13 ,,,,,2010-05-28 09:54:18
4641000,CDFD1004,1996-01-10,,영업/정상,,,,,,학소암,I,2026-05-11 22:36:58,전북특별자치도 전주시 완산구 평화7길 49-67  (평화동2가),지정,05,,,01,,학소암,,213087.319540219    ,254097.875645248    ,전북특별자치도 전주시 완산구 평화동2가 1 ,,,,,2008-09-05 10:57:27
4641000,CDFD1003,1992-01-10,,영업/정상,,,,,,승암사,I,2026-05-11 22:36:57,전북특별자치도 전주시 완산구 바람쐬는길 47-13  (교동),지정,05,,,01,,승암사,0632839902,214774.977552013    ,256574.54825257     ,전북특별자치도 전주시 완산구 교동 945 ,,,,,2008-09-03 16:48:53
4641000,CDFD1001,2007-09-07,,영업/정상,,,,,,정혜사,I,2026-05-11 22:36:55,전북특별자치도 전주시 완산구 외칠봉1길 36  (효자동1가),지정,05,,,01,,정혜사,,212508.495389044    ,256023.24921791     ,전북특별자치도 전주시 완산구 효자동1가 4 ,,,,,2007-09-07 09:50:31
4641000,CDFD1014,1989-08-10,,영업/정상,,,,,,정혜사,I,2026-05-11 22:37:02,전북특별자치도 전주시 완산구 외칠봉1길 36 (효자동1가),지정,05,0,0,01,"본사찰은 1899년 최향관(명주스님 외조부)이 득남발원을 위해 작은 암자를 세웠음. 보문종을 창종하고 3·4대 종정을 지낸 정명주스님이 중창, 현재의 정혜사 대가람을 형성 2,000평이 넘는 경내지에 보광전, 명부전, 칠성각, 삼성각등 요사 부속건물 보문유치원을 전주에서 가장 규모가 큰 사찰로 발전되어 왔음.",정혜사,,212508.495389044    ,256023.24921791     ,전북특별자치도 전주시 완산구 효자동1가 4 ,N,,,,2022-09-23 09:22:40
4641000,CDFD1023,1998-04-17,,영업/정상,,,,,,일출암,I,2026-05-11 22:37:06,전북특별자치도 전주시 덕진구 왜망실길 250-125  (우아동1가),지정,05,0,0,01,창건연대는 문헌상 정확한 기록이 없으나 1600년경 그이전에 절이 있었는데 진묵대사가 주석하며 중건하였다는 진묵대사 유적판본에 기록되어 있음. 임진왜란때 대부분 파괴되어 근래에 중건하였으며 1985년 비구 이창희스님이 주지취임 후 주변환경을 정비하여 오늘에 이르고 있음.,일출암,,218515.084111704    ,256838.70023546     ,전북특별자치도 전주시 덕진구 우아동1가 산 226 ,N,,,,2011-08-09 14:38:20
4641000,CDFD1022,1996-03-12,,영업/정상,,,,,,학소암,I,2026-05-11 22:37:05,,지정,05,0,0,01,"본사찰은 조선태조 이성계가 이곳을 지나다 산세가 아름답고 조용하며 산수가 깨끗하여 산신각에서 공부하다 갔다고 함.
 그후 1550년 명종 5년 광혜화상이 창건하였다고 하는데 학소암이라 하게된 연유는 이곳의 지형이 학의 집터 같다는데서 학소암이라 했다고 함. 학소암의 전설 한토막을 소개하면 학이 알을 품을때는 학소암과 그부근이 부하고 번성하였으면 학이 없어질때는 궁핍해진다고 했음",학소암,,,,전북특별자치도 전주시 완산구 평화동2가 산 5-1 ,N,,,,2011-08-09 14:35:45
4641000,CDFD1021,1996-02-24,,영업/정상,,,,,,서고사,I,2026-05-11 22:37:04,전북특별자치도 전주시 덕진구 정여립로 1010-90 (만성동),지정,05,0,0,01,서고사는 후백제 견훤이 전주에 도읍을 정하고 국운의 회복과 백성의 안녕을 기원하기 위해 왕즉위 즉시(908) 명덕화상에 의하여 창건되었다고 전함. 또한 전주 4고사찰중 하나로 서쪽에 위치하였기 때문에 서고사라 칭하였으며 본사찰이 황방산에 위치하고 있어 황방이란 서쪽 허한부분에서 삽쌀개가 밤새 지저대어 누른다는 뜻에서 연유한 것이라 함.,서고사,,207629.222603688    ,259484.169605403    ,전북특별자치도 전주시 덕진구 만성동 84 ,N,,,,2022-09-23 09:24:59
4641000,CDFD1020,1992-03-02,,영업/정상,,,,,,약수암,I,2026-05-11 22:37:03,전북특별자치도 전주시 덕진구 도당산로 46-10 (우아동3가),지정,05,0,0,01,본사찰은 전주역 부근 인후공원 초입에 위치하고 있으며 사찰의 건물은 전통목조가 아닌 일반콘크리트조로 건립되었으며 사찰 맞은편 산기슭에 약수가 있어 많은 이용객이 왕래하고 있고 약수터로 인하여 사찰이름도 약수암이라 칭했음.,약수암,,214235.593986509    ,260559.277980144    ,전북특별자치도 전주시 덕진구 우아동3가 461-15 ,N,,,,2022-09-23 09:24:41
4641000,CDFD1019,1992-03-02,,영업/정상,,,,,,동고사,I,2026-05-11 22:37:03,,지정,05,0,0,01,신라 49대 헌강왕 2년(876) 도선국사가 현위치보다 위쪽에 초창하였다고 하며 전주 4고찰중 동쪽에 위치하여 동고사라고 부르고 있음. 동고사의 후면에는 한 스님이 좌선수도하고 있는 모습의 자연석이 있어 이를 속칭 중바위라고 하였고 승암산이라 부르는 것은 이런 연유임. 1984년 전라북도 문화재자료로 지정 보존관리되고 있음,동고사,,214876.44678535     ,256738.27297763     ,전북특별자치도 전주시 완산구 교동 산 10-1 ,N,,,,2011-08-09 14:23:18
4641000,CDFD1018,1992-03-02,,영업/정상,,,,,,승암사,I,2026-05-11 22:37:02,전북특별자치도 전주시 완산구 바람쐬는길 47-13  (교동),지정,05,0,0,01,신라 헌강왕 2년 도선국사가 창건한 사찰로서 진묵대사와 제자 원응선사가 이곳에서 수도를 하였다고 함. 원응선사가 북편 진묵굴에서 수행도중에 마셨던 물이 약수라 하여 한때 약수암이라 부르기도 하였으며 임진왜란때 소실되었으나 영조 16년(1740) 조관대사가 중창하였음.,승암사,,214774.977552013    ,256574.54825257     ,전북특별자치도 전주시 완산구 교동 945 ,N,,,,2011-08-09 14:40:04
4641000,CDFD1017,1992-03-02,,영업/정상,,,,,,선린사,I,2026-05-11 22:37:02,,지정,05,0,0,01,본사찰은 전북에서 전생록하면 영험이 있는 보살로 통하는 유복희 보살이 1962년에 창건한 사찰임. 또한 전주에서 신도가 많기로 알려진 선린사는 그동안 조계종에 속해있다가 1987년 태고종으로 전적했음. 지금의 선린사 주지는 전생록의 아들인 혜안스님이 맡고 있으며 기린봉 가파른 중턱까지 차가 들어오게 길을 내고 신도의 왕래와 주변 산책코스로도 으뜸가는 곳임.,선린사,,,,전북특별자치도 전주시 덕진구 인후동1가 산 16-13 ,N,,,,2022-09-23 09:23:51
4641000,CDFD1016,1992-03-02,,영업/정상,,,,,,실상사,I,2026-05-11 22:37:02,,지정,05,0,0,01,조선조 중엽부터 있었던 사찰이라고 전해지고 있으나 정확한 기록은 없으며 1918년경 학승스님이 복원하였음. 현재 일암 주지스님은 전북지방에서 으뜸가는 범패기능 보유자로 영상작법집을 발간하기도 하였음.,실상사,,211541.879112136    ,257797.672928604    ,전북특별자치도 전주시 덕진구 진북동 산 89 ,N,,,,2022-09-23 09:23:35
4641000,CDFD1015,1992-03-02,,영업/정상,,,,,,불정사,I,2026-05-11 22:37:02,전북특별자치도 전주시 완산구 춘향로 5377-74 (동서학동),지정,05,0,0,01,창건연대는 문헌상 정확한 기록이 없으나 100여년전부터 현위치에 자리한 사찰이라 함. 박흥석스님이 50년 전에 중건하여 인법당만 있는 불정사를 칠성사라 개명하였으며 1963년 지금의 불정사 조실 일봉 임영택스님이 인수하여 법당과 요사를 건립하고 절의 면모를 갖추고 칠성사를 다시 옛이름인 불정사로 고쳐 부르게 되었음.,불정사,,214508.946900221    ,255879.495731577    ,전북특별자치도 전주시 완산구 동서학동 산 148-2 ,N,,,,2022-09-23 09:23:21
4671000,CDFD1001,1988-07-28,,영업/정상,,,,,54051,상주사,I,2026-05-10 22:36:53,전북특별자치도 군산시 서수면 함안로 57-29,지정,05,3,100,01,이 사찰은 백제 무왕 7년 28년(606)혜공대사가 초창하였고 고려 공민왕11면(1362)에 나옹대사 조선인조19년(1641)에 취계대사 조선영조38년(1762)에 학봉선사 중수하였다,상주사,,186618.80116163     ,277838.054628755    ,전북특별자치도 군산시 서수면 축동리 544 ,N,,,,2011-11-03 15:07:54
4671000,CDFD1003,1988-07-28,,영업/정상,,,,,,불주사,I,2026-05-10 22:36:53,전북특별자치도 군산시 나포면 군둔길 226,지정,05,1,100,01,"백제 의자왕때 창건된 절이나 하나 뚜렷한 기록은 전해지지 않고 있다. 대웅전은 150cm의 높은 기단위에 정면 3칸, 측면 2칸의 주심포 건물이다",불주사,,186115.760430437    ,280490.396636304    ,전북특별자치도 군산시 나포면 장상리 838 ,N,,,,2011-11-03 15:23:43
4671000,CDFD1002,1988-10-28,,영업/정상,,,,,,지장암,I,2026-05-10 22:36:53,전북특별자치도 군산시 개정면 원아산2길 135,지정,05,0,100,01,,지장암,,182370.620687082    ,274166.473306389    ,전북특별자치도 군산시 개정면 아산리 32-2 ,N,,,,2011-11-03 15:11:32
4681000,CDFD1004,2003-03-26,,영업/정상,,,,,,백운사,I,2026-05-07 22:36:56,전북특별자치도 익산시 여산면 천호산길 155-23,지정,05,0,0,01,,백운사,,210948.819425752    ,282562.081294931    ,전북특별자치도 익산시 여산면 호산리 65 ,N,,,,2003-03-26 12:03:23
4681000,CDFD1005,2003-03-26,,영업/정상,,,,,,자명사,I,2026-05-07 22:36:56,,지정,05,0,0,01,,자명사,,,,전북특별자치도 익산시 용안면 법성리 산 70 ,N,,,,2003-03-26 12:26:01
4681000,CDFD1006,2003-03-26,,영업/정상,,,,,,남원사,I,2026-05-07 22:36:56,,지정,05,0,0,01,,남원사,,207374.156226094    ,283922.412036072    ,전북특별자치도 익산시 여산면 제남리 224 ,N,,,,2003-03-26 12:28:15
4681000,CDFD1007,2003-03-26,,영업/정상,,,,,,심곡사,I,2026-05-07 22:36:56,,지정,05,0,0,01,,심곡사,,,,전북특별자치도 익산시 낭산면 낭산리 산 176 ,N,,,,2003-03-26 12:30:06
4681000,CDFD1003,2003-03-26,,영업/정상,,,,,,숭림사,I,2026-05-07 22:36:56,전북특별자치도 익산시 웅포면 백제로 495-57,지정,05,0,0,01,,숭림사,,192327.066346575    ,286798.87066586     ,전북특별자치도 익산시 웅포면 송천리 5 ,N,,,,2003-03-26 12:00:39
4681000,CDFD1002,2003-03-26,,영업/정상,,,,,,사자암,I,2026-05-07 22:36:56,,지정,05,0,0,01,,사자암,,203523.162657927    ,279603.811774372    ,전북특별자치도 익산시 금마면 신용리 609-1 ,N,,,,2003-03-26 11:56:44
4681000,CDFD1001,2003-03-26,,영업/정상,,,,,,문수사,I,2026-05-07 22:36:56,,지정,05,0,0,01,,문수사,,,,전북특별자치도 익산시 여산면 호산리 산 69 ,N,,,,2003-03-26 11:47:24
4681000,CDFD1008,2003-03-26,,영업/정상,,,,,,태봉사,I,2026-05-07 22:36:56,,지정,05,0,0,01,삼존석불(시유12호),태봉사,,200905.832607864    ,281893.261616834    ,전북특별자치도 익산시 삼기면 연동리 495-1 ,N,,,,2003-03-26 12:32:46
4681000,CDFD1009,2003-03-26,,영업/정상,,,,,,석불사,I,2026-05-07 22:36:56,전북특별자치도 익산시 삼기면 진북로 273,지정,05,0,0,01,석불좌상(보물145호),석불사,,200611.498694754    ,281052.236184874    ,전북특별자치도 익산시 삼기면 연동리 산 220-2 ,N,,,,2003-03-26 12:36:44
4691000,CDFD1009,1992-03-02,,영업/정상,,,,,,법인사,I,2026-05-10 23:01:32,,지정,05,2,200,01,"고구려 보장왕때 보덕이 백제에 귀화하여 그의 제자 수정이 창건하였다고 하며 수차례의 소실과
중건을 거쳐 1990년대 대웅전과 요사채를 갖춘 현재의 모습이 되었다",법인사,0535310593,,,전북특별자치도 정읍시 금붕동 838 ,N,,,,2009-03-23 14:24:10
4691000,CDFD1008,1988-07-28,,영업/정상,,,,,,내장사,I,2026-05-10 23:01:32,전북특별자치도 정읍시 내장산로 1253  (내장동),지정,05,15,60,01,"원래 영은사로써 백제 무왕 37년 (636년) 영은스님이 창건하였으며 조선 중종 34년 (1539) 폐찰되었는데
명종 22년(1567) 희묵스님이 중건하는 등 여러차례 중수가 있었다
한국전쟁때인 1951년 1월 25일 소실된 것을 이후 복원하여 현재의 모습을 갖추었다",내장사,0635388741,191026.778235353    ,221130.184033124    ,전북특별자치도 정읍시 내장동 590 ,N,,,,2009-03-23 14:12:44
4691000,CDFD1007,1992-03-02,,영업/정상,,,,,,일광사,I,2026-05-10 23:01:32,전북특별자치도 정읍시 성황산길 50  (수성동),지정,05,2,200,01,"1910년 박장조 스님이 법인당으로 창건하였으며 1963년 세정 박기정 스님이 인근 초가집을 매입하여
요사채로 사용하였다
1985년 현 주지 황용주 스님이 부임하여 포교활동을 강화하였다.",일광사,0635353380,186929.134923136    ,230427.397514687    ,전북특별자치도 정읍시 수성동 410-2 ,N,,,,2009-03-23 15:01:09
4691000,CDFD1006,1992-03-02,,영업/정상,,,,,,남산사,I,2026-05-10 23:01:32,전북특별자치도 정읍시 북면 정신로 183-64,지정,05,1,1000,01,"예로부터 반야선터라 알려져 있는 禪의 도량으로 병자호란 이전에는 승려가 100여명이나
 기거한 큰 절 이었다고 한다.
 옛날에는 한적사라고도 하였으며 1910년경 이장녀 보살이 암자를 짓고 남산사라 하였다",남산사,0635374418,187461.464835773    ,234388.23494964     ,전북특별자치도 정읍시 북면 남산리 610-1 ,N,,,,2009-03-20 10:44:31
4691000,CDFD1010,1992-03-02,,영업/정상,,,,,56129,석탄사,I,2026-05-10 23:01:32,전북특별자치도 정읍시 칠보면 허궁실2길 186-125,지정,05,4,450,01,"신라때 의상대사가 창건하였다고 전하며 임진왜란때 병화로 소실되었는데 영조때(1750년경) 
모은 방잉걸이 다시 지었다. 동학농민혁명과 한국동란때 소실되었는데 1973년 조병일이 모친의 
뜻을 받아 중건하였다.",석탄사,0635381268,198635.024526979    ,229359.446764547    ,전북특별자치도 정읍시 칠보면 반곡리 산 389 ,N,,,,2011-10-30 16:24:09
4691000,CDFD1004,1988-10-21,,영업/정상,,,,,,정토사,I,2026-05-10 23:01:32,,지정,05,1,300,01,"- 고려 충렬와 25년(1299년) 장담운 선사가 창건
- 조선 선조 36년 (1603년) 진목대사가 약사전 중건
- 1928년 전광명화보살이 칠성각과 원통전을 세웠다",정토사,0635379222,,,전북특별자치도 정읍시 정우면 산북리 산 28 ,N,,,,2009-03-20 11:01:58
4691000,CDFD1003,1992-08-20,,영업/정상,,,,,,다천사,I,2026-05-10 23:01:32,전북특별자치도 정읍시 태인면 태흥1길 59,지정,05,1,1000,01,"- 차를 끓여도 좋을만큼 맑은 물이 있다는 의미를 지니고 있으며, 그 이름은 예전에 이곳에절을 지으려
  할때 오래된 괴목나무 옆에 우물이 있어 깨끗이 청소하였더니, 바위에 ""다천""이라 새겨진 글씨가 발견되어
  지었다고 함. 결국 다천사의 우물은 「차를 끓이던 물」로 사용되었을 것인데, 예전에 이물을 바르고 백일
  기도를 했던 나병환자가 병이 나았다는 영험한 이야기도전해오고 있음.
 
- 1946. 2. 8(음력) 벽산스님이 최초창건(대웅전, 요사,종각, 사천왕문)
- 1990년 140㎡규모의 양옥 요사채 건립
- 1991년 대웅전을 목조기와집 80㎡규모로 개축
- 1992.8.20 전통사찰 지정",다천사,0635344103,195666.146860455    ,239179.504146846    ,전북특별자치도 정읍시 태인면 태흥리 163 ,N,,,,2009-03-19 17:53:42
4691000,CDFD1002,1988-10-21,,영업/정상,,,,,,유선사,I,2026-05-10 23:01:32,,지정,05,10,2000,01,"신라 의상대사(625~702)가 창건한 사찰로서 몇번 폐찰되었다가 1982년 주지 박원순이 대웅전을
 세우고 약사여래석조입상 및 요사채 건립불사로 면모를 갖추었음",유선사,0635369777,179813.082889238    ,235479.788626352    ,전북특별자치도 정읍시 고부면 남복리 산 2 ,N,,,,2009-03-20 11:00:52
4691000,CDFD1001,2009-03-18,,영업/정상,,,,,,정혜사,I,2026-05-10 23:01:32,전북특별자치도 정읍시 죽림2길 28  (연지동),지정,05,1,1500,01,"- 고려시대에 창건되었는데 임진왜란때 소실되었다가 1980년대 김기철 주지가 현재의 자리에
   사찰을 세우고 정혜사라 하였다
 - 1990년 대웅전 창건",정혜사,0635319333,185894.701368385    ,229448.955005159    ,전북특별자치도 정읍시 연지동 148 ,N,,,,2009-03-20 10:56:56
4691000,CDFD1005,1992-03-02,,영업/정상,,,,,,보림사,I,2026-05-10 23:01:32,전북특별자치도 정읍시 북면 보림1길 497,지정,05,5,500,01,"(연혁)
- 최초창건 : 864년 (경문왕 4)에 청환스님이 창건하여 보림암이라 하였다
- 1845년에 요사채를 신축
- 1886년에 극락전을 신축
- 1939년에 삼성각을 신축
(사찰관련 유래)
- 통일신라 경문왕 4년에 보조국사가 수제자 청환법사에게 명하여 창건하였다고 한다.
  누차 소실되고 일제 강점기때는 위봉사의 말사로 존속하였으며 현재는 선운사 말사로 있는데
  1992년 정부의 지원으로 중건되었다",보림사,0635356800,192678.390597956    ,229577.567940475    ,전북특별자치도 정읍시 북면 보림리 938 ,N,,,,2009-03-20 10:31:57
4701000,CDFD1005,2003-04-07,,영업/정상,,,,,,실상사,I,2026-05-10 22:36:53,,지정,05,0,3000,01,"신라 흥덕왕 3년에 창건
신라 구산 선종중 최초의 선종사찰로 정유재란시 전화로 소실
고종 21년에 현재의 규모로 중창",실상사,0636363031,,,전북특별자치도 남원시 산내면 입석리 50 ,N,,,,2007-01-09 09:40:44
4701000,CDFD1006,2003-04-07,,영업/정상,,,,,,귀정사,I,2026-05-10 22:36:53,전북특별자치도 남원시 산동면 대상2길 246,지정,05,0,150,01,"백제 무령왕 15년에 현오국사가 창건
임금이 이곳에 3일간 머물렀다고 해서 귀정사라고 했음
소장 문화재: 귀정사지(시기76호)",귀정사,0636260106,241261.84851011     ,223718.463992117    ,전북특별자치도 남원시 산동면 대상리 1042 ,N,,,,2007-01-09 09:41:16
4701000,CDFD1007,2003-04-07,,영업/정상,,,,,,연화사,I,2026-05-10 22:36:53,,지정,05,0,30,01,"신라말기에 연기 도선국사(827~898)창건
이백면 내령산과 외령산 외주봉 밑에 자리한 연화사에는 미륵석불입상이 고려초기의 작품 추정
소장 문화재: 미륵암석불입상(문자62호)",연화사,0636322708,242394.305046922    ,213299.663540252    ,전북특별자치도 남원시 이백면 효기리 126-1 ,N,,,,2007-01-09 09:42:31
4701000,CDFD1008,2003-04-07,,영업/정상,,,,,,용담사,I,2026-05-10 22:36:53,전북특별자치도 남원시 주천면 원천로 165-26,지정,05,0,152,01,"백제 성왕(523~554)때 창건 또는 신라 연기 도선(827~898)이 창건 했다는 설이 있음
소장 문화재: 석불입상(보물42호), 7층석탑(시유11호)",용담사,0636322708,237391.354533196    ,212423.288313723    ,전북특별자치도 남원시 주천면 용담리 298 ,N,,,,2007-01-09 09:43:07
4701000,CDFD1009,2003-04-07,,영업/정상,,,,,,창덕암,I,2026-05-10 22:36:53,,지정,05,0,0,01,"조선 순종때인 1933년경 김선덕화 보살이 건립
주변경관이 아름답고 수려할 뿐 아니라 이곳에서 기도한 사람은 소원 성취함
소장 문화재: 창덕암 3층석탑(문자 60호)",창덕암,0636251337,,,전북특별자치도 남원시 산동면 부절리 107 ,N,,,,2007-01-09 09:43:38
4701000,CDFD1010,2003-04-07,,영업/정상,,,,,,미륵암,I,2026-05-10 22:36:53,전북특별자치도 남원시 시묘길 24-38 (노암동),지정,05,0,0,01,"연대 미상이나 미륵 석불입상이 고려시대 작품인 것으로 보아 고찰임을 증명함
소장 문화재: 미륵암석불(문자65호)",미륵암,0636257791,233682.436818486    ,209994.49398541     ,전북특별자치도 남원시 노암동 765-1 ,N,,,,2011-10-30 13:38:32
4701000,CDFD1011,2003-04-07,,영업/정상,,,,,,심경암,I,2026-05-10 22:36:53,전북특별자치도 남원시 탑골길 71  (신촌동),지정,05,0,0,01,"고려시대 석불좌상이 있는 것으로 미루어 고려때 창건된 것으로 추정하나 언제 누구에 의해 창건되었는지 미상
소장 문화재: 석불좌상(시유46호)",심경암,0636322298,236692.601563783    ,211877.782206641    ,전북특별자치도 남원시 신촌동 124-2 ,N,,,,2007-01-09 09:46:22
4701000,CDFD1012,2003-01-22,,영업/정상,,,,,,승련사,I,2026-05-10 22:36:53,전북특별자치도 남원시 산동면 요천로 2675-90,지정,05,27,200,01,"●고려 공민왕 10년 신축년(1361)에 준공하여 대가람으로 자리잡고 그후 구곡 각운선사, 천봉 만우선사 등이 승련사의 선풍을 크게 떨치신 큰 도량이었음
●승련사에 대한 기록으로는 고려말 3은중 한분이신 목은 이색선생이 남긴 문헌과 조선조 숙종때 발간한 남원고을 향토지인 용성지 불우편에 전해오고 있음
●창간 무렵 승련사 불전과 선실, 창고등을 합하니 111칸이었으며 용성지를 간행하였던 조선 숙종연간에는 절이 폐하였다는 내용으로 미루어 임진,정유난때 소실된 것으로 추정됨
●현재는 주지 경훤스님께서 옛절터 부지를 찾아 1986년 논으로 되어있는 부지 2,000평을 매입 대웅전, 요사채 등을 불사하여 유서깊은 승련사 선사도량을 1988년 복구한 사찰임
●사찰주변 암벽에는 고려시대 불교사와 한국문양사 연구에 귀중한 자료로 보이는 6자 대명왕진언 옴메니반메훔과 여의두문 문양이 조각되어 있음",승련사,0636267025,241045.505106562    ,221271.290699058    ,전북특별자치도 남원시 산동면 식련리 221 ,N,,,,2007-01-09 09:59:03
4701000,CDFD1013,2006-12-18,,영업/정상,,,,,,관음사,I,2026-05-10 22:36:53,전북특별자치도 남원시 보절면 보절서당길 75-27,지정,05,2,2000,01,"관음사는 1968년 3월 12일 주지 김정문이 이 지역에 위치해 있는 보현사의 산내 암자인 안불암 터에 창건한 태고종 사찰이다. 

관음사의 옛터인 안불암은 용성지나 남원지의 보현사 편에 기록된암자로 일제강점기에 폐사되었는데 1958년 부터 주지 김정문의 부친인 김관용이 사찰 중건을 목적으로 부지를 매입하여관리해 오다가 1968년부터 불사를 시작하여 13년여만에 전통가람의 면모를 갖추어 1984년 구 불교재산관리법에 의거 한국불교 태고종 관음사로 불교단체에 등록하여 전통사찰로서의 기능을 다하고 있다.",관음사,,237160.504527707    ,219918.694519791    ,전북특별자치도 남원시 보절면 서치리 150 ,N,,,,2007-01-09 09:53:19
4701000,CDFD1001,2003-04-07,,영업/정상,,,,,,덕음암,I,2026-05-10 22:36:53,전북특별자치도 남원시 소리길 122-24  (어현동),지정,05,0,300,01,"1929년 응수스님과 노영준스님이 창건
소장 문화재: 석불좌상(문자64호)",덕음암,0636255333,235477.622373734    ,211869.314189869    ,전북특별자치도 남원시 어현동 176 ,N,,,,2007-01-09 09:35:27
4701000,CDFD1002,2003-04-07,,영업/정상,,,,,,선국사,I,2026-05-10 22:36:53,전북특별자치도 남원시 산성길 239  (산곡동),지정,05,0,600,01,"통일신라 신문왕 5년 삼국통일 직후 남원소경이 설치되면서 창건
소장 문화재:  대웅전(시유144호), 대북(문자5호)",선국사,0635257222,232414.064156479    ,214473.376471235    ,전북특별자치도 남원시 산곡동 419 ,N,,,,2007-01-09 09:32:05
4701000,CDFD1003,2003-04-07,,영업/정상,,,,,,대복사,I,2026-05-10 22:36:53,전북특별자치도 남원시 대복사길 61  (왕정동),지정,05,0,100,01,"신라 진성와 7년 도선국사가 창건
소장 문화재: 철불좌상(시유23호), 동종(시유24호), 극락전(문자48호)",대복사,0636311144,233315.504674639    ,213104.352260586    ,전북특별자치도 남원시 왕정동 283 ,N,,,,2010-01-15 17:46:45
4701000,CDFD1004,2003-04-07,,영업/정상,,,,,,선원사,I,2026-05-10 22:36:53,,승인,07,0,650,01,"신라 49대 헌강왕때 도선국사가 비보사찰로 창건
주산(백동산)이 객산(교룡산)보다 미약하여 허약한 지세를 보강하기 위하여 세움
소장 문화재: 철조여래좌상(보물422호), 동종(시유25호), 약사전(시유119호), 대웅전(문자45호)",선원사,0636310108,235473.023355273    ,212619.430208824    ,전북특별자치도 남원시 도통동 392-1 ,N,,,,2022-04-20 17:41:01
4711000,CDFD1001,1988-07-28,,영업/정상,,,,,,금산사,I,2026-04-29 23:04:08,전북특별자치도 김제시 금산면 모악15길 1,지정,05,0,5000,01,"- 백제법왕 1년(559)에 창건되었고 신라때(766년)에 중건됨.
- 정유재란때 소실한 후 인조 13년에 재건하고 영조 52년에 중수됨",금산사,,204787.362134348    ,247031.75048215     ,전북특별자치도 김제시 금산면 금산리 39 ,N,,,,2003-04-11 10:50:29
4711000,CDFD1002,1988-07-28,,영업/정상,,,,,54385,원각사,I,2026-04-29 23:04:08,전북특별자치도 김제시 사정거리1길 20 (요촌동),지정,05,0,800,01,-1927년 왜인이 창건 진조사라 하고 왜인의 사찰로 유재해오다가 1945년 김희석씨가 인수와 동시 원각사라 개칭,원각사,,189420.72488807     ,255745.03316128     ,전북특별자치도 김제시 요촌동 415 ,N,,,,2011-10-30 14:35:29
4711000,CDFD1014,2000-11-04,,영업/정상,,,,,,혜봉사,I,2026-04-29 23:04:08,전북특별자치도 김제시 금구면 양시로 142-13,지정,05,0,1250,01,,혜봉사,,200521.419944018    ,252142.899432613    ,전북특별자치도 김제시 금구면 서도리 23-1 ,N,,,,2003-04-11 17:05:43
4711000,CDFD1013,1988-07-28,,영업/정상,,,,,,문수사,I,2026-04-29 23:04:08,,지정,05,0,800,01,백제무왕 258년(624) 에 혜덕왕사가 문수보살의 현몽으로 문수골에 창건,문수사,,193456.306288306    ,253604.336185512    ,전북특별자치도 김제시 황산동 산 6 ,N,,,,2003-04-11 14:46:36
4711000,CDFD1012,1988-07-28,,영업/정상,,,,,,귀신사,I,2026-04-29 23:04:08,전북특별자치도 김제시 금산면 청도6길 40,지정,05,0,150,01,신라 문무왕 16년(676)에 의상대사가 창건  / 임진왜란때 승병양성지였다는 전설이 있음.,귀신사,,204166.961707956    ,249470.335018342    ,전북특별자치도 김제시 금산면 청도리 81 ,N,,,,2003-04-11 14:42:10
4711000,CDFD1011,2000-11-04,,영업/정상,,,,,,쌍룡사,I,2026-04-29 23:04:08,전북특별자치도 김제시 금산면 금산사1길 70-11,지정,05,0,600,01,,쌍룡사,,200373.724031061    ,246859.957513428    ,전북특별자치도 김제시 금산면 쌍용리 396 ,N,,,,2003-04-11 14:27:13
4711000,CDFD1010,1998-06-26,,영업/정상,,,,,,청룡사,I,2026-04-29 23:04:08,,지정,05,0,520,01,고려 문종 33년 금산사 주지인 해덕왕사가 금산사 말사(용장사)로 건립하였으나  정유재란 당시 모두 소실되어 1954년 용봉화상이 청룡사로 복원 건립함. /  효종 6년(1665년) 조성된 관세음보 살좌상을 봉안하고 있음.,청룡사,,205350.249999056    ,246907.861129725    ,전북특별자치도 김제시 금산면 금산리 산 4-1 ,N,,,,2003-04-11 11:59:06
4711000,CDFD1009,1988-10-28,,영업/정상,,,,,,학선암,I,2026-04-29 23:04:08,,지정,05,0,110,01,고려 성종 7년에 창건되었다고 전함.,학선암,,202118.87068023     ,249427.686851292    ,전북특별자치도 김제시 금산면 청도리 산 309 ,N,,,,2003-04-11 11:54:33
4711000,CDFD1008,1988-10-28,,영업/정상,,,,,,망해사,I,2026-04-29 23:04:08,전북특별자치도 김제시 진봉면 심포10길 94,지정,05,0,250,01,백제 의자왕 2년(642) 부설 거사가 창건한 후 1977년까지 6번에 걸쳐 중창을 거듭해 옴.,망해사,,174192.556182889    ,262191.977302765    ,전북특별자치도 김제시 진봉면 심포리 1004 ,N,,,,2003-04-11 11:50:40
4711000,CDFD1007,1988-10-28,,영업/정상,,,,,,흥복사,I,2026-04-29 23:04:08,,지정,05,0,1500,01,백제 의자왕 10년(650) 고구려에서온 보덕화상이 창건 / 정유재란때 소실(1597) / 인조 3년(1625)흥복처사가 중건,흥복사,,191482.993755601    ,258750.762027238    ,전북특별자치도 김제시 흥사동 263 ,N,,,,2003-04-11 11:46:52
4711000,CDFD1006,1988-10-28,,영업/정상,,,,,,조앙사,I,2026-04-29 23:04:08,,지정,05,0,100,01,당초 진묵조사를 흠앙하는 뜻에서 조사의 조자와 흠앙의 앙자를 따라 조앙사라 지음,조앙사,,,,전북특별자치도 김제시 만경읍 화포리 431 ,N,,,,2003-04-11 11:11:17
4711000,CDFD1005,1988-07-28,,영업/정상,,,,,,청운사,I,2026-04-29 23:04:08,,지정,05,0,400,01,계룡산에서 스님 한분이 바라보니 서광이 비치는 곳이 있었는데 그곳에 절을 건축하고 불도를 닦음.,청운사,,,,전북특별자치도 김제시 청하면 대청리 24 ,N,,,,2003-04-11 11:15:59
4711000,CDFD1004,2003-04-11,,영업/정상,,,,,,용봉사,I,2026-04-29 23:04:08,,지정,05,0,200,01,조선 정조(1777~1799)때 풍수지리에 능한 스님이 좋은 절터라하여 창건.,용봉사,,196762.356339828    ,263950.289324183    ,전북특별자치도 김제시 용지면 봉의리 산 18 ,N,,,,2003-04-11 11:00:58
4711000,CDFD1003,1988-07-28,,영업/정상,,,,,,만복사,I,2026-04-29 23:04:08,,지정,05,0,300,01,고려초에 창건되었따가 조선초엽 불교탄압으로 사찰이 없어지고 부처만을 모시다가1931년 10월 재건후 1938년 새로 건축함,만복사,,,,전북특별자치도 김제시 신곡동 14 ,N,,,,2003-04-11 11:13:12
4721000,CDFD1009,1988-07-28,,영업/정상,,,,,,봉서사,I,2026-04-29 22:36:56,,지정,05,0,0,01,신라 성덕왕 26년 해철선사가 창건한 것으로 추측,봉서사,0632432105,219759.364162638    ,267637.920305653    ,전북특별자치도 완주군 용진읍 간중리 2 ,N,,,,2024-05-02 09:48:44
4721000,CDFD1008,1988-11-19,,영업/정상,,,,,,원등사,I,2026-04-29 22:36:56,,지정,05,0,0,01,신라 보조선사 체징(804∼880)이 창건,원등사,0632438880,226050.193039719    ,264570.683920123    ,전북특별자치도 완주군 소양면 해월리 1 ,N,,,,2003-05-17 11:25:07
4721000,CDFD1007,1992-03-02,,영업/정상,,,,,,학림사,I,2026-04-29 22:36:55,,지정,05,0,0,01,"삼국시대 때 혜명스님이 창건, 고려시대 나옹 혜근스님이 중창함.",학림사,0632612715,213944.284195078    ,274289.88948638     ,전북특별자치도 완주군 봉동읍 은하리 942 ,N,,,,2003-05-17 11:21:46
4721000,CDFD1006,1988-11-19,,영업/정상,,,,,,정수사,I,2026-04-29 22:36:55,,지정,05,0,0,01,신라 진성여왕 2년 889년 창건,정수사,0632825215,,,전북특별자치도 완주군 상관면 마치리 137 ,N,,,,2003-05-17 11:17:37
4721000,CDFD1001,1988-07-28,,영업/정상,,,,,,대원사,I,2026-04-29 22:36:55,,지정,05,0,0,01,"삼국통일 직전 교종5종 가운데 열반종을 세운 보덕화상의 제자 일승, 심정, 대원이 세웠다고 전해짐",대원사,,208590.140676197    ,248050.436054975    ,전북특별자치도 완주군 구이면 원기리 997 ,N,,,,2003-04-08 16:55:57
4721000,CDFD1004,1988-07-28,,영업/정상,,,,,55348,송광사,I,2026-04-29 22:36:55,전북특별자치도 완주군 소양면 송광수만로 255-16,지정,05,0,0,01,신라 경문왕 7년 보조국사 체징이 창건하였다 전함,송광사,0632438091,221774.682280315    ,265061.291104363    ,전북특별자치도 완주군 소양면 대흥리 569 ,N,,,,2011-10-30 14:20:06
4721000,CDFD1003,1988-07-28,,영업/정상,,,,,,위봉사,I,2026-04-29 22:36:55,,지정,05,0,0,01,백제 무왕 5년(604) 창건,위봉사,0632437657,223122.543815834    ,267808.623378727    ,전북특별자치도 완주군 소양면 대흥리 21 ,N,,,,2003-05-17 11:30:21
4721000,CDFD1002,1988-11-19,,영업/정상,,,,,,안심사,I,2026-04-29 22:36:55,,지정,05,0,0,01,신라 선덕여왕 7년(638년) 창건,안심사,,227225.861418292    ,289883.313155171    ,전북특별자치도 완주군 운주면 완창리 25 ,N,,,,2003-05-17 10:54:22
4721000,CDFD1005,1988-07-28,,영업/정상,,,,,,화암사,I,2026-04-29 22:36:55,,지정,05,0,0,01,신라시대 원효.의상 두조사가 이곳에서 수행을 했다 전함,화암사,0632617576,225789.48928332     ,285134.272812962    ,전북특별자치도 완주군 경천면 가천리 1078 ,N,,,,2003-05-17 11:09:06
4731000,CDFD1005,1988-07-28,,영업/정상,,,,,,탑사,I,2026-05-14 22:36:43,전북특별자치도 진안군 마령면 마이산남로 367,지정,05,2,0,01,1920년경 이갑룡이 마이산에 들어와 초가 암자를 짓고 거주하면서 돌미륵불을 안치해 놓고 불공을 드리기 시작하고 1935년경 목조 함석지붕 단층 주택으로 개축하고 편의상 탑사(塔舍)로 불려왔다가 이갑룡의 손(孫) 이왕선이 사찰등록을 하여 탑사(塔寺)로 이름이 정해졌다.,탑사,,237123.652388416    ,251018.685111459    ,전북특별자치도 진안군 마령면 동촌리 8 ,N,,,,2012-09-19 11:24:00
4731000,CDFD1004,1989-02-27,,영업/정상,,,,,,보흥사,I,2026-05-14 22:36:42,,지정,05,1,0,01,"1914년 강정리마을 주민들에 의해 광덕암이란 이름으로 세워졌으며, 마령쪽에서 보면 광대봉이 북쪽에 있으므로 북수사(北峀寺)라고도 불렀는데 1948년 중수 도중 보흥사 상량문이 발견되어 보흥사라 개칭하였다.",보흥사,,233640.457481747    ,249516.686290525    ,전북특별자치도 진안군 마령면 강정리 1-2 ,N,,,,2012-09-19 10:50:28
4731000,CDFD1003,1988-11-10,,영업/정상,,,,,,옥천암,I,2026-05-14 22:36:42,전북특별자치도 진안군 용담면 주용로 227-164,지정,05,0,0,01,"신라 진성여왕 6년 정현선사에 의해 창건되었고, 고려말 조선초에 중수, 1800년경 현령 김이례가 중수, 1919년 군수 김우식이 중수하였다.",옥천암,,242857.773150316    ,274030.001111622    ,전북특별자치도 진안군 용담면 옥거리 575-1 ,N,,,,2007-02-01 18:32:18
4731000,CDFD1002,1988-07-28,,영업/정상,,,,,,고림사,I,2026-05-14 22:36:42,전북특별자치도 진안군 진안읍 상역로 174-96,지정,05,0,0,01,"672년 신라 문무왕 12년 원효스님이 부귀산을 찾아 수도하며 머물때 창건.
고려때는 상림사로 불렸으나 사찰 주위에 수백년 묵은 거목들이 들어차 있어
고림사로 이름을 고쳤다.",고림사,,236459.288504891    ,256422.782047375    ,전북특별자치도 진안군 진안읍 군상리 1161 ,N,,,,2007-02-01 18:11:21
4731000,CDFD1001,2003-10-28,,영업/정상,,,,,,금당사,I,2026-05-14 22:36:42,,지정,05,2,500,01,,금당사,,,,전북특별자치도 진안군 마령면 동촌리 41 ,N,,,,2003-10-28 16:46:40
4731000,CDFD1008,1988-11-10,,영업/정상,,,,,,금당사,I,2026-05-14 22:36:43,,지정,05,1,0,01,"의자왕 10년 무상스님이 창건, 1675년 숙정 1년에 현재의 자리에 세워졌으며 선행 사찰로 금동사란 이름이 전해져 온다. 현 금당사에서 서쪽으로 350m 지점에 고금당이라는 절터가 있는 것으로 보아 이곳이 최초의 금당사가 있던 터로 알려져 있다.",금당사,,235875.008380216    ,250955.8340997      ,전북특별자치도 진안군 마령면 동촌리 39-1 ,N,,,,2012-09-19 10:54:59
4731000,CDFD1007,1988-07-28,,영업/정상,,,,,,은수사,I,2026-05-14 22:36:43,전북특별자치도 진안군 마령면 마이산남로 406,지정,05,0,0,01,"은수사란 이름은 조선 태조가 이곳에 왔을때  물이 은처럼 맑다고 하여 지어진 것이라 한다.
1920년 진안읍 단양리 사양동에 살던 이규헌이 정명암(正明庵)이란 이름으로 재건하였다.",은수사,,237413.880773441    ,251127.389470992    ,전북특별자치도 진안군 마령면 동촌리 6 ,N,,,,2007-02-02 14:56:38
4731000,CDFD1006,1988-07-28,,영업/정상,,,,,,천황사,I,2026-05-14 22:36:43,전북특별자치도 진안군 정천면 수암길 54,지정,05,0,0,01,신라 헌강왕 원년에 무염국사에 의해 창건되었다고 하는데 정확한 기록은 없다. 절의 본래 이름은 숭암사였으며 이후 천황사로 바꾸었다.,천황사,,238909.06686892     ,267311.354200258    ,전북특별자치도 진안군 정천면 갈용리 1428 ,N,,,,2007-02-02 14:42:49
4741000,CDFD1001,1988-07-28,,영업/정상,,,,,55542,원통사,I,2026-05-10 22:36:51,전북특별자치도 무주군 안성면 원통사로 676 (원통사),지정,05,0,0,01,"- 신라때 창건
- 1949년 소실, 1957년 재건
- 1983년 도지정문화재 지정후 선초당을 복원하고 1985년 대웅전 복원",원통사,0633232100,263124.444800141    ,257834.333745344    ,전북특별자치도 무주군 안성면 죽천리 1-1 원통사 ,N,,,,2013-12-20 13:33:06
4741000,CDFD1002,1983-10-07,,영업/정상,,,,,,안국사,I,2026-05-10 22:36:51,전북특별자치도 무주군 적상면 산성로 1050,지정,05,1,1500,01,,안국사,,262308.740952266    ,271814.125336157    ,전북특별자치도 무주군 적상면 괴목리 산 184-1 ,N,,,,2013-12-20 13:27:04
4751000,CDFD1001,1989-03-22,,영업/정상,,,,,55652,영월암,I,2026-05-11 22:36:57,전북특별자치도 장수군 산서면 봉서로 182-135,지정,05,1,150,01,달을 가장오래 볼수 있다 하여 영월암이라함. 절에는 토굴이 있어 삼한시대부터 이름난 위인들이 이토출에서 수행하였다함.,영월암,,234951.774856245    ,227538.589533159    ,전북특별자치도 장수군 산서면 봉서리 520-1 ,N,,,,2013-12-18 10:58:31
4751000,CDFD1002,1988-07-28,,영업/정상,,,,,55610,신광사,I,2026-05-11 22:36:58,전북특별자치도 장수군 천천면 신광길 31,지정,05,2,250,01,신라 경문왕 5년(865) 무량국사가 창건. 1598년 정유재란때 전소되었던 것을 1649년에 전해선사에 의해 중수 되어 현재에 이르고 있음.,신광사,,244696.110912868    ,245100.950922034    ,전북특별자치도 장수군 천천면 비룡리 38 ,N,,,,2013-12-18 10:55:39
4751000,CDFD1003,1988-07-28,,영업/정상,,,,,55649,원흥사,I,2026-05-11 22:37:00,전북특별자치도 장수군 산서면 원흥길 102-6,지정,05,0,0,01,통일신라때 사찰이 있었으나 사찰이 폐사되고 석불만 있었는데 1830년 허씨부인에 의하여 창건되어 현재에 이르고 있음.,원흥사,,238061.390345211    ,232258.15716609     ,전북특별자치도 장수군 산서면 마하리 477-1 ,N,,,,2013-12-18 10:56:41
4751000,CDFD1004,1999-07-06,,영업/정상,,,,,55618,성관사,I,2026-05-11 22:37:01,전북특별자치도 장수군 장계면 장무로 492-83,지정,05,9,4000,01,성관사는 조선시대 창건된 사찰로 조선후기까지 존재하다가 화재로 소실된 것을 1995년 중건하여 오늘에 이르고 있음.,성관사,,254541.901342688    ,250444.551863983    ,전북특별자치도 장수군 장계면 금덕리 38-2 ,N,,,,2013-12-18 10:57:26
4751000,CDFD1005,1989-03-22,,영업/정상,,,,,55646,미륵암,I,2026-05-11 22:37:01,전북특별자치도 장수군 산서면 초장길 51-61,지정,05,1,100,01,신라 또는 고려시대 유물로 추정되는 석불을 모시고 있으며 나라의 길흉에 따라 석불의 색깔이 변한다고 전해져 오고 있음.,미륵암,,234215.505881374    ,233908.944680669    ,전북특별자치도 장수군 산서면 오산리 406-1 ,N,,,,2013-12-18 22:06:18
4751000,CDFD1006,1989-03-22,,영업/정상,,,,,,팔성사,I,2026-05-11 22:37:01,전북특별자치도 장수군 장수읍 비행로 1455-94,지정,05,3,3400,01,백제무왕때 해감스님이 창건함. 현재 팔공사내 8개 암자중 하나 였다고 전해져 내려오고 있음.,팔성사,,243357.8674147      ,235788.054446551    ,전북특별자치도 장수군 장수읍 용계리 1267 ,N,,,,2003-02-13 10:38:21
4761000,CDFD1004,1988-07-28,,영업/정상,,,,,55916,상이암,I,2026-05-11 22:39:56,전북특별자치도 임실군 성수면 성수산길 658,지정,05,2,300,01,"신라 헌강왕 원년에 도선국사가 창건 도선암(道詵庵)이라 했음.
그후 고려 태조 왕건이 이곳에서 100일 기도후 못에서 목욕할 때 용이 내려와 몸을 씻어주고 승천함.",상이암,0636426263,238419.961815277    ,237414.278260109    ,전북특별자치도 임실군 성수면 성수리 1-1 ,N,,,,2011-10-30 14:32:00
4761000,CDFD1001,1988-07-28,,영업/정상,,,,,55907,신흥사,I,2026-05-11 22:39:56,전북특별자치도 임실군 관촌면 상월로 889-19,지정,05,1,180,01,백제 성왕 7년에 건립하였으며 창건 당시에는 규모가 큰 사찰이었으나 지금은 대웅전과 산신각만 남아있음.,신흥사,0636432178,223431.792326856    ,250562.396995525    ,전북특별자치도 임실군 관촌면 상월리 360 ,N,,,,2011-10-30 14:34:32
4761000,CDFD1002,1988-07-28,,영업/정상,,,,,55930,죽림암,I,2026-05-11 22:39:56,전북특별자치도 임실군 임실읍 호반로 79-53,지정,05,1,50,01,9세기말에 진감국사가 암자를 짓고 수도했다고 함,죽림암,0636423270,224363.915827399    ,235254.086132165    ,전북특별자치도 임실군 임실읍 성가리 525 ,N,,,,2011-10-30 14:33:37
4761000,CDFD1003,1988-07-28,,영업/정상,,,,,55950,해월암,I,2026-05-11 22:39:56,전북특별자치도 임실군 오수면 오수8길 49-30,지정,05,2,450,01,고려말 해경대사와 월산대사가 창건하였다 하여 두 대사의 이름을 따서 해월암 이라고 전함,해월암,0636426161,229209.200334587    ,226415.782684634    ,전북특별자치도 임실군 오수면 대명리 725 ,N,,,,2011-10-30 14:21:08
4771000,CDFD1003,1988-10-28,,영업/정상,,,,,56011,만일사,I,2026-05-11 22:36:53,전북특별자치도 순창군 구림면 안심길 103-134,지정,05,1,100,01,"384년(백제 침류왕 원년)에 창건되었다고 하나, 또 다른 기록에 의하면 673년(백제무왕)대 건립되었다고 전함.
그후 조선 초 이성게가 임금이 되기전 나옹선사와 그의 제자인 무학대사에 의해 중창
1596년 저유재란때 소실된 것을 지홍대사와 원충대사가 다시 중창하였으나 6
.25동란으로 완전소실
1954년 청신여사 김인숙의 시주와 그의 신도들의 도움으로 대웅전과 삼성각 요사채 건립
만일사라는 명칭은 무ㅏㅎㄱ대사가 이성계를 임금의 자리에 오르게 하고자 만일동안 이곳에서 기도를 올렸다고 하는데에서 유래됨.
원래 무학대사가 중창한 만일사는 현사찰이 있는 곳에서 북쪽으로 200여 미터 올라가 위치하고 있었다고 하나 1954년 현 건물을 중찰할 때 지금의 위치에 축조하였다.",만일사,,210600.354974134    ,220717.370146899    ,전북특별자치도 순창군 구림면 안정리 337 ,N,,,,2011-10-30 17:11:33
4771000,CDFD1001,1988-07-28,,영업/정상,,,,,56020,강천사,I,2026-05-11 22:36:53,전북특별자치도 순창군 팔덕면 강천산길 270,지정,05,2,300,01,"887년(신라 진성여왕  원년) 도선국사가 창건 강천사의 원명은 복천사(福 川 寺) 또는 복천사(福 泉 寺)라 하였음(대동여지승람 제39권) 순창편에 복천 ( 川 )사라 기록되어 있고,  1760년(영조36녀) 경진판(옥천군지)에는 복천(泉)사라 하였고 기록되어 있음. 도 거기에는 칭강천사(稱 剛 泉 寺)라 하였다. 이보다도 훨씬 앞서 선조 때 학자 구봉 宋 翼 弼이 강천사에 유숙하며 칭강천사라는 제목으로 시를 지었으니 이미 선조 때에도 강천사라 일부에서는 불렀던 것으로 추정(중종이후)할 수 있음.
옥천군지 경진판에는 불전이 셋이요 승방이12방이란 기록이 있으며, 전설에 의하면 소속 암자가 12개라고 전하고 있으나 옥천군지에는 5개의 암자만 기록되어 있음.
 강천사 소장 문화재로는 1316년(고려 충숙왕 3년)에 덕현선사 세운  강천사5층석탑(유형 제92호)과 강천사 모과나무(기념물  제97호)가 있음.",강천사,,204989.097249836    ,210971.663799987    ,전북특별자치도 순창군 팔덕면 청계리 996 ,N,,,,2011-10-30 17:15:32
4771000,CDFD1002,1988-10-28,,영업/정상,,,,,56000,구암사,I,2026-05-11 22:36:53,전북특별자치도 순창군 복흥면 봉덕길 131-144,승인,07,2,100,01,"-624년(백제무왕35년) 숭제법사에 의해 창건된 사찰로 노령산맹의 주봉인 영구산(혀재의 도집산  해발720m) 중턱에 위치
-1392년(조선 태조 원년) 학운선사가 중창
-구암사라 함은 사찰 동편 지점에 거북모양의 바위가 있어 그 이름을 따라 구암사라 명명하였음
-옛부터 유명한 대종사들이  주석하였던 곳으로 조선 영조때 화암종주 설파대사가 거주한 곳이며 이로부터 100여년간 우리나라 불교계의 화암종맥의 법계가 된 사찰임. 임진왜란때 병화로 전소외었으며 조선 헌종때는 유명한 명유인 노사 기정진 선생과 백파스님, 그리고 추사 김정희 선생등이 이곳에서 동거하면서 친교 수학하였던 사찰임.
백파선사의 설법으로 입산수도한 승려가 각처에서 운집하여 단문 중흥조라 불렀고 그 법맥이 고창 선운사와 정읍 내장사, 장성 백양사에 전법되었다.",구암사,,189583.292943183    ,217314.423074099    ,전북특별자치도 순창군 복흥면 봉덕리 374 ,N,,,,2012-09-20 08:57:56
4771000,CDFD1005,1988-10-28,,영업/정상,,,,,56037,실상암,I,2026-05-11 22:36:54,전북특별자치도 순창군 순창읍 금산로 56,지정,05,1,160,01,"1936년 10월15일 순창읍 순화리에 거주하는 李佳化(일명 正實行)와 주운대사(柱雲大師)의 제기로 창건하고 성가불상을 봉안하였다. 다시 1938년에 관음보살상(觀音菩薩像)을 봉안하였다. 1972년 이상호(李相昊)가 대웅전을 중건하였다. 이 절을 창건할 때 순창여자 중학교에 위치(玉泉寺의 경내)하고 있는 3층석탑으로부터 상서(祥瑞)로운 빛이 이곳에 비쳤다고 해서 절 이름을 실상암(實祥唵)이라 이름 지었다고 한다. 경내에는 대웅전, 요사채2동, 석탑, 관음보살상이 있다.",실상암,0636533384,212001.491793086    ,209053.222583549    ,전북특별자치도 순창군 순창읍 순화리 671 ,N,,,,2011-10-30 16:51:19
4771000,CDFD1004,1988-10-28,,영업/정상,,,,,56048,대모암,I,2026-05-11 22:36:53,전북특별자치도 순창군 순창읍 장류로 197-22,지정,05,1,200,01,1933.10.26일에 박동식(朴東植)과 청신여신도(淸信女信徒)등 30여명의 제기(祭起)로 학성선사(鶴成禪師)가 창건하였다. 그후 6.25동란으로 절의 여신도들은 각기 분산되어 행방을 알 수 없게 되었다. 이후 1952년에 이문용(李文容)외 3명의 승려가 관리하여 왔으며. 그동안 침체된 절을 1973년에 다시 법당을 중수하였다. 1993년에 강선동스님이 대웅전을 신축하여 기존의 법당을 요사채로 활용하여 오다가 2004년 남영복(정오)스님이 개수하여 현재에 이르고 있다.,대모암,0636533549,211192.081038863    ,208143.2104269      ,전북특별자치도 순창군 순창읍 백산리 31 ,N,,,,2011-10-30 17:06:54
4781000,CDFD1001,2003-02-07,,영업/정상,,,,,56452,선운사,I,2026-05-10 23:03:06,전북특별자치도 고창군 아산면 선운사로 250,지정,05,15,500,01,"백제 위덕왕24년(577) 의운국사가 창건하고 조선성종3년(1472) 행조선사가 중거하였으나 정유재란때 병화로 소실된것을 광해군5년(1613)에 원준대사가 재건하였으며 대웅전은 보물 제290호로 지정된 건물이다. 창건 당시는 요사 189개와 89암자 굴 144개와 3,000여명의 승려가 수도한 호남제일의 사찰이었다고 전해오고 있다. 현재 본당은 대웅전외 11개의 중요건물과 동운암,석상암,참당암,도솔암의 4개 암자를 보유하고 있는 대한불교 조계종 제24교구 본사이다.",선운사,,161673.391102046    ,222036.159933652    ,전북특별자치도 고창군 아산면 삼인리 500 ,N,,,,2015-11-20 16:00:12
4781000,CDFD1002,1988-07-28,,영업/정상,,,,,,상원사,I,2026-05-10 23:03:06,,지정,05,3,300,01,신라 진흥왕7년(갑자년) 서기544년에 고봉스님과 반용스님이 창건하고 조선조 태조25년에 중건하였음. 대웅전은 정면3칸 측면2칸의 맛배지붕이며 칠성각은 정면3칸 측면2칸의 맛배지붕으로 고산 준령에 위치하고 있음,상원사,,175814.643490972    ,216010.289232237    ,전북특별자치도 고창군 고창읍 월곡리 1 ,N,,,,2003-02-07 10:55:38
4781000,CDFD1003,1988-07-28,,영업/정상,,,,,,문수사,I,2026-05-10 23:03:07,,지정,05,1,500,01,"문수사는 해발 320m 곧 문수산 중턱에 자리하고 있으며 그 위에 해발 420m의 골짜기에는 내원암이 자리하고 있다. 대웅전, 만세루, 명부전, 문수전, 한산전은 원형이 잘 보존되어 있으며 대웅전은 남향으로 정면 3칸 측면 2칸의 맛배지붕 다포계 건물로 주불인 석가여래좌상이 안치되어 있으며 한산전은 요사로 사용되고 있다. 
현건물은 사적기에 의하면 신라의 명승 자장율사가 당나라에 건너가 청량산에 들어가 삼칠기도를 거듭한 끝에 문수보살의 계를 깨닫고 돌아와 우연히 이곳을 지나다 보니 산세, 수세가 모두 당나라의 청량산과 흡사하여 지금의 대웅전 위에 있는 굴속에 들어앉아 7일기도를 하자 역시 문수보살이 나타나서 이곳에 문수도장을 개설했다는 것이다. 
조선 효종 4년(1653)에 성오대사와 상유비가 중건 하였고 영조 40년 (1764)에 신화, 쾌영 두 화상이 선운사로 부터 이주해 와서 1차 중수를 하였고 현종 원년 (1835)에 우홍스님이 2차 중수하였다. 지금의 대웅전은 현종원년에 중수한 것이다. 
",문수사,,174801.853437059    ,208642.145790928    ,전북특별자치도 고창군 고수면 은사리 산 190-1 ,N,,,,2003-02-07 10:54:59
4781000,CDFD1004,1988-07-28,,영업/정상,,,,,,소요사,I,2026-05-10 23:03:07,전북특별자치도 고창군 부안면 질마재로 226-236,지정,05,3,100,01,"신라 진흥왕때 창건하였으며, 조선조 중기에 소요대사를 비롯한 저명한 승려들이 배출되었고 고려의 강감찬 장군도 이 절의 출신이라는 일화가 있다. 대웅전은 정면3칸, 측면3칸의 팔작지붕이다			",소요사,,165115.71724943     ,224916.033591167    ,전북특별자치도 고창군 부안면 용산리 산 148-1 ,N,,,,2003-02-07 11:03:04
4781000,CDFD1006,2001-10-30,,영업/정상,,,,,56452,도솔암,I,2026-05-10 23:03:08,전북특별자치도 고창군 아산면 도솔길 294,지정,05,3,200,01,도솔암은 백제시대에 창건된 사찰로서 고려시대에 조성된 도솔암마애불(보물 제1200호) 지장보살좌상(보물 제28호) 나한전(문자 제110호)등 많은 문화재를 보유하고 있다.,도솔암,,160356.885818332    ,220260.325372915    ,전북특별자치도 고창군 아산면 삼인리 618 ,N,,,,2011-10-30 15:47:52
4781000,CDFD1005,1992-02-01,,영업/정상,,,,,,용화사,I,2026-05-10 23:03:07,,지정,05,1,200,01,,용화사,,,,전북특별자치도 고창군 대산면 연동리 산 75 ,N,,,,2003-02-07 11:09:30
4781000,CDFD1008,2006-01-27,,영업/정상,,,,,,참당암,I,2026-05-10 23:03:08,,지정,05,2,200,01,"이전에는 大懺寺. 懺堂寺등으로 불렸으며, 규모가 상당히 큰 사찰이었다고 한다.  이절은 진평왕 49년(627)에서 진덕여왕 3년(649)사이에 義雲祖師가 창건하였고, 충숙왕 16년(1329) 上樑이 대웅전을 중수하였으며 중종 25년(1530)에 一軒이 중수하였다.",참당암,0635633440,161679.445776064    ,222325.97416419     ,전북특별자치도 고창군 아산면 삼인리 650 ,N,,,,2007-01-04 16:00:33
4781000,CDFD1007,2003-01-18,,영업/정상,,,,,,석상암,I,2026-05-10 23:03:08,전북특별자치도 고창군 아산면 선운사로 242-73,지정,05,1,100,01,,석상암,,161319.289071327    ,222492.395033903    ,전북특별자치도 고창군 아산면 삼인리 494 ,N,,,,2003-02-07 11:24:56
4791000,CDFD1003,1988-07-28,,영업/정상,,,,,56344,내소사,I,2026-05-10 22:36:54,전북특별자치도 부안군 진서면 내소사로 243,지정,05,0,0,01,백제 무왕 34년 '혜구'선사가 창건,내소사,0635837281,162527.664315174    ,235378.956255138    ,전북특별자치도 부안군 진서면 석포리 268 ,N,,,,2011-10-30 13:41:39
4791000,CDFD1004,1992-03-02,,영업/정상,,,,,56343,월명암,I,2026-05-10 22:36:54,전북특별자치도 부안군 변산면 내변산로 236-180,지정,05,0,0,01,통일신라 신문왕 11년에 '부설거사'가 창건,월명암,0635827890,159857.628307513    ,238020.164791414    ,전북특별자치도 부안군 변산면 중계리 산 96-1 ,N,,,,2011-10-30 13:40:32
4791000,CDFD1001,1988-07-28,,영업/정상,,,,,56305,성황사,I,2026-05-10 22:36:54,전북특별자치도 부안군 부안읍 서림공원길 92,지정,05,1,0,01,,성황사,0635825844,175556.694272856    ,248397.10086182     ,전북특별자치도 부안군 부안읍 동중리 401 ,N,,,,2011-10-30 13:42:50
4791000,CDFD1,2003-02-06,,영업/정상,,,,,56349,내원암,I,2026-05-10 22:36:54,전북특별자치도 부안군 위도면 내원암길 42,,BBBB,,,01,,내원암,,,,전북특별자치도 부안군 위도면 치도리 362 ,,,,,2013-12-31 13:36:32
4791000,CDFD1002,1988-07-28,,영업/정상,,,,,56336,개암사,I,2026-05-10 22:36:54,전북특별자치도 부안군 상서면 개암로 248,지정,05,0,0,01,백제 무왕35년 '묘련왕사'가 창건,개암사,0635810080,168225.361195188    ,240383.370584985    ,전북특별자치도 부안군 상서면 감교리 714 ,N,,,,2011-10-30 13:42:08
4791000,CDFD1006,2003-02-06,,영업/정상,,,,,56349,내원암,I,2026-05-10 22:36:54,전북특별자치도 부안군 위도면 내원암길 42,지정,05,0,0,01,,내원암,0635813283,,,전북특별자치도 부안군 위도면 치도리 362 ,N,,,,2006-12-15 15:55:25
4791000,CDFD1005,1998-06-19,,영업/정상,,,,,56303,용화사,I,2026-05-10 22:36:54,전북특별자치도 부안군 행안면 미륵골길 43,지정,05,0,0,01,백제 의자왕 2년 '묘련왕사'가 창건,용화사,0635844919,174191.370963054    ,247935.981650789    ,전북특별자치도 부안군 행안면 역리 336-1 ,N,,,,2003-02-25 11:45:46
5020000,CDFD1003,1998-07-21,,영업/정상,,,,,,진불사,I,2026-05-10 22:31:35,,지정,05,0,0,01,,진불사,,426377.655816344    ,281767.787337847    ,경상북도 포항시 남구 동해면 중흥리 산 80 ,N,,,,2012-01-16 15:54:28
5020000,CDFD1002,1988-07-21,,영업/정상,,,,,,몽운사,I,2026-05-10 22:31:35,,지정,05,0,0,01,,몽운사,,421190.089616401    ,277016.130814961    ,경상북도 포항시 남구 동해면 금광리 641 ,N,,,,2002-12-06 16:54:35
5020000,CDFD1001,1988-07-21,,영업/정상,,,,,,오어사,I,2026-05-10 22:31:35,경상북도 포항시 남구 오천읍 오어로 1,지정,05,0,0,01,,오어사,,413730.905542135    ,272153.300092935    ,경상북도 포항시 남구 오천읍 항사리 34 ,N,,,,2002-12-06 16:54:15
5020000,CDFD1013,1988-07-21,,영업/정상,,,,,,보경사,I,2026-05-10 22:31:35,,지정,05,0,0,01,,보경사,0542621117,,,경상북도 포항시 북구 송라면 중산리 ,N,,,,2014-01-15 14:18:43
5020000,CDFD1011,1988-07-21,,영업/정상,,,,,,보경사,I,2026-05-10 22:31:35,경상북도 포항시 북구 송라면 보경로 523,지정,05,0,0,01,,보경사,,408273.342109916    ,308216.367906552    ,경상북도 포항시 북구 송라면 중산리 622 ,N,,,,2011-10-30 13:06:38
5020000,CDFD1004,1988-07-21,,영업/정상,,,,,,일출선원,I,2026-05-10 22:31:35,경상북도 포항시 남구 동해면 정동길 551-74,지정,05,0,0,01,,일출선원,,424519.971055725    ,277967.921880175    ,경상북도 포항시 남구 동해면 중산리 산 36-1 ,N,,,,2002-12-06 16:55:39
5020000,CDFD1010,1988-07-21,,영업/정상,,,,,,법광사,I,2026-05-10 22:31:35,경상북도 포항시 북구 신광면 상읍길 290,지정,05,0,0,01,,법광사,,401799.161881153    ,296332.042794218    ,경상북도 포항시 북구 신광면 상읍리 875 ,N,,,,2002-12-06 16:57:51
5020000,CDFD1006,1989-07-21,,영업/정상,,,,,,고석사,I,2026-05-10 22:31:35,경상북도 포항시 남구 장기면 방산로 526,지정,05,0,0,01,,고석사,,422334.375856734    ,271125.364365277    ,경상북도 포항시 남구 장기면 방산리 887 ,N,,,,2002-12-06 16:56:17
5020000,CDFD1007,1988-07-21,,영업/정상,,,,,,해봉사,I,2026-05-10 22:31:35,경상북도 포항시 남구 호미곶면 명월길 304-16,지정,05,0,0,01,,해봉사,,430111.828866599    ,284241.476430015    ,경상북도 포항시 남구 호미곶면 강사리 1066 ,N,,,,2012-08-10 17:02:02
5020000,CDFD1008,1988-07-21,,영업/정상,,,,,,천곡사,I,2026-05-10 22:31:35,경상북도 포항시 북구 흥해읍 도음로 476,지정,05,0,0,01,,천곡사,,405915.367227292    ,289100.669715482    ,경상북도 포항시 북구 흥해읍 학천리 796 ,N,,,,2002-12-06 16:57:08
5020000,CDFD1009,1998-07-21,,영업/정상,,,,,,임허사,I,2026-05-10 22:31:35,경상북도 포항시 북구 흥해읍 동해대로 1548-4,지정,05,0,0,01,,임허사,,410965.59115035     ,292449.880574403    ,경상북도 포항시 북구 흥해읍 옥성리 131 ,N,,,,2002-12-06 16:35:01
5020000,CDFD1012,1988-07-21,,영업/정상,,,,,,무학사,I,2026-05-10 22:31:35,경상북도 포항시 북구 기계면 새마을발상지길 212,지정,05,0,0,01,,무학사,,396912.113080425    ,286792.321861424    ,경상북도 포항시 북구 기계면 문성리 511-1 ,N,,,,2002-12-06 16:58:36
5020000,CDFD1005,1988-07-21,,영업/정상,,,,,,선암사,I,2026-05-10 22:31:35,경상북도 포항시 남구 동해면 정동길417번길 97-37,지정,05,0,0,01,,선암사,,424234.509878012    ,276949.847800224    ,경상북도 포항시 남구 동해면 공당리 791 ,N,,,,2002-12-06 16:55:57
5050000,CDFD1011,1988-10-12,,영업/정상,,,,,,천룡사,I,2025-12-15 16:15:28,,지정,05,0,0,01,,천룡사,0547482901,400926.618698314    ,253750.293460341    ,경상북도 경주시 내남면 용장리 산 138 ,N,,,,2003-06-19 10:25:22
5050000,CDFD1012,1988-10-12,,영업/정상,,,,,,보덕암,I,2025-12-15 16:15:28,,지정,05,0,0,01,,보덕암,0547751129,420207.494366879    ,249204.964403207    ,경상북도 경주시 양남면 나산리 848-1 ,N,,,,2003-06-19 10:31:23
5050000,CDFD1001,1962-10-30,,영업/정상,,,,,,불국사,I,2025-12-15 16:15:28,,지정,05,0,0,01,,불국사,0547469911,,,경상북도 경주시 진현동 15 ,N,,,,2003-06-19 09:20:59
5050000,CDFD1002,1962-10-30,,영업/정상,,,,,,석굴암,I,2025-12-15 16:15:28,,지정,05,0,0,01,,석굴암,0547469933,412399.897524027    ,257534.46155688     ,경상북도 경주시 진현동 999 ,N,,,,2003-06-19 09:24:21
5050000,CDFD1003,1962-10-10,,영업/정상,,,,,,분황사,I,2025-12-15 16:15:28,,지정,05,0,0,01,,분황사,0547429922,401750.732304195    ,262369.833796526    ,경상북도 경주시 구황동 312 ,N,,,,2003-06-19 09:27:42
5050000,CDFD1004,1962-10-10,,영업/정상,,,,,,백률사,I,2025-12-15 16:15:28,,지정,05,0,0,01,,백률사,0547728634,401254.643068119    ,264282.823954596    ,경상북도 경주시 동천동 406 ,N,,,,2003-06-19 09:31:55
5050000,CDFD1005,1962-10-20,,영업/정상,,,,,,보리사,I,2025-12-15 16:15:28,,지정,05,0,0,01,,보리사,0547480794,,,경상북도 경주시 배반동 산 66 ,N,,,,2003-06-19 10:01:48
5050000,CDFD1006,1962-10-15,,영업/정상,,,,,,망월사,I,2025-12-15 16:15:28,,지정,05,0,0,01,,망월사,0547457579,399727.055340149    ,257949.204226472    ,경상북도 경주시 배동 490 ,N,,,,2003-06-19 10:03:55
5050000,CDFD1007,1988-07-21,,영업/정상,,,,,,기림사,I,2025-12-15 16:15:28,,지정,05,0,0,01,,기림사,0547442292,,,경상북도 경주시 문무대왕면 호암리 419 ,N,,,,2003-06-19 10:07:13
5050000,CDFD1008,1988-07-21,,영업/정상,,,,,,연지암,I,2025-12-15 16:15:28,,지정,05,0,0,01,,연지암,0547447314,410486.437920908    ,252882.988504388    ,경상북도 경주시 외동읍 활성리 378 ,N,,,,2003-06-19 10:09:13
5050000,CDFD1010,1988-10-12,,영업/정상,,,,,,주사암,I,2025-12-15 16:15:28,,지정,05,0,0,01,,주사암,0547512816,,,경상북도 경주시 서면 천촌리 산 1195 ,N,,,,2003-06-19 10:23:42
5050000,CDFD1009,1988-10-12,,영업/정상,,,,,,금정사,I,2025-12-15 16:15:28,,지정,05,0,0,01,,금정사,0547512689,382565.186200874    ,263105.881939527    ,경상북도 경주시 서면 천촌리 852 ,N,,,,2003-06-19 10:20:06
5060000,CDFD1002,1988-07-21,,영업/정상,,,,,,청암사,I,2025-12-15 16:15:28,경상북도 김천시 증산면 평촌2길 335-48,지정,05,140,5000,01,신라 헌안왕 3년 도선국사가 창건 조선인조25년 서산대사가 중창하고 화엄종을 선양하였으며 일제시대 김대운대사가 현재의 건물을 중창,청암사,,290470.98292957     ,266135.503969759    ,경상북도 김천시 증산면 평촌리 688 ,N,,,,2003-04-25 17:46:04
5060000,CDFD1003,1988-07-21,,영업/정상,,,,,,봉곡사,I,2025-12-15 16:15:28,,지정,05,10,300,01,도선국사가 창건할 당시에는 대소전각이 40여동이 될 만큼 웅장한 사찰로 전해지나 임란으로 소실되어 현재는 쇠락한 모습으로 심산유곡에 위치해 있음,봉곡사,,284894.413064282    ,273506.407624205    ,경상북도 김천시 대덕면 조룡리 882 ,N,,,,2003-04-25 18:24:21
5060000,CDFD1004,1988-07-21,,영업/정상,,,,,,계림사,I,2025-12-15 16:15:28,경상북도 김천시 개령면 동부1길 212,지정,05,3,500,01,,계림사,,306236.695683223    ,297543.718439483    ,경상북도 김천시 개령면 동부리 434 ,N,,,,2003-04-25 18:27:53
5060000,CDFD1005,1988-07-21,,영업/정상,,,,,,용화사,I,2025-12-15 16:15:28,경상북도 김천시 봉산면 봉산1로 160,지정,05,3,800,01,조선인조(1640년경)대에 조성된 것으로 추정되는 관음석불 입상이 노천에 있었는데 1927년 대웅전을 건립하였음,용화사,0544300111,293408.489137853    ,294655.436000394    ,경상북도 김천시 봉산면 덕천리 502-2 ,N,,,,2003-04-25 18:32:16
5060000,CDFD1006,1988-07-21,,영업/정상,,,,,,고방사,I,2025-12-15 16:15:28,경상북도 김천시 농소면 벽봉로 1444-143,지정,05,3,1000,01,아도화상이 창건하고 1719년에 수천대사가 현위치로 옮겨 중창하였음,고방사,,306522.350671028    ,284093.567259097    ,경상북도 김천시 농소면 봉곡리 485 ,N,,,,2003-04-25 18:35:32
5060000,CDFD1007,2003-04-25,,영업/정상,,,,,,신흥사,I,2025-12-15 16:15:28,경상북도 김천시 농소면 연명2길 257-212,지정,05,3,300,01,신라 흥덕왕 9년(834년)도의선사가 창건하였으며 1901년 화재로 소실된 것을 1959년 설우스님이 중창하여 현재에 이르고 있음,신흥사,,307206.356891947    ,285688.93553306     ,경상북도 김천시 농소면 봉곡리 15 ,N,,,,2003-04-25 18:38:46
5060000,CDFD1001,1988-07-21,,영업/정상,,,,,,직지사,I,2025-12-15 16:15:28,경상북도 김천시 대항면 직지사길 95,지정,05,60,20000,01,,직지사,0544366174,290336.878517672    ,291108.425030893    ,경상북도 김천시 대항면 운수리 216 ,N,,,,2003-04-25 17:28:26
5070000,CDFD1016,1988-10-12,,영업/정상,,,,,,석탑사,I,2025-12-15 16:15:28,경상북도 안동시 북후면 산북로 260-14,지정,05,1,70,01,"학가산의 북쪽 산록에 자리잡고 있는 석탑사는 681년(신라 신문왕 원년) 의상조사가 창건하였다고 전하나 확실치는 않다. 초창 당시에는 상당한 규모를 갖춘 도량으로서 대웅전 미타전 관음전 시왕정 청풍루 요사 등 많은 건물을 가지고 있었으나 수차의 국난으로 대부분 소실되고 현재는 원통전(정면3칸, 측면2칸)과 산신각(정면1칸, 측면1칸) 요사(정면3칸, 측면2칸) 범종각(구경 43cm, 높이 69cm)으로 된 작은 규모의 절이다.

  석탑사는 1962년 9월 23일 사찰로써 관등록을 필하였고 1982년 12월 18일 경내에 해우소(화장실)을 건립하고, 1987년 음력 7월 7일(칠석)에 정면 3칸, 측면 2칸의 요사가 좁아서 뒤를 시멘트로 확장하였으며, 1988년 10월에 전통사찰로 등록하여 현재에 이르고 있다.  

  입구에 자연석으로 축조한 5층의 자연석탑(경상북도 문화재자료 제343호 안동 석탑리 방단형적석탑)이 있으나, 최초 창건에서부터 기록은 전혀 남아있지 않아서 자세한 내력은 알 수 없고 근래의 기록만 알 수 있을 뿐이다.",석탑사,0548590475,347761.476425745    ,338352.888819876    ,경상북도 안동시 남후면 검암리 596 (760-893) ,N,,,,2011-11-29 13:48:57
5070000,CDFD1015,1988-07-21,,영업/정상,,,,,,석수암,I,2025-12-15 16:15:28,"경상북도 안동시 제비원로 370-13  (안기동,(760-269))",지정,05,2,500,01,"신라시대 도선국사(道詵國師)가 창건한 것으로 알려져 있고 그 후의 연혁은 알려져 있지 않다. 이곳은 옛날부터 돌이 많고 맑고 깨끗한 물이 바위틈으로 흘러 마르지 않아 석수암이라 이름지었다. 경내에는 도선국사가 석수암을 짓고 이를 기념하기 위하여 심었다는 향나무가 있다.
현재 경상북도 기념물 제106호로 지정되어 있으며 수령은 약400여년 정도이다. 경내 건물로는 대웅전, 무량수전, 산령각과 1983년 관음전을 건립할 당시 발굴된 석불좌상이있다.",석수암,0548527870,353442.821562216    ,343929.722264455    ,경상북도 안동시 안기동 276 (760-269) ,N,,,,2008-12-19 10:21:29
5070000,CDFD1014,1988-07-21,,영업/정상,,,,,,서악사,I,2025-12-15 16:15:28,경상북도 안동시 서악길 67-14 (태화동),지정,05,3,600,01,"태화산 기슭에 자리잡은 서악사는 옥동지구의 개발로 도심속 시민들의 휴식과 신앙지로 새로이 변모되고 있다.  천년고찰 서악사는 본존인 극락전을 중심으로 가람이 형성되어 있고 우측면에 관왕묘가 위치하여 있다.  문간채인 요사를 들어서면 넓지는 않지만 아담한 크기의 중정이 있다. 본전인 극락전은 문간채의 맞은 편에 250cm 정도의 자연석 석축 위에 건축되어 있다.   극락전의 좌우에 하나씩의 건물이 배 치되어 있는데 왼쪽 건물은 현재 종무소로 사용하고 있는 응향각이고 오른쪽은 약사여래좌상 독성 산신상을 모시고 있는 산령각이 배치되어 있다. 산령각 앞에는 최근 신축한 천불전이 자리잡고 있고 이 건물과 마주보는 위치에 심검당(尋劍堂) 설선당(設禪當)이라는 편액이 붙어 있는 요사채가 배치되어 전체적인 평면 구성은 ㅁ 자형으로 가람이 형성되어 있다. 응향각은 극락전의 좌측에 자연석으로 기단과 주초석을 놓고 기둥을 세웠다. 정면 3칸, 측면 2칸의 규모이고 현재 종무소로 사용하고 있다. 지붕은 홑처마 맞배지붕에 풍판은 없다. 설선당과 심검당은 응향각 앞에 있는 요사이다. 정면4칸, 측면 2칸의 규모이고 홑처마 맞배지붕이다.",서악사,0548529126,352984.027240515    ,341453.266846422    ,경상북도 안동시 태화동 605 (760-905) ,N,,,,2011-11-29 14:00:52
5070000,CDFD1013,1988-07-21,,영업/정상,,,,,,연미사,I,2025-12-15 16:15:28,,지정,05,2,400,01,"오도산 기슭에 자리잡은 연미사는 대웅전과 요사채 1동으로 구성된 작은 사찰이다. 연미사는 대웅전이 정면 3칸, 측면 1칸의 규모였으나 협소하여 1978년에 증축하여 정면 4칸, 측면 2칸의 규모를 갖추고 있다. 대웅전 옆에 칠성각이 정면 1칸, 측면 1칸의 크기로 있었으나 70년대 초 새마을운동으로 무허가 건물 철거령에 의거하여 철거된 후 다시 짓지 못하고 있다. 요사채는 대웅전 우측에 정면 4칸, 측면 2칸의 크기이며 신도들이 사용한다.

대웅전은 1978년 증축이 되었고 단청은 1986년에 하였다. 대웅전의 우측에 있는 요사채는 정면 4칸, 측면 1칸의 크기이며 서향집이다. 구조는 북쪽에서부터 부엌+방+방+방의 형태이며 정면 3칸과 우측면 1칸에 띠살문을 설치하였다.

*소장 문화재
-이천동 석불상(보물 제115호),
-삼층석탑(지방유형문화재 제99호)",연미사,0548414413,,,경상북도 안동시 이천동 708 (760-330) ,N,,,,2008-12-19 10:18:46
5070000,CDFD1012,1988-10-12,,영업/정상,,,,,,일출암,I,2025-12-15 16:15:28,경상북도 안동시 녹전면 일출길 207  ((760-923)),지정,05,2,200,01,"일출사는 현재 대한불교 조계종 16교구의 말사로 등록되어 있으며 신라 법흥왕때 의상대사가 창건하였다고 전하여지나 현존하는 기록이 없어서 확인할 길은 없다.  

  일출사가 위치하고 있는 봉수산은 안동시 녹전면과 영주시 평은면의 경계를 이루고 있으며 옛날에 봉수대가 있었으나 현재에는 그 흔적만 남아있고 이름도 그렇게 해서 붙여졌다고 한다. 그리고 이 곳은 해발고도가 500M 넘는 고지대이나 사시사철 마르지 않는 샘물이 솟아나기도 한다.
이 샘물에 대한 전설이 내려오고 있는바 의상대사가 사찰을 창건할때 나날이 사찰의 사세가 커져 100여명의 스님들이 기거하게 되자 물이 모자라게 되었다. 이때 의상대사가 신통력을 발휘하여 물을 끌어 우물을 만들었다고 하며 이 우물은 현재도 사용하고 있다고 한다. 만약 사찰의 주지가 잘못하면 우물의 수위가 내려간다는 전설이 전해온다. 또 조선시대에는 중창불사가 활발하게 진행되어 더욱 이름난 사찰이 되었고 귀중한 문화재와 성보(聖寶)가 있었으나 일제시대에 많이 소실되었다. 현재 부속건물로는 대웅전, 산신각, 누각, 요사채 2동이 있다.",일출암,0548555685,354843.924548486    ,360577.684359139    ,경상북도 안동시 녹전면 녹래리 741 (760-923) ,N,,,,2003-03-13 09:46:20
5070000,CDFD1011,1988-10-12,,영업/정상,,,,,,모운사,I,2025-12-15 16:15:28,경상북도 안동시 남후면 모운사길 83,지정,05,2,150,01,"모운사의 창건연대나 그 밖의 내력을 알 수 있는 기록은 전혀 남아 있지 않다. 다만 법당인 백화전(白華殿)의 문 위에 걸려 있는 모운사 중수기를 근거로 하여 살펴볼 수 있다. 중수기에 따르면 도광(道光) 22년(1842)에 백화전을 중수하였고, 신라 태종 무열왕 때 의상조사가 창건한 후 번창할 때에는 십여명의 스님이 상주하는 작지 않은 규모의 사찰이었음을 알 수 있다.

  현재는 법당인 백화전과 요사채 2동이 전부이지만 사찰 주변 여기저기 흩어져있는 기와 조각과 주초석으로 쓰였던 것으로 추정되는 자연석들이 흩어져 있는것으로 보아 여러 동의 전각들이 있었던 것 같다. 지정 문화재로는 문화재자료 제422호 모운사 탱화(3점)이 있다.",모운사,0548590475,347761.476425745    ,338352.888819876    ,경상북도 안동시 남후면 검암리 596 (760-871) ,N,,,,2011-11-29 13:51:23
5070000,CDFD1010,1988-10-12,,영업/정상,,,,,,옥산사,I,2025-12-15 16:15:28,,지정,05,1,200,01,"옥산사가 자리잡고 있는 옥산은 해발 417m이며 산의 정상에 사찰이 자리잡고 있다. 산이 아름답고 구슬과 같이 맑고 깨끗한 물이 계곡을 흐르며 옥석(玉石)이 나던 곳이라 하여 옥산(玉山)이라 불리었으며 산 이름을 따서 옥산사라 하였다. 대한불교 조계종 제16교구 본사인 고운사의 말사 중 하나인 옥산사는 언제 누가 창건하였는지 알려지지 않고 절의 뒤에 있는 마애약사여래좌상(유형문화재 제181호)과 전탑지로 미루어 보아 신라 때부터 유래된 것으로 추측할 뿐이다. 중간에 폐사되었던 것을 1964년에 임추희씨가 새로 법당을 지었고 돌아가신후 지금의 주지이신 월담(月潭)스님으로 오늘에 이르고 있다.

지정문화재로는 지방유형문화재 제181호인 옥산사 마애약사여래좌상이 있으며, 사찰내 부속건물로는 법당(정면4칸, 측면2칸)과 요사(정면4칸, 측면2칸) 산신각이 있다.",옥산사,0548595611,350807.701389911    ,354627.258347718    ,경상북도 안동시 북후면 장기리 산 143 (760-891) ,N,,,,2003-03-31 10:38:57
5070000,CDFD1009,1988-10-12,,영업/정상,,,,,36613,영봉사,I,2025-12-15 16:15:28,경상북도 안동시 북후면 구둠실길 171,지정,05,1,30,01,"영봉사는 지금으로부터 1,200여년 전에 의상(義湘)대사에 의해 창건되었으며 520여년 전 선사(先師) 영송당(永松堂) 도학선사(道學禪師)가 중건하여고 350여년 전에 선사 영학당(永學堂)대선사가 재중건하여 내려오다가 선사 남응선(南應善)대사의 재임시인 1949년 2월 3일 공비(共匪) 토벌계획의 산화(山火) 작전 중 모든 건물이 소실되었다. 그 후 8년동안 주춧돌만 남은 상태로 방치되어 오다가  1957년 9월에 지금의 주지인 도희(道喜)대사가 사재토지 1,400평을 매각하여 재중건 하였다.

사찰의 창건과 관련하여 재미난 일화가 전해지는데 이 이야기는 다음과 같다.
옛날 의상대사가 부석사를 창건하고 나서 신통력으로 한지에 봉황을 그려 하늘에 날리니 살아있는 봉황으로 변해 사찰이 들어설 네 곳에 앉았다. 이 때 봉황은 안동시 서후면의 봉정사(鳳停寺), 북후면 옹천리의 봉서사(鳳棲寺), 북후면 석탑리의 영봉사(詠鳳寺), 예천군 상리면 명봉리의 명봉사(鳴鳳寺)에 나타났다. 이러한 연유로 인해 절의 이름에 봉(鳳)자가 들어가게 되었다.",영봉사,0548411349,343045.665633397    ,356717.650421193    ,경상북도 안동시 북후면 석탑리 1226 ,N,,,,2018-02-26 09:40:28
5070000,CDFD1008,2003-02-24,,영업/정상,,,,,,선찰사,I,2025-12-15 16:15:28,,지정,05,1,100,01,선찰사는 신라시대 창건된 것으로만 전해지고 그 후의 연혁은 전하지 않고있다. 안동의 향토지인 영가지에 따르면 선찰사는 임하현 남쪽 17리쯤 떨어진 약산 동쪽의 물이 휘돌아 가는 곳에 있다. 왼쪽으로는 절벽이 싸고 있고 앞에는 독산이 마주하였다고 적고 있다.,선찰사,0548222176,,,경상북도 안동시 길안면 천지리 699 (760-845) ,N,,,,2003-02-24 12:04:20
5070000,CDFD1007,1988-07-21,,영업/정상,,,,,,봉서사,I,2025-12-15 16:15:28,,지정,05,1,120,01,"부석사를 창건한 의상대사가 도력으로 종이 봉(鳳)을 만들어 날렸다. 봉황은 높이 날아 부석사에서 200여리 떨어져 있는 이곳 학가산에 도착하였다.  종이 봉황은 학가산의 서쪽 산록에 살포시 내려 앉아 알을 까니 이곳에 절을 짓고 영봉사라 이름하였다. 영봉사는 금계포란형의 좋은 땅에 자리를 잡았다.  그렇치만 알을깐 봉황이 이곳에 머물지 않고 새끼들이 성장하게 되자 더 넓은 세상으로 옮겨가게 된다. 봉황은 새끼를 데리고 더 넓고 안락한 곳을 찾기 위하여 주변을 날다가 금학산 자락에 살짝 내려 앉았다. 숲이 울창하고 주변 정경이 한눈에 내려다 보이는 좋은 땅을 찾게되니 이 곳에 다시 절을 짓고 봉황이 깃들었다고 하여 봉서사라 이름하였다. 현재 봉서사는 보광전, 응진전, 포란루, 산신각, 요사 1동으로 이루어져 있는 조그만 사찰이다.",봉서사,0548595996,351617.034300821    ,357165.375382663    ,경상북도 안동시 북후면 옹천리 764 (760-894) ,N,,,,2003-02-24 11:43:48
5070000,CDFD1006,1988-07-21,,영업/정상,,,,,,유하사,I,2025-12-15 16:15:28,경상북도 안동시 와룡면 어은길 39,지정,05,3,500,01,"대한불교 조계종 16교구 본사 고운사의 말사인 유하사는 1897년 월선보살(月仙菩薩)께서 창건
하셨다.",유하사,0548570076,360247.117640123    ,347924.531529004    ,경상북도 안동시 와룡면 가구리 79 (760-911) ,N,,,,2011-11-29 13:45:09
5070000,CDFD1004,1988-07-21,,영업/정상,,,,,,용담사,I,2025-12-15 16:15:28,경상북도 안동시 길안면 미내소일길 138,지정,05,2,700,01,"대한불교조계종 16교구 고운사 말사인 용담사(龍潭寺)는 신라 문무왕 4년(664) 화엄화상(華嚴和尙)에 의하여 창건되었으며, 선조 7년(1574) 송혜증 법사(松惠證 法師)에 의하여 재중건 되었다. 번성기엔 절앞을 흐르는 개울에 쌀씻는 물이 저 아래 묵계까지 흐를 정도로 수도승과 불자들이 많았던 대찰이었다.

  현존하는 당우로는 대웅전(大雄殿 정면3칸, 측면2칸)과 무량전(無量殿 정면3칸, 측면2칸)을 비롯하여, 황학선원(黃鶴禪院 정면5칸, 측면2칸) 요사(寮舍 정면5칸, 측면2칸)로 모두 4동이며, 부속암자로 3동(금정암, 극락암, 학소암)이 있었으나 2동은 사라졌고 현재 금정암(金井庵)만이 용담사의 남쪽 금학산 8부 능선에 자리하고 있다. 

  금정암의 부속건물로는 경상북도 문화재자료 제317호로 지정 보호되고 있는 화엄강당(華嚴講堂  정면8칸, 측면3칸)과 산령각(山靈閣)이 있으며 경내 문화재로는 화엄강당과 경상북도 문화재자료 제40호인 용담사 무량전이 있다.",용담사,0548221188,372633.18741612     ,322698.751842169    ,경상북도 안동시 길안면 금곡리 83 (760-841) ,N,,,,2011-10-30 14:58:01
5070000,CDFD1005,1988-07-21,,영업/정상,,,,,,광흥사,I,2025-12-15 16:15:28,경상북도 안동시 서후면 광흥사길 105,지정,05,3,700,01,"경북 안동시 서후면(西後面) 학가산(鶴駕山)에 있는 절.   
대한불교조계종 제16교구 본사인 고운사(孤雲寺)의 말사이다. 신라의 승려 의상(義湘)이 치악산(雉岳山) 구룡사(龜龍寺)를 세운 직후인 669년(문무왕 9)에 창건하였고, 그 뒤 수차례 중수(重修) ·중창(重創)하여 대찰이 되었다.

일제강점기 말 종교탄압 등의 영향을 받아 관리 소홀로 거의 폐사(廢寺) 상태에 이른 데다, 광복 후인 1946년 대화재가 발생하여 대웅전이 소실되고, 6 ·25전쟁을 겪고 난 54~62년에는 극락전 ·학서루(鶴棲樓) 등마저 도괴됨으로써 중요한 전 ·각 들이 거의 없어졌다. 이렇게 되자 《취지금니묘법연화경(翠紙金泥妙法蓮華經)》(보물 제314호)과 《백지묵서(白紙墨書)묘법연화경》(보물 제315호) 등 중요 문화재를 국립경주박물관으로 옮겼고 현재 경내지정문화재로 지방
유형문화재 제313호 안동 광흥사소장 금자사경 1권과 지방문화재자료 제165호 광흥사 응진전이 남아 있다. 

응진전(應眞殿) ·응향각(凝香閣) ·칠성각과, 화재 뒤 복원된 대방(大房) 및 정면 8칸, 측면 3칸의 요사채 등이 남아 있다.",광흥사,,344251.692296972    ,350628.904364579    ,경상북도 안동시 서후면 재품리 813 (760-823) ,N,,,,2011-11-29 13:41:57
5070000,CDFD1003,1988-07-21,,영업/정상,,,,,,봉황사,I,2025-12-15 16:15:28,경상북도 안동시 임동면 봉황사길 152,지정,05,2,900,01,"대한불교조계종 16교구 고운사 말사인 봉황사(鳳凰寺)는 신라 선덕여왕 13년(644)에 창건되었다고 전하여지나 확실치는 않다. 1980년에 발굴된 아기산봉황사사적비(鵝岐山鳳凰寺事蹟碑)에 따르면 이 절의 이름이 한때 황산사였으며 대웅전을 비롯하여 많은 부속건물을 거느린 큰 사찰이었다고 기록되어 있다. 

  그러나 임진왜란 때 모든 전각이 소실되고 조선 중기 이후에 대웅전과 요사 1채가 중창되어 명맥을 이어오다 근래 선당인 설선당(設禪堂)이 완공되고 1999년에는 극락전을 복원하여 지금에 이르고 있다. 

  부속건물로는 경상북도 유형문화재 제141호인 대웅전(정면5칸, 측면2칸)과 요사채(정면5칸, 측면3칸)  설선당(정면3칸, 측면2칸) 산신각(정면1칸, 측면1칸)으로 구성되어 있으며, 특히 부도(浮屠)군이 있어 옛 명산고찰로서의 향기를 느끼게 한다.",봉황사,0548222562,372980.882710134    ,340144.2508276      ,경상북도 안동시 임동면 수곡리 563 ,N,,,,2011-11-29 13:56:55
5070000,CDFD1002,1988-07-21,,영업/정상,,,,,,개목사,I,2025-12-15 16:15:28,경상북도 안동시 서후면 개목사길 362,지정,05,2,300,01,"대한불교 조계종 16교구 고운사 말사인 개목사(開目寺)는 신라 문무왕때 능인대사에 의하여 창건되었으며 초창 당신에는 상당히 큰 규모를 가진 사찰이었다. 지금은 많이 쇠락하여 원래의 모습은 찾아볼 수 없의며,  다만 그 때의 규모를 짐작할 수 있을 만한 빈터들이 널직하게 자리잡고 있다. 

  현재 개목사는 법당으로 들어가는 중문의 누각건물과 원통전(圓通殿)이 남아있으며 원통전의 왼쪽에 요사채(寮舍砦)가 있고 오른쪽 조금 뒤에 산영각(山靈閣)의 건물이 배치되어 있다. 

  초창 당시에는 흥국사(興國寺)였으나 조선시대에 안동지방에 소경이 많았던 관계로 고불 맹사성 선생께서 흥국사를 개목사(開目寺)로 이름을 고쳐 부처님의 영험으로 눈병을 치료하였다는 설화가 기록되어있는 안동지방의 비보사찰이며,  소장 문화재로는 보물 제242호 개목사원통전이 있다.",개목사,0548416304,349069.525047115    ,352044.866525435    ,경상북도 안동시 서후면 태장리 888 ,N,,,,2008-12-15 16:10:24
5070000,CDFD1001,1988-07-21,,영업/정상,,,,,,봉정사,I,2025-12-15 16:15:28,경상북도 안동시 서후면 봉정사길 222,지정,05,4,2000,01,"신라 문무왕때 의상대사의 창건이라는 기록과 능인대덕의 창건이라는 기록이 있으나 대체로 능인대덕의 창건으로 보고 있다. 신라 문무왕 12년(672)에 능인대덕이 수도를 한 후 도력으로 종이 봉(鳳)을 만들어 날렸는데, 이 봉이 앉은 곳에 절을 짓고 봉정사라 하였다는 전설이 있다.
    
  현재 이 절에는 부석사의 무량수전과 함께 우리 나라에서 가장 오래된 목조건물로 알려져 있는 극락전을 비롯하여 대웅전, 화엄강당, 고금당 등의 지정문화재와 무량해회, 범종각, 산령각 등의 건물이 있으며 이밖에도 고려시대에 건립된 것으로 보이는 삼층석탑과 경판고(經板庫)에는 대장경 판목이 보관되어있다. 부속암자로는 영산암(靈山庵) 지조암(知照庵) 내원암(內原庵)이있다.     

  문화재 현황으로는 국보 제15호 봉정사 극락전, 보물 제55호 봉정사 대웅전, 보물 제448호 봉정사 화엄강당, 보물 제449호 봉정사 고금당, 유형 제182호 봉정사 삼층석탑, 유형 제325호 봉정사 만세루, 유형 제328호 봉정사소장유물, 민자 제126호 봉정사 영산암, 문자 제404호 봉정사 동종이 있다.",봉정사,0548534181,348590.683658978    ,351515.129505858    ,경상북도 안동시 서후면 태장리 901 ,N,,,,2011-10-30 13:56:31
5080000,CDFD1004,2000-10-01,,영업/정상,,,,,,보천사,I,2025-12-15 16:15:28,,지정,05,0,0,01,,보천사,,,,경상북도 구미시 해평면 해평리 525 ,N,,,,2003-06-10 17:00:07
5080000,CDFD1003,2003-06-10,,영업/정상,,,,,,수다사,I,2025-12-15 16:15:28,,지정,05,0,0,01,,수다사,,304683.140292874    ,309830.361449888    ,경상북도 구미시 무을면 상송리 12 ,N,,,,2003-06-10 16:55:41
5080000,CDFD1007,2000-10-09,,영업/정상,,,,,,대둔사,I,2025-12-15 16:15:28,,지정,05,0,0,01,,대둔사,,311446.92001145     ,315749.689592486    ,경상북도 구미시 옥성면 옥관리 1090 ,N,,,,2003-06-10 17:26:03
5080000,CDFD1006,2003-06-10,,영업/정상,,,,,,해운사,I,2025-12-15 16:15:28,,지정,05,0,0,01,,해운사,,316717.527794699    ,289486.501637249    ,경상북도 구미시 남통동 산 94 ,N,,,,2003-06-10 17:23:01
5080000,CDFD1005,2000-10-10,,영업/정상,,,,,,원각사,I,2025-12-15 16:15:28,,지정,05,0,0,01,,원각사,,,,경상북도 구미시 선산읍 노상리 159 ,N,,,,2003-06-10 17:16:41
5080000,CDFD1001,2000-09-01,,영업/정상,,,,,,도리사,I,2025-12-15 16:15:28,,지정,05,0,0,01,,도리사,,325688.041661465    ,307008.505678236    ,경상북도 구미시 해평면 송곡리 403 ,N,,,,2003-06-10 16:36:35
5080000,CDFD1002,2000-12-18,,영업/정상,,,,,,법륜사,I,2025-12-15 16:15:28,,지정,05,0,0,01,,법륜사,,,,경상북도 구미시 선산읍 죽장리 505 ,N,,,,2003-06-12 10:45:53
5090000,CDFD1008,1988-07-21,,영업/정상,,,,,,진월사,I,2026-05-15 21:36:43,경상북도 영주시 평은면 문평로 638-250,지정,05,0,0,01,"진월사는 대한불교조계종 제16교구 본사인 고운사 말사이다. 
신라 문무왕(재위 661∼681) 때 의상(義湘)대사가 창건하였다고 전해지고 있으나 확실한 유래는 알 수 없다. 
이후부터 조선 중기까지의 연혁은 전해지지 않으며 1720년(조선 숙종 46) 설신(雪信)과 계원(戒員)이 무량보전(극락전)을 중건하면서 이 절의 주불을 지장보살에서 아미타삼존불로 바꿔 봉안하고 노전도 신축하였다. 
1797년(정조 21) 계문(戒文)이 중수하였고, 1807년(순조 7) 시임(時任)과 정신(定信)이 중수하였다. 
1891년에 희민(曦玟)이, 1919년 보정(普貞)이 중수하여 오늘에 이른다. 현재 건물로 무량보전과 삼성각, 심원루, 향로전, 요사 등이 남아 있다. 특별히 전해지는 유물은 없다.",진월사,0546365636,347548.015263353    ,357991.474559433    ,경상북도 영주시 평은면 용혈리 1104 ,N,,,,2014-12-18 18:16:07
5090000,CDFD1002,1988-07-21,,영업/정상,,,,,,흑석사,I,2026-05-15 21:36:42,,지정,05,0,0,01,"흑석사는 통일신라시대에 의상대사가 창건했다. 
임진왜란 때에 소실되어 폐찰로 내려오다가 8.15광복 후 소백산 일대 소개령에 의하여
순흥 초암사에 계시던 김상호 스님에 의하여 초암사 재목을 옮겨와 중창된 것이다.
흑석사란 이름의 유래는 절 가까운 마을 이름을 흑석이라 부른데서 연유하였다고 전해
지는데, 마을 뒷편 산자락에 검은 빛깔의 커다란 바위가 있는데서 유래하였다고 한다.",흑석사,0546371900,,,경상북도 영주시 이산면 석포리 1380 ,N,,,,2013-10-14 10:42:59
5090000,CDFD1003,1988-07-21,,영업/정상,,,,,,희방사,I,2026-05-15 21:36:42,경상북도 영주시 풍기읍 죽령로1720번길 278,지정,05,0,0,01,"희방사는 호랑이와의 인연에 의해 지어졌다는 매우 독특한 창건설화를 갖고 있다
선덕여왕12년(643)에 두운조사가 창건했으며,  철종 1년(1850)에 화재로 소실되었던 것을 강월화상이 
다시 중창하였다. 
그러나 6.25때 4동 20여 칸의 당우와 사찰에 보관되어 오던 '월인석보'권1권과 권2는 판본마저 소실되었다.
하지만 이상하게도 주존불은 무사하여 두운조사가 기거하던 천연동굴 속에 봉안하였다가 
1954년 주지 안대근화상이 대웅전을 중건하고 다시 큰 법당에 모셨다.",희방사,0546382400,329782.203414176    ,380807.469914242    ,경상북도 영주시 풍기읍 수철리 313-3 ,N,,,,2013-09-10 15:16:39
5090000,CDFD1007,2003-02-04,,영업/정상,,,,,,유석사,I,2026-05-15 21:36:43,,지정,05,0,0,01,"유석사는 소백산의 도솔봉 남편에 있다. 
신라 효소왕 3년(694년) 창건되어 고려 공민왕 17년(1368)에 중창되었으며, 1928년 제봉스님이 중건하였다. 
신라 의상조사가 이 절 앞에 있던 느티나무 아래반석에서 묵고 간 일이 있다고 하여 절을 짓고 유석사라 했다.",유석사,0546365178,331539.31238467     ,378904.580151259    ,경상북도 영주시 풍기읍 창락리 산 36 ,N,,,,2013-09-11 10:50:20
5090000,CDFD1001,1988-07-21,,영업/정상,,,,,,부석사,I,2026-05-15 21:36:42,경상북도 영주시 부석면 부석사로 345,지정,05,0,0,01,"부석사는 신라 문무왕 16년(676) 해동화엄종의 종조인 의상대사가 왕명으로 창건한 으뜸 사찰입니다.
대사가 당나라에 유학하고 있을 때 당 고종의 신라 침략 소식을 듣고 이를 왕에게 알리고 그가 닦은 화엄교학
(華嚴敎學)을 펴기 위해 귀국하여 이 절을 창건 우리나라 화엄사상의 발원지가 되었다고 합니다.

그런데, 이 절은 신라 화엄종의 도량(道場)임에도 불구하고 본전인 무량수전에는 아미타불(阿彌陀佛)을 주불
(主佛)로 모셨고, 무량수전 앞에 안양문(安養門)을 세웠으니 『安養』은 곧 『極樂』을 일컬음이니 이 절은 
바로 땅 위에 극락세계를 옮겨 놓은 격이 되는 것입니다. 부석사라 이름하게 됨은 무량수전(無量壽殿) 서쪽에 큰 바위가 있는데, 이 바위는 아래의 바위와 서로 붙지 않고 떠 있어 '뜬돌'이라 부른데서 연유하였다고 합니다. 1916년 해체 보수시 발견된 묵서명에 의하면 고려 초기에 무량수전 등을 중창하였으나, 공민왕 7년(1358) 적의 병화를 당하여 우왕 2년(1376) 무량수전이 재건되고, 우왕3년(1377) 조사당(祖師堂)이 재건되었다고 적혀 있습니다.",부석사,0546333464,350146.990605266    ,389910.695105922    ,경상북도 영주시 부석면 북지리 148 ,N,,,,2013-09-10 17:12:17
5090000,CDFD1009,1988-07-21,,영업/정상,,,,,,성혈사,I,2026-05-15 21:36:43,경상북도 영주시 순흥면 죽계로 459-99,지정,05,0,0,01,"“성혈사”라는 이름은 절 아래 300m 쯤 성인이 나온 암굴이 있어 성혈사(聖血寺)라 명명하였다.
 성혈사에는 꽃살 창호로 유명한 나한전(羅漢殿)이 있다. 성혈사 나한전은 정면 3칸, 측면 1칸의 아담 한 단층 맞배 집으로 임진왜란 이후 중창되었다.
이 건물은 배흘림기둥으로 자연미를 살렸으며, 정면 3칸의 창호(窓戶)를 꽃창살호로 장식했다. 특히 창호의 
어칸(御門)부분은 연못에 게, 물고기, 동자상, 여의주, 기러기, 등을 조각하여 진풍경을 이루고 있다.",성혈사,0546332322,337387.612510876    ,384343.013586121    ,경상북도 영주시 순흥면 덕현리 277 ,N,,,,2013-09-11 11:11:21
5090000,CDFD1005,1988-07-21,,영업/정상,,,,,,초암사,I,2026-05-15 21:36:43,경상북도 영주시 순흥면 죽계로315번길 330,지정,05,0,0,01,"신라시대 의상대사가 호국사찰을 세우고자 산수좋은 이곳에 초막을 지어 임시거처를 정하고 명당자리를 골라부석사를 세운 뒤 초막을 지었던 곳에 절을 지어 초암사라 했다.
도유형문화재인 3층석탑 등이 있으며, 초암사는 소백산의 그윽한 정취 속에 깃든 청정도량으로, 세속의 잡다한 생각을 버리게 하고 고요한 명상의 세계로 이끌어준다.",초암사,0546332322,335904.624440841    ,383598.860473411    ,경상북도 영주시 순흥면 배점리 524 ,N,,,,2013-09-10 14:51:00
5090000,CDFD1004,1988-07-21,,영업/정상,,,,,,비로사,I,2026-05-15 21:36:42,경상북도 영주시 풍기읍 삼가로 661-29,지정,05,0,0,01,"680년(문무왕 20)에 의상대사가 창건한 신라고찰로서 불상, 비, 당간지주 등의 유물이 남아있어 이 절의 깊은 내력을 말해주고 있다.   진공대사는 신라 왕계(王系)의 자손으로 가야산에 입산하여 승려가 되었다.
937년(태조 20)에 태조에게 나아가 후삼국의 통일을 축하하고 열반하였다.  이에 태조는 진공(眞空)이라는 
시호를 내리고, 비로사에 보법탑비를 세우기에 이른다.",비로사,0546385033,333458.743766103    ,382980.749364743    ,경상북도 영주시 풍기읍 삼가리 391 ,N,,,,2013-09-10 14:54:43
5090000,CDFD1006,1988-07-21,,영업/정상,,,,,,포교당,I,2026-05-15 21:36:43,경상북도 영주시 중앙로63번길 41-10 (영주동),지정,05,0,0,01,"영주시 도심의 대표적 사찰로 1903년 문경 김용사 직할 포교당으로 세워졌으나,
그 연도는 정확하지 않다.
창건 또한 지역사찰 공동모금 형식으로 이루어졌으며, 
이를 주도한 사찰이 김용사라고 한다.",포교당,0546323767,344577.782050287    ,370318.794590345    ,경상북도 영주시 영주동 411-2 ,N,,,,2013-09-11 11:41:40
5100000,CDFD1007,1988-07-21,,영업/정상,,,,,,진불암,I,2025-12-15 16:15:28,,승인,07,0,0,01,,진불암,,353898.537696198    ,281911.172877064    ,경상북도 영천시 신녕면 치산리 308-3 ,N,,,,2015-07-10 13:14:49
5100000,CDFD1006,1988-07-21,,영업/정상,,,,,,거동사,I,2025-12-15 16:15:28,,승인,07,0,0,01,,거동사,,382314.449259639    ,296314.893964355    ,경상북도 영천시 자양면 보현리 1683 ,N,,,,2018-11-08 15:58:06
5100000,CDFD1005,1988-07-21,,영업/정상,,,,,,대한불교조계종 신흥사,I,2025-12-15 16:15:28,경상북도 영천시 금호읍 금호로 360-29,지정,05,2,150,01,"창건자 장백현이 금호포교당에서 포교하던 중 현 위치에 신라 진평왕때
신흥사가 위치했던 곳이라는 전설에 의해 창건",대한불교조계종 신흥사,0543341101,371277.705914985    ,272471.492898377    ,경상북도 영천시 금호읍 신월리 204-7 ,N,,,,2015-03-02 18:11:27
5100000,CDFD1004,1988-07-21,,영업/정상,,,,,,수도사,I,2025-12-15 16:15:28,,승인,07,1,300,01,"ㅇ 신라 진덕여왕 시대에  지장율사에 의해 창건
ㅇ 원효대사가 수도하던 곳이라 하여 수도암이라고 칭하였음",수도사,0543370730,354783.593777864    ,283526.304805903    ,경상북도 영천시 신녕면 치산리 312 ,N,,,,2017-05-31 10:51:14
5100000,CDFD1003,1988-07-21,,영업/정상,,,,,,봉림사,I,2025-12-15 16:15:28,,승인,07,2,200,01,"ㅇ 신라 선덕여왕시 의상대사가 보현산에 창건
ㅇ 고려말 증월대사가 현지에 이건하여 봉림사로 개칭하였음",봉림사,0543373413,370781.321355077    ,293386.791895379    ,경상북도 영천시 화북면 자천리 2372 ,N,,,,2023-12-29 17:45:08
5100000,CDFD1002,1988-07-21,,영업/정상,,,,,,은해사,I,2025-12-15 16:15:28,,지정,05,20,2000,01,신라 헌덕왕 1년(809년)에 혜철국사가 해안평에 창건한 해안사를 조선 명종 원년에 이곳으로 이건하고 은해사라 하였음.,은해사,0543353318,361316.934053074    ,278312.53852318     ,경상북도 영천시 청통면 치일리 479 ,N,,,,2013-11-04 09:50:27
5100000,CDFD1001,1988-07-21,,영업/정상,,,,,,죽림사,I,2025-12-15 16:15:28,,지정,05,,,01,신라 헌덕왕 1년에 창건. 임란때 전소하고 그후 다시 중창하였으나 한국동란 당시 폐허가 되어 현재 건물은 그후에 복원한 것임.,죽림사,0543341261,372929.269378975    ,273444.304822335    ,경상북도 영천시 금호읍 봉죽리 67 ,N,,,,2008-11-17 15:17:52
5100000,CDFD1009,1988-07-21,,영업/정상,,,,,38814,묘각사,I,2025-12-15 16:15:28,"경상북도 영천시 자양면 용화길 499, 묘각사(삼성전)",지정,05,2,2500,01,신라 선덕여왕시(623∼647년)창건했다고 함,묘각사,0543366633,380811.197415104    ,292358.885567714    ,경상북도 영천시 자양면 용화리 9 묘각사(삼성전) ,N,,,,2024-05-30 14:25:19
5110000,CDFD1009,1988-07-21,,영업/정상,,,,,,청계사,I,2025-12-15 16:15:28,경상북도 상주시 화서면 하송3길 213,지정,05,1,100,01,청계사는 성산산성 또는 견훤성 내에 자리한 고찰이다. 전하는 말로는 신라말기 도선국사가 창건하였다 하며 1730년에는 절 옆에 창사(倉舍)를 옮겨 세우기도 하였다 50여간이나 되는 큰 절이 1905년 의병활동이 전개될 때 이 절이 의병의 근거지가 되어 1907년 왜병들의 방화로 소실되고 1924년 청신녀 김씨(淸信女 金氏)가 현재의 법당을 다시세웠다,청계사,0545362040,285877.066063806    ,332440.701854379    ,경상북도 상주시 화서면 하송리 310-2 ,N,,,,2014-01-24 11:14:04
5110000,CDFD1010,1988-07-21,,영업/정상,,,,,,신흥사,I,2025-12-15 16:15:28,경상북도 상주시 화북면 중벌2길 32,지정,05,1,150,01,신흥사는 1931년 김교순 보살에 의하여 창건하였으며 법당안에 안치된 탱화는 1873년(고종10년)에 조성한 것이다 또 나반존자와 산왕제신상의 민화 2점을 보존하고있다.,신흥사,0545339086,274474.426053775    ,344939.417018567    ,경상북도 상주시 화북면 중벌리 526 ,N,,,,2014-01-28 10:09:43
5110000,CDFD1011,1988-07-21,,영업/정상,,,,,,광덕사,I,2025-12-15 16:15:28,경상북도 상주시 외남면 구서2길 138,지정,05,1,100,01,"광덕사는 백운당이 동학의 수행자로서 불교를 동경하여 1920년에 창건하였다 경내에 1952년 4월 5일 최수운 도덕연원 영세 불망비를 세워 매년 이날 천제를 올리고 있다. 1974년 법화종 말사로 등록 1989년에 대웅전, 삼성각을 중수하고 삼존불과 후불탱화를 봉안하고 있다",광덕사,0545329272,298147.876890321    ,315156.13719373     ,경상북도 상주시 외남면 구서리 산 4 ,N,,,,2014-01-24 11:16:44
5110000,CDFD1012,1988-07-21,,영업/정상,,,,,,청용사,I,2025-12-15 16:15:28,경상북도 상주시 중동면 갱다불길 39-43,지정,05,1,100,01,청용사는 낙동강에 연한 비봉산 산봉의 깎아지른 절벽에 자리한 법화종의 사찰이다. 낙강변 경승지로 불도량으로서만 아니라 고래로 상산의 시인 묵객의 유람이 많은 곳이기도 하다. 이 절에는 후불탱과 아미타 불상을 모시고 있다,청용사,0545329808,313710.227735791    ,327491.435519642    ,경상북도 상주시 중동면 오상리 산 200 ,N,,,,2014-01-24 11:17:17
5110000,CDFD1013,2003-02-04,,영업/정상,,,,,,연수암,I,2025-12-15 16:15:28,경상북도 상주시 연원7길 127 (연원동),지정,05,1,100,01,"연수암의 창건연대는 정확히 알수 없으나 남장사(예 사찰명 : 장백사)가 인접해 있는 것으로 보아 장백사의 여러 암자중 하나로 추정되고 있으며 연수암은 천연의 바위를 둥지로 자리하고 있으며 연꽃이 피는 모양아래 샘물이 항상 나온다 하여 사찰명을 연수암이라 하였다. 연수암은 어느시기엔가 소실되고 있다가 1940년 중반에 재건립되고 그 당시에 세운 9층석탑과 기단부에 사자2마리가 받치고있는 석등이 있으며, 삼존불과 십일면관세음보살입상을 봉안하고 있다",연수암,0545344434,300053.124675558    ,326875.667016629    ,경상북도 상주시 연원동 195 ,N,,,,2014-01-24 11:17:51
5110000,CDFD1014,1988-07-21,,영업/정상,,,,,,남장사,I,2025-12-15 16:15:28,경상북도 상주시 남장1길 259-22 (남장동),지정,05,,,01,,남장사,,299115.345937843    ,326089.007732391    ,경상북도 상주시 남장동 502 ,,,,,2014-01-24 10:13:50
5110000,CDFD1015,1988-07-21,,영업/정상,,,,,,신흥사,I,2025-12-15 16:15:28,경상북도 상주시 화북면 중벌2길 32,지정,05,,,01,,신흥사,,274474.426053775    ,344939.417018567    ,경상북도 상주시 화북면 중벌리 526 ,,,,,2014-01-07 15:46:00
5110000,CDFD1008,1988-07-21,,영업/정상,,,,,,상락사,I,2025-12-15 16:15:28,,지정,05,2,300,01,상주시 서성동 60-8번지에 소재한 조계종 산하의 상주 불교 포교당이다. 1921년에 창건하여 오늘에 이르며 상주 지방 불교부흥과 보급에 크게 기여해온 사찰로 상주시내 중심부에 자리잡고 있다.,상락사,0545352881,303998.920984666    ,324767.197380644    ,경상북도 상주시 서성동 60-8 ,N,,,,2013-10-29 16:37:35
5110000,CDFD1007,1988-07-21,,영업/정상,,,,,,북장사,I,2025-12-15 16:15:28,,지정,05,3,200,01,"북장사는 상주시 내서면 북장리 38번지 천주산에 있다. 조계종 사찰로 신라시대에 창건한 것으로 추정하며 1628년(인조6)중창하였다. 이 절에는 파랑새가 그렸다는 전설이 있는 괘불(보물 1278호)이 있으며 이 괘불의 크기는 높이 1,337cm, 폭 807cm이며 제작년대는 1688년(숙종 14)이며 마본채색으로 되어있다 또한 인평동 폐탑을 옮겨 원형대로 복원한 북장사 삼층석탑(문화재자료 238호)가 있다",북장사,0545335103,,,경상북도 상주시 내서면 북장리 38 ,N,,,,2014-01-24 11:08:45
5110000,CDFD1006,1988-07-21,,영업/정상,,,,,,황령사,I,2025-12-15 16:15:28,경상북도 상주시 은척면 성주로 225,지정,05,1,100,01,신라 27대 선덕여왕 7년(638년)에 의상대사가 창건하고 진성여왕 3년(889년) 대구화상이 중창하였다고 한다 이 절은 1254년(고종 41) 10월 몽고군 차라대(車羅大)가 상주성(백화산성)을 침공할때 승려 홍지(洪之)가 관민병을 거느리고 나가 격퇴했다는 기록(삼국사기)만으로도 이 절은 고려때 존재하였다는 사찰임을 알수 있다 또한 1592년 임진왜란시 함창을 중심으로 창의한 의병의 근거지가 되어 호국의 도량이 되기도 하였다.,황령사,0545414450,291122.562418969    ,337985.754289768    ,경상북도 상주시 은척면 황령리 35 ,N,,,,2014-01-24 11:06:40
5110000,CDFD1005,1988-07-21,,영업/정상,,,,,,용화사,I,2025-12-15 16:15:28,경상북도 상주시 함창읍 증촌2길 10-13,지정,05,1,200,01,용화사는 상주시 함창읍 증촌리 258번지에 소재하는 조계종 산하의 사찰로 676년(신라 문무왕 16년)에 창건하였다 이 절에는 증촌리 석불입상(보물 118호)와 증촌리 석불좌상(보물 120호)등의 불교 문화유산을 보존하고 있는 유서깊은 사찰이다.,용화사,0545413551,304804.08258258     ,341408.894603213    ,경상북도 상주시 함창읍 증촌리 258 ,N,,,,2014-01-24 11:07:08
5110000,CDFD1016,2006-12-29,,영업/정상,,,,,,극락암,I,2025-12-15 16:15:28,경상북도 상주시 모서면 쇠실길 46,지정,05,1,100,01,"극락암은 상주의 명산인 팔음산 기슭인 모서면 화현리 57-3번지에 있으며, 1913년 김보문행(金普門行)보살에 의하여 창건된 조계종 산하의 전통사찰이다.",극락암,,282411.052823624    ,317736.900848242    ,경상북도 상주시 모서면 화현리 57-3 ,N,,,,2014-01-24 11:21:16
5110000,CDFD1003,1988-07-21,,영업/정상,,,,,,용흥사,I,2025-12-15 16:15:28,경상북도 상주시 지천1길 223-35 (지천동),지정,05,6,800,01,"용흥사는 갑장산 서편 중턱에 자리잡은 고찰이다 신라 문성왕 원년(839년) 진감국사가 창건하였다고 전한다. 그러나 1968년 극락보전을 해체 보수항때 발견된 기문에 의하면 고려말 나옹화상이 창건한 후 1647년(인조25) 법심 인화스님이 중창하고 1680년(숙종6)에 思유, 弘治 두스님이 두번 중수하는 등 여러차례 중수하였다 경내에는 극락보전, 나한전, 산성각, 백운선원 등의 전각이 배치되었다 경내에 5층석탑은 1976년 6월 30일 극락보전에 봉안된 탱화에서 발견된 사리를 이 탑에 봉안하여 세운것이다.",용흥사,0545337728,304700.041345051    ,317402.762033608    ,경상북도 상주시 지천동 722 ,N,,,,2014-01-24 11:02:40
5110000,CDFD1002,1988-07-21,,영업/정상,,,,,,갑장사,I,2025-12-15 16:15:28,경상북도 상주시 지천1길 215-197 (지천동),지정,05,2,500,01,"갑장사는 상주시 지천동 산5번지에 자리잡은 조계종 사찰로 상주 四長寺의 하나이다, 이 사찰은 명승지로 알려진 갑장산 정상에 자리하여 항상 연악(淵嶽)의 사계절을 독점하고 있다 사찰의 開基는 1373년(공민왕 22) 나옹화상이 창건하였으며 경내에 문화재자료 125호인 갑장사 3층석탑을 비롯하여 주위에 상사바위, 구룡연, 문필봉, 백길바위 등의 전설에 얽힌 명승들이 있다",갑장사,,,,경상북도 상주시 지천동 산 5 ,N,,,,2014-01-24 11:00:12
5110000,CDFD1001,1988-07-21,,영업/정상,,,,,,남장사,I,2025-12-15 16:15:28,,지정,05,2,800,01,"남장사는 상주시 남장동 502번지에 소재하는 조계종 산하의 사찰로 상주 四長寺의 하나이다
832년(흥덕왕 7년) 당나라에서 귀국한 진감국사가 개창하여 최초로 머문 사찰로 당시의 절 이름은 장백사(長栢寺)였다 이 절은 한국최초의 범패 보급지이며 철불좌상(보물 990호)과 보광전 목각탱(보물 922호)가 있으며 고려 명종 16년(1186년)에 남장사로 개칭하였고 경내에는 1797년(정조 21)에 창건된 관음선원이 있는데 여기에도 관음선원 목각탱(보물 923호)가 있다
 또 노음산 기슭에는 1624년(인조 2년)에 창건한 중궁암이 있다",남장사,0545346331,299115.345937843    ,326089.007732391    ,경상북도 상주시 남장동 502 ,N,,,,2014-02-07 13:34:21
5110000,CDFD1004,1988-07-21,,영업/정상,,,,,,동해사,I,2025-12-15 16:15:28,경상북도 상주시 서곡3길 173 (서곡동),지정,05,2,200,01,"동해사는 상주시 서곡동 722-3번지에 있다 일명 寒山寺 라고도 불리는 이 절은 식산의 고수대(高秀臺)밑에 자리잡았는데 1398년(태조7) 무학대사가 ""상주는 지형이 행주형(行舟形)이어서 높은 곳에 집을지어 주읍(舟揖)의 역할을 해야 안정하다"" 하여 지은 절이라 한다",동해사,0545320523,307086.048013378    ,323372.380468104    ,경상북도 상주시 서곡동 227-3 ,N,,,,2014-01-24 11:07:41
5120000,CDFD1001,1988-07-21,,영업/정상,,,,,,봉암사,I,2026-01-07 17:27:14,경상북도 문경시 가은읍 원북길 313,지정,05,30,1120,01,"선종 9산문(山門)의 하나. 935년(태조 18) 정진국사(靜眞國師) 긍양이 희양산의 봉암사(鳳巖寺)에서 선풍을 선양하여 하나의 문파가 이루어졌기 때문에 희양산 선문 또는 희양산 선파라고 한다. 
신라시대의 선문구산은 명적선사 도의의 가지산문(장흥 보림사), 증각대사 홍척의 실상산문(남원 실상사), 적인선사 혜철의 동리산문(곡성 대안사), 통효선사 범일의 사굴산문(명주 굴산사), 원감선사 현욱의 봉림산문(창원 봉림사), 철감선사 도윤의 사자산문(영월 흥녕사), 지증대사 지선의 희양산문(문경 봉암사), 낭혜화상 무염의 성주산문(보령 성주사)와 진철대사 이엄의 수미산문(해주 광조사)을 말한다.",봉암사,0545719088,289782.29483896     ,355906.593687929    ,경상북도 문경시 가은읍 원북리 485 ,N,,,,2020-11-04 11:15:43
5120000,CDFD1007,1988-07-21,,영업/정상,,,,,,원적사,I,2026-01-07 17:27:14,경상북도 문경시 농암면 우복동길 220-136,지정,05,3,90,01,"신라 무열왕 7년 원효대사 창건.
서암종정이 오랫동안 머물면서 도를 닦은 곳으로도 유명함",원적사,0545539010,282838.304084782    ,344710.740761419    ,경상북도 문경시 농암면 내서리 산 1 ,N,,,,2020-11-04 10:52:38
5120000,CDFD1006,1988-12-07,,영업/정상,,,,,,심원사,I,2026-01-07 17:27:14,경상북도 문경시 농암면 청화로 380-101,지정,05,1,100,01,"신라 원효대사가 창건. 고승인 윤필,의상 두대사의 전설이 전함",심원사,0545718183,284222.834650458    ,340194.748549331    ,경상북도 문경시 농암면 내서리 산 8-3 ,N,,,,2020-11-04 11:12:42
5120000,CDFD1005,1988-07-21,,영업/정상,,,,,,운암사,I,2026-01-07 17:27:14,경상북도 문경시 불정길 149-123 (불정동),지정,05,2,2000,01,신라 문무와17년 의상대사가 초창하였다,운암사,0545537848,301858.165740899    ,346675.686742247    ,경상북도 문경시 불정동 342 ,N,,,,2020-11-04 11:13:54
5120000,CDFD1004,1988-07-21,,영업/정상,,,,,,대승사,I,2026-01-07 17:27:14,경상북도 문경시 산북면 대승사길 283,지정,05,6,1200,01,"대승사는 대한불교 조계종 제8교구 직지사의 말사로서 사불산 품안에 자리잡고 있다. 사불산은 소백산맥을 관통하는 죽령 서남쪽 40리 지점에 있다. 산북면 계곡을 거슬러 올라가다가 오른쪽 언덕으로 난길을 따라 높이 올라가면 해발 6백m높이 산마루에 뛰어난 풍광을 간직한 대승사를 만나게 된다. 신라 진평왕 때인 587년 사면에 불상에 새겨진 바위가 공덕봉 꼭대기에 내려앉자, 왕이 바위 곁에 절을 세우고《법화경》을 염하는 이름없는 비구를 주지로 앉히어 사면석불에 공양을 올리게 한 것이 창건 기원이다.",대승사,0545536444,313521.724577024    ,361704.35974431     ,경상북도 문경시 산북면 전두리 8 ,N,,,,2020-11-04 11:14:29
5120000,CDFD1003,1988-07-21,,영업/정상,,,,,,김용사,I,2026-01-07 17:27:14,경상북도 문경시 산북면 김용길 372,지정,05,6,2000,01,"절은 신라 진평왕 10년(588)에 운달조사가 창건하여 운봉사라 불리었으며, 대한불교조계종 제8교구 말사로 4개의 산내 암자와 6개의 암자유지가 남아 있으며, 사찰역사에 비해서는 문화재가 빈약하여 문화재 자료인 대웅전이 있고 숙종 29년(1703)에 조성된 괘불탱화, 지옥의 염라왕청에서 죽은이가 생전에 지은 선악의 행업이 나타난다는 업경대, 후불탱 등 120여점의 불교유물을 소장하고 있다",김용사,0545527006,309247.377103183    ,360532.172952669    ,경상북도 문경시 산북면 김용리 410 ,N,,,,2020-11-04 11:15:05
5120000,CDFD1002,1988-07-21,,영업/정상,,,,,,혜국사,I,2026-01-07 17:27:14,경상북도 문경시 문경읍 새재로 1052-220,지정,05,3,600,01,"신라 46대 문성왕 8년(847 A.D) 보조국사가 창건하여 법흥사라 칭하였었으나, 고려말 공민왕이 홍건적의 난을 피해 이곳에  행차하였을 때 국운을 많이 입었다고 해서 그 후 혜국사로 개명한 고찰이다",혜국사,0545710341,296943.178618012    ,364490.452512024    ,경상북도 문경시 문경읍 상초리 13 ,N,,,,2009-02-11 08:58:49
5130000,CDFD1001,1988-07-21,,영업/정상,,,,,,환성사,I,2026-03-26 22:03:03,경상북도 경산시 하양읍 환성로 392-30,지정,05,0,2000,01,"신라 흥덕왕 10년에 심지왕사가 창건한 사찰로, 보물 제 562호인 대웅전과 지방 유형문화재 제 84호인 심검당이 있다. 
환성사는 하양읍 사기리 팔공산 기슭에 있는 신라 고찰로, 지금 남아 전하는 대웅전이나 심검당 건물로 미루어 보아 고려 말 내지 조선 초엽에 중수한 것으로 추정된다. 
심지대사는 신라 41대 헌덕왕의 아들로 열다섯의 나이로 출가하여 수도를 하던 중 속리산에서 진표율사의 법통을 이은 영심대사의 과증법회에 나아가 불골간자를 얻어 돌아와서 동화사를 창건하였다. 이 후 팔공산 동쪽 건너편 이 곳에 환성사를 창건한 것으로 짐작된다. 조선 인조 13년(서기 1635년) 을해년에 신감 대사가 중창하고 , 광무 원년(서기 1879년) 긍월대사가 삼창하엿으며, 서기 1973년에 해체 보수하였고 서기 1976년에 외부를 단청하였다. 

대웅전은 1971년 12월 23일자로 보물 562호로 지정되었고 부속건물인 심건당은 1975년 12월 30일 지방유형문화재 84호로 지정되었다.",환성사,0538526561,359265.282849884    ,272096.503120594    ,경상북도 경산시 하양읍 사기리 150 ,N,,,,2003-02-07 13:07:44
5130000,CDFD1002,1988-07-21,,영업/정상,,,,,,하양 포교당,I,2026-03-26 22:03:03,경상북도 경산시 하양읍 도리3길 12,지정,05,0,3000,01,"1927년 영천 은해사에서 중수, 포교당으로 활용하였던 것이 현재에 이른다.
창건연대와 창건자는 밝혀지지 않으나 조선시대 건물로서 객사로 활용되어 오던 것을1927년 영천 은해사에서 중수하여 하양포교당으로 활용하여 왔다. 1927년에 중수한 극락전과 1974년에 창건한 칠성각이 있다. 
극락전에 봉안된 석조불상은 이 절의 창건주라 전하는 은해사 주지를지낸 지석담스님이 은해사에서 모셔 왔다는데 불상의 조각 기법으로 보아 고려말 또는 조선초기의 것으로 추정된다. 
좌측의 관음보살과 우측의 지장보살은 1970년 일섭스님이 조성하였고, 범종은 1970년 동호스님이 조성했다고 한다. 1982년에는 경우스님이 태국에서 모셔운 부처님의 진신사리를 당시 주지 심수스님이 5층 석탑을 조성하여 봉안하고 있다.",하양 포교당,0538512315,363983.54714361     ,270208.578212194    ,경상북도 경산시 하양읍 대조리 91-2 ,N,,,,2014-02-05 13:55:49
5130000,CDFD1012,1988-10-21,,영업/정상,,,,,,천성암,I,2026-03-26 22:03:03,경상북도 경산시 와촌면 갓바위로 216-111,지정,05,0,110,01,"팔공산 동편 능선에 자리잡고 있으며, 확실한 창건연대는 전해지지 않으나, 신라 흥덕왕 때 의상대사가 창건하였다고 전한다. 사방 어느 곳에서 바라보아도 바위암반이 가리워져 사찰을 찾지 못하는게 특징이다. 법당의 창건기로 미루어보면, 관음전은 1959년에 신축하여 이듬해 단청을 하였으며, 요사체는 1954에, 산령각은 1960년에 신축한 것이다.",천성암,0538510048,360086.830665069    ,277026.355183764    ,경상북도 경산시 와촌면 대동리 803-1 ,N,,,,2014-02-05 14:07:11
5130000,CDFD1011,1988-07-21,,영업/정상,,,,,,혜광사,I,2026-03-26 22:03:03,경상북도 경산시 장산로24길 7  (삼북동),지정,05,0,500,01,"혜광사의 사찰 건물은 조선시대 때 자인현 객사로 쓰던 건물을 일제때인 1931년 일본사람이 일본불교를 포교하기 위하여 현 위치로 이건하여 일본식 사찰로 건축하여 쓰던 것을 해방후 혜광스님이 주석하면서 절이름을 혜광사라 하였고 , 대한 불교 법화종단에 등록하여 현재에 이르고 있다. 일본사람이 이 곳에 터를 정한 것은 이곳이 당시 경산의 중심지였으며 터의 풍수가 연화부 수형국의 명당자리 였다고 알려져있다. 현재의 사찰건물은 법당과 두 채의 요사와 연화탑 및 석등이 있다.",혜광사,0538150341,356979.205757135    ,258894.035224687    ,경상북도 경산시 삼북동 222 ,N,,,,2003-02-04 14:52:45
5130000,CDFD1010,1988-10-12,,영업/정상,,,,,,경산포교당,I,2026-03-26 22:03:03,경상북도 경산시 장산로26길 20 (삼북동),지정,05,0,500,01,"1932년 계룡산 충효사에 있던 우만월 보살이 불교의 포교를 위해 다니다가 지금의 포교당 자리가 불법전파의 명당자리라 여겨 터와 집을 구입하여 절을 지어 포교당으로 삼았다. 
1980년 비구니 재운 주지스님이 포교의 활성화를 위하여 법당을 2층으로 증축하였다.",경산포교당,0538150177,357125.2244864      ,258810.779740267    ,경상북도 경산시 삼북동 61 ,N,,,,2014-02-05 13:49:47
5130000,CDFD1009,1988-07-21,,영업/정상,,,,,,경흥사,I,2026-03-26 22:03:03,경상북도 경산시 남천면 모골길 196-55,지정,05,0,1000,01,"신라 무열왕 6년에 혜공화상이 창건한 사찰로 임진왜란 직전에 영규대사가 주석하면서 중창하였다고 한다. 대웅전에 목조삼불은 지방유형문화재 제246호로 지정되어 있다. 
지금은 대웅전, 승당 요사체 등의 건물만 남아 있으나. 본래는 아주 큰 절이었고 주위에 옛 건물들이 주춧돌이 산재해 있으며, 또한 절 아래에 있는 많은 부도를 볼 때 경흥사의 융성 하였음을 알 수 있다. 
이 경흥사는 혜공화상이 창건한 후 중창 직전에 소실되었다고 한다. 조선 중종 19년(1524)에 영규대사가 대웅전 요사 1동을 중창하고 주불(아미타불), 좌불(보현보살), 우불(문수보살)을 조성하기 위하여 3년간이나 권선하였고, 대웅전에 봉안된 목조불상은 은행목으로 그 규모가 크기로 유명하며,1990년 8월 7일 경상북도 지방유형문화재 제 246호로 지정된 바 있다. 
이 곳은 서산대사. 사명대사가 임진왜란시 승병을 훈련시킨 곳이라는 설도 있으며, 이곳 동학산 주변에는 군데군데 옛 건물의 주춧돌과 부도군들이 산재해 있어 당시 경흥사가 융성하였음을 말해주고 있다.",경흥사,0538129933,354161.83889456     ,253810.275614159    ,경상북도 경산시 남천면 산전리 806 ,N,,,,2003-02-04 14:52:14
5130000,CDFD1008,1988-07-21,,영업/정상,,,,,,반룡사,I,2026-03-26 22:03:03,경상북도 경산시 용성면 용전1길 60,지정,05,0,175,01,"신라문무왕대에 원효대사가 창건한 사찰로 알려지고 있으며 지금의 건물은 그 후대에 중수한 것이다. 
구룡산 자락에 있는 반룡사는 현재는 대웅전과 가건물인 요사채만이 잇는 아주 작고 쇠락한 모습이다. 신라왕을 비롯하여 왕후 왕녀가 이 절을 자주 찾았는데 드 때 경주에서 왕이 넘어 왔다고 전하는 고개를 지금도 왕재라고 부르고 있다. 
고려 문종시대에는 화엄 천태종의 고승으로 운문사 주지를 지낸 원응 국사가 이곳에 주석하며 대중창을 하여, 고승 대덕이 구름처럼 모이고 석학 명사가 줄을 이어 찾아들었다고 한다. 
『동국여지승람』에 보면 고려중기의 대표적인 석학 이인로 선생도 반룡사를 찾아""봄은 가도 꽃은 아름답게 피어있고 맑은 하늘 깊은 골에 간직한 마음을 비로소 느끼게 하네.""라는 감회어린 시를 남긴 바 있다. 
고려말기의 몽고의 행패와 어지러운 정치시대를 거쳐 조선에 들어서 쇠퇴의 일로를 걷다가 급기야는 임진왜란을 만나 대가람이 하루 아침에 소실되었다. 그 후 조선 인조 19년(서기 1641)에 계운·명언·대사가 중창하였으며, 부속암자로 내원암·벽운암·대적암·은서암·아적암 등 다섯 암자도 중창 또는 창건되었다.",반룡사,0538521919,374393.616171158    ,254186.017004553    ,경상북도 경산시 용성면 용전리 118 ,N,,,,2014-02-05 13:51:39
5130000,CDFD1007,1988-07-28,,영업/정상,,,,,,제석사,I,2026-03-26 22:03:03,경상북도 경산시 자인면 북사안길 18,지정,05,0,650,01,"창건시기는 알수 없으며, 신라시대의 것으로 보이는 탑신이 보존되어 있고, 원효대사의 탄생과 관련한 설화가 구전되어 있다. 
`자인읍지`에 '제석암'의 기록이 있으나 그 유래를 알 수 없다. 전하는 바에 의하면, 약400여년전 이 곳 주변에서 한 농부가 밭갈이를 하던 중 불상과 탑신 등이 발견되어 이 곳에다 절을 짓게 되었다고 한다. 지금잇는 칠성각 자리에 제석암 건물이 있었는데 이 건물을 헐고 칠성각을 지을 때 제석암 상량문에 이러한 기록이 있었다고 전하나 은해사에 가져 갔다고 알려진 그 상량문을 찾을 수 없어 고증하지 못하고 있다. 언제인지는모르나 절이 쇠락하여 빈터였는데,1962년 이 곳에 대웅전을 건립하고, 1965년에는 칠성각을 건립하였다. 
1977년 제석사 주변에 인가가 꽉 들어 차 담장을 세우면서 현 칠성각 서편 60cm 정도의 땅 속 기와 조각 사이에서 금불상이 출토되었다고 당시 목격자들이 진술하고 있지만 그 불상의 행방도 알 수 가 없다.",제석사,0538572271,364520.626111011    ,259484.983531054    ,경상북도 경산시 자인면 북사리 226 ,N,,,,2014-02-05 13:52:55
5130000,CDFD1003,1988-10-12,,영업/정상,,,,,,안흥사,I,2026-03-26 22:03:03,경상북도 경산시 남매로 86 (상방동),지정,05,0,700,01,안흥사는 원래 경산시 남천면 협석리 잡수골에 신라시대에 창건한 사찰이었으나 해방후 6.25때 본 사찰 건물이 소실되어 경산시 백천동 으로 이건하였다가 다시 1965년에 삼남동으로 옮겼다 그러나 유지를 못하고 1971년 3월에 현재 위치한 상방동에 조그만 건물을 신축 이전하였다.현재 안흥사는 대웅전과 요사채의 2동의 건물로 구성되어있다.,안흥사,0538154030,357510.999040635    ,258986.453292885    ,경상북도 경산시 상방동 71 ,N,,,,2014-02-05 13:55:05
5130000,CDFD1004,1988-07-21,,영업/정상,,,,,,선본사,I,2026-03-26 22:03:03,경상북도 경산시 와촌면 갓바위로 699,지정,05,0,800,01,"신라 소지왕 13년에 극달화상이 창건한 사찰로 이곳에는 보물 제 431호 관봉석조여래좌상, 지방유형문화재 제 115호인 삼층석탑이 있다. 
선본사는 팔공사 관봉아래 있는 절로서 신라 소지왕13년(서기 491년)에 극달화상이 창건하였다고 전한다. 그 후 서기 1614년에 수청 대사가 중창하였으며, 서기 1765년에 기성화상이 중수하였고, 운암화상이 삼수,낙허화상이 사수, 월인화상이 오수하였으며, 1957년에도 보수한 바 있다. 
1974년에 이곳 주지로 취임한 비구니 제희스님이 1985년에 대웅전, 극락전, 요사채, 산신각 등을 중수하였고, 1989년에는 요사채 1동과 종각을 조성하였다 .조계종의 개혁이래 원우 주지스님이 부임하여 관리하고 있다. 
건너편 낮은 산봉우리 정상에 잇는 삼층석탑도1979년에 복원되면서 지방유형문화재 제 115호로 지정되었다. 그리고 남쪽 팔공산 줄기가 흘러모이는 관봉에는 신라 선덕여왕 7년(서기 628년)에 의현 대사가 조성했다고 전해지는 관봉석조여래좌상(일명 갓바위부처)이 잘 보존된채 남아있다. 의현대사는 세속오계를 지은 원광법사의 수제자로 알려져 있는데, 의현대사가 돌아 가신 그의 어머니를 위하여 이 불상을 조성하였다.",선본사,0538511869,356783.048493786    ,277744.189564096    ,경상북도 경산시 와촌면 대한리 587 ,N,,,,2014-02-05 13:53:52
5130000,CDFD1005,1988-07-21,,영업/정상,,,,,,불굴사,I,2026-03-26 22:03:03,경상북도 경산시 와촌면 불굴사길 205,지정,05,0,1000,01,"신라 신문왕 10년에 초창하였다가 조선영조 12년에 전라도 송광사의 노승이 중건한 사찰로 보물 제 429호인 삼층석탑과 김유신장군과 원효대사가 심신을 수련하였다는 석굴이 있다. 
불굴사 흥성기에는 50여 동의 와가, 12개의 부속 암자, 8대의 물방아를 갖추고 쌀을 찧어 승려와 신도들의 공양미를 한 대사찰이였다고 전해온다. 
이러한 대사찰이 영조 12년 (서기 1736년) 큰 비로 인한 산사태로 대파되어 퇴락하였는데, 전라도 송광사에 있던 노스님이 현몽을 받아 이 곳에 와서 중건하여 현재의 모습을 갖추었다고 한다. 불굴사 약사여래입상은 조선 영조 때 큰 미로 사찰이 크게 파괴될 때 매몰된 것을 전라도 송광사 노스님이 불굴사를 재건할 때 꿈에 현몽하여 발굴한 불상이라 전하며 최근 법당을 지어 봉안하였다. 그런데 이 불상의 봉안시에 법당의 돠향과 불상의 안치방향이 대각을 이루고 있어 독특하다. 불상의 모습은 백발의 머리에 타원형의 긴 얼굴을가진 입상으로 귀가 크고 길게 늘어져 있다. 법의는기게 발등까지 덮었고 왼쪽손에는 약합이 들려 있다. 전체적으로 머리 부분이 몸통에 비해 크다.",불굴사,0538519547,360445.339508283    ,273102.093465458    ,경상북도 경산시 와촌면 강학리 5 ,N,,,,2003-02-04 14:51:12
5130000,CDFD1006,1988-07-21,,영업/정상,,,,,,원효암,I,2026-03-26 22:03:03,경상북도 경산시 와촌면 갓바위로 386-73,지정,05,0,250,01,"신라시대 원효대사가 창건하여 수도하였던 사찰로 알려지고 있으며 뒷산록에는 통일신라시대의 마애좌불과 경내지에는 삼층석탑의 석조부재가 남아있다. 
원효암은 은해사 남쪽 팔공산 동록의 한 산각상에 자리잡고 있는 은해사의 말사로서 그 창건연대는 알수 없으나 이곳에서 신라시대부터 고찰이 있었다고 한다.",원효암,0538520963,359315.416292895    ,276943.925290748    ,경상북도 경산시 와촌면 대한리 382 ,N,,,,2008-12-22 17:17:43
5141000,CDFD1005,1988-07-21,,영업/정상,,,,,,수태사,I,2025-12-15 16:15:28,대구광역시 군위군 의흥면 지호2길 202,지정,05,1,700,01,,수태사,,360346.75030806     ,299642.074377925    ,대구광역시 군위군 의흥면 지호리 465 ,N,,,,2014-11-28 18:12:17
5141000,CDFD1006,1988-07-21,,영업/정상,,,,,,신흥사,I,2025-12-15 16:15:28,대구광역시 군위군 우보면 고산길 262,지정,05,1,200,01,,신흥사,,346482.255051091    ,295631.242766157    ,대구광역시 군위군 우보면 달산리 1690 ,N,,,,2014-11-28 18:12:59
5141000,CDFD1001,1988-07-21,,영업/정상,,,,,,인각사,I,2025-12-15 16:15:28,대구광역시 군위군 삼국유사면 삼국유사로 250,지정,05,1,500,01,,인각사,,360110.45228975     ,293388.965723824    ,대구광역시 군위군 삼국유사면 화북리 612 ,N,,,,2014-11-28 18:09:54
5141000,CDFD1002,1988-12-03,,영업/정상,,,,,,지보사,I,2025-12-15 16:15:28,대구광역시 군위군 군위읍 상곡길 233,지정,05,3,500,01,,지보사,,343924.805331481    ,307534.421677592    ,대구광역시 군위군 군위읍 상곡리 280 ,N,,,,2014-11-28 18:08:54
5141000,CDFD1003,1988-07-21,,영업/정상,,,,,,법주사,I,2025-12-15 16:15:28,대구광역시 군위군 소보면 달산3길 215,지정,05,5,500,01,,법주사,,329214.980627228    ,308960.369440621    ,대구광역시 군위군 소보면 달산리 773 ,N,,,,2014-11-28 18:04:38
5141000,CDFD1004,1988-07-21,,영업/정상,,,,,,압곡사,I,2025-12-15 16:15:28,대구광역시 군위군 삼국유사면 현리낙전길 836-144,지정,05,2,300,01,,압곡사,,362959.45510659     ,300317.199742877    ,대구광역시 군위군 삼국유사면 낙전리 674 ,N,,,,2014-11-28 18:11:20
5141000,CDFD1007,1988-07-21,,영업/정상,,,,,,석굴암,I,2025-12-15 16:15:28,대구광역시 군위군 부계면 남산4길 24,지정,05,3,1000,01,,석굴암,,347785.484244768    ,284385.870556385    ,대구광역시 군위군 부계면 남산리 302 ,N,,,,2014-11-28 18:18:47
5150000,CDFD1007,1988-07-21,,영업/정상,,,,,,옥련사,I,2025-12-15 16:15:28,,지정,05,1,500,01,신라시대 의상조사가 창건,옥련사,0548326748,339033.657693973    ,325327.527382816    ,경상북도 의성군 안평면 삼춘리 1011 ,N,,,,2009-12-21 17:50:47
5150000,CDFD1008,2004-01-27,,영업/정상,,,,,,만장사,I,2025-12-15 16:15:28,,지정,05,1,300,01,신라 의장왕때 창건,만장사,0548325267,337487.764099868    ,319554.490701264    ,경상북도 의성군 비안면 산제리 1429 ,N,,,,2009-12-21 17:34:38
5150000,CDFD1009,1988-07-21,,영업/정상,,,,,,정수사,I,2025-12-15 16:15:28,,지정,05,2,300,01,"826-836년(흥덕왕)에 심지화상(신라 현덕왕의 자)이 창건하였고 1852년(철종3년) 흔허스님이 중창하였으며,
1873(고종10년) 상봉스님이 삼창하였다고 전함.",정수사,0548616717,325168.608331557    ,315427.969892757    ,경상북도 의성군 구천면 장국리 381 ,N,,,,2009-12-21 17:42:46
5150000,CDFD1001,1998-07-21,,영업/정상,,,,,,고운사,I,2025-12-15 16:15:28,,지정,05,5,2500,01,"신라 신문왕 원년(681년)에 의상조사가 창건, 그후 최치원이 중건하였음.",고운사,0548332324,356814.909849604    ,330043.049737578    ,경상북도 의성군 단촌면 구계리 116 ,N,,,,2007-12-07 17:10:05
5150000,CDFD1002,1988-07-21,,영업/정상,,,,,,대곡사,I,2026-03-21 21:36:41,,지정,05,1,1800,01,고려 공민왕 17년에 나옹선사와 지공선사가 창건,대곡사,0548614222,323334.963732777    ,332998.854052312    ,경상북도 의성군 다인면 봉정리 894 ,N,,,,2026-03-20 09:26:09
5150000,CDFD1003,1988-07-21,,영업/정상,,,,,,수정사,I,2025-12-15 16:15:28,,지정,05,1,500,01,신라 신문왕 때 창건,수정사,0548327913,,,경상북도 의성군 금성면 수정리 산 1 ,N,,,,2007-12-07 16:31:00
5150000,CDFD1004,1988-07-21,,영업/정상,,,,,,주월사,I,2025-12-15 16:15:28,,지정,05,1,300,01,,주월사,0548335638,361882.474534293    ,313304.088275661    ,경상북도 의성군 사곡면 양지리 53 ,N,,,,2009-12-21 13:44:04
5150000,CDFD1005,2003-05-01,,영업/정상,,,,,,지장사,I,2025-12-15 16:15:28,,지정,05,1,350,01,"신라시대 의상조사가 창건, 그후 1637(인조15년)에 세완대사가 중건",지장사,,327477.53497203     ,331096.001769571    ,경상북도 의성군 안사면 월소리 559 ,N,,,,2003-05-01 15:07:08
5150000,CDFD1006,1988-07-21,,영업/정상,,,,,,운람사,I,2025-12-15 16:15:28,,지정,05,1,300,01,신라시대 의상조사가 창건,운람사,0548326696,344077.025487892    ,318984.392941987    ,경상북도 의성군 안평면 신안리 806 ,N,,,,2009-12-21 18:16:13
5160000,CDFD1001,1988-07-21,,영업/정상,,,,,,보광사,I,2025-12-15 16:15:28,경상북도 청송군 청송읍 현충로 51-352,지정,05,0,0,01,,보광사,,383286.353306571    ,326020.446962636    ,경상북도 청송군 청송읍 덕리 429 ,N,,,,2003-05-09 08:54:53
5160000,CDFD1003,2003-05-09,,영업/정상,,,,,,수정사,I,2025-12-15 16:15:28,경상북도 청송군 파천면 송강길 268,지정,05,1,400,01,,수정사,0548722631,384149.058678195    ,335726.071283222    ,경상북도 청송군 파천면 송강리 2 ,N,,,,2003-05-09 13:23:50
5160000,CDFD1002,1988-07-21,,영업/정상,,,,,,대전사,I,2025-12-15 16:15:28,경상북도 청송군 주왕산면 공원길 226,지정,05,0,0,01,,대전사,,392451.806296166    ,323902.242647884    ,경상북도 청송군 주왕산면 상의리 200 ,N,,,,2003-05-09 08:57:46
5190000,CDFD1004,2003-04-29,,영업/정상,,,,,,대적사,I,2026-05-10 22:00:28,,지정,05,1,1200,01,"876년(신라헌강왕2년) 보조선사가 창건했으며 임란 때 화재로 폐허된 것을 1689년(숙종15년)성해대사가 크게 중수하여 삼존불을 모시고 사찰의 면모를 갖추었음.
",대적사,0543731964,355595.788378104    ,247242.963220397    ,경상북도 청도군 화양읍 송금리 256 ,N,,,,2003-04-29 16:06:00
5190000,CDFD1005,1988-07-21,,영업/정상,,,,,,신둔사,I,2026-05-10 22:00:28,,지정,05,1,1460,01,"고려 원종3년 보각국사가 창건하여 봉림사라 하였으며 조선 현종8년(1667)에 상견대사가 중창하고 1878년 다시 중수를 거쳐 신둔사라 개칭하고 1926년 송호화상이 중창하여 지금에 이르고있다.
",신둔사,0543720690,,,경상북도 청도군 화양읍 동천리 산 657 ,N,,,,2003-04-29 16:11:46
5190000,CDFD1014,1988-07-21,,영업/정상,,,,,,대운암,I,2026-05-10 22:00:28,,지정,05,1,20,01,,대운암,0543721433,,,경상북도 청도군 청도읍 유호리 산 1 ,N,,,,2009-10-29 18:49:15
5190000,CDFD1007,1988-07-21,,영업/정상,,,,,,용천사,I,2026-05-10 22:00:28,경상북도 청도군 각북면 헐티로 1375-9,지정,05,1,612,01,"신라 문무왕10년(670)의상대사가 창건하여 옥천사라 하였으며 고려 원종8년(1267)보각국사(일연)가 중창하여 불일사로 개칭 다시 용천사로 고쳤으며 지금가람은 1805년(순조5년)의열화주가 크게 중수하여 오늘에 이르고있다.
",용천사,0543727204,340709.143423164    ,247653.752711731    ,경상북도 청도군 각북면 오산리 1062 ,N,,,,2003-04-29 16:19:35
5190000,CDFD1008,1988-07-21,,영업/정상,,,,,,대산사,I,2026-05-10 22:00:28,,지정,05,1,350,01,"초창은 신라 흥덕왕5년에 용봉사라 하였으며 조선중엽화재로 소진된 것을 고종13년(1876)에 의문화상이 중수하여 대산사라 개칭하였음.
",대산사,0543726534,346205.013664751    ,234562.080822046    ,경상북도 청도군 각남면 옥산리 1134 ,N,,,,2003-04-29 16:22:32
5190000,CDFD1009,1988-07-21,,영업/정상,,,,,,운문사,I,2026-05-10 22:00:28,경상북도 청도군 운문면 운문사길 264,지정,05,80,56000,01,"557년(신라 진흥왕18년) 신승이 창건하고 대작갑사 칭함 진평왕 때 원광법사 중창 937년 고려태조(왕건)가 주지 보양국사에게 운문선사라는 사액을 주었으며 그 후 원응국사가 중수하고 일연선사가 다시 중창하여 1958년부터 비구니도량과 승가대학으로 이어져오고 있음.
",운문사,0543728800,377420.647872616    ,241903.169892964    ,경상북도 청도군 운문면 신원리 1789 ,N,,,,2003-04-29 16:26:35
5190000,CDFD1010,1988-07-21,,영업/정상,,,,,,대비사,I,2026-05-10 22:00:28,,지정,05,1,200,01,557년(신라 진흥왕34년)에 창건 소작갑사 칭함 진평왕 때 중창하고 고려시대 박곡리에서 현 위치로 이건 왕실 대비가 수양 차 이곳에서 오랫동안 기거해 대비사로 개칭하였음.,대비사,0543723876,375292.888156769    ,241317.556490177    ,경상북도 청도군 금천면 박곡리 795 ,N,,,,2003-04-29 16:29:29
5190000,CDFD1011,1988-07-21,,영업/정상,,,,,,불령사,I,2026-05-10 22:00:28,,지정,05,1,320,01,"645년(신라 선덕여왕14년)에 원효대사가 창건 1912년 봉주가 중창 1930년 이종태가 중수하였고 1968년 5층탑으로 제 조성한 전탑이 있다.
",불령사,0543725040,365563.846511535    ,241094.761040131    ,경상북도 청도군 매전면 용산리 산 93 ,N,,,,2003-04-29 16:32:39
5190000,CDFD1012,1988-07-21,,영업/정상,,,,,,보현사,I,2026-05-10 22:00:28,경상북도 청도군 청도읍 앞산공원길 14,지정,05,1,580,01,"1945년 광복직후 적천사 포교당으로 창건 현재는 태고종 개인사찰이다. 호국영령을 위한 충혼탑과 납골당을 만들어 신도들의 유골을 안차하기도 한다.
",보현사,0543721434,357552.311964542    ,239291.364769163    ,경상북도 청도군 청도읍 고수리 611-1 ,N,,,,2003-04-29 16:35:43
5190000,CDFD1013,1988-07-21,,영업/정상,,,,,,적천사,I,2026-05-10 22:00:28,경상북도 청도군 청도읍 원동길 304,지정,05,1,180,01,신라 문무왕4년 원효대사창건 심지왕사 중건 보조국사 중창 임란 일부소실,적천사,0543730307,357389.599010022    ,236195.913549989    ,경상북도 청도군 청도읍 원리 981 ,N,,,,2009-10-29 18:39:46
5190000,CDFD1003,1988-07-21,,영업/정상,,,,,,덕사,I,2026-05-10 22:00:28,,지정,05,1,180,01,"이 고장의  중심인 폐성지가 개가 달아나는 형상으로 주구산이라 부르면서 1576년(선조9년) 황응규(黃應奎)가 달아나는 개를 머물게 해야한다는 지리학설에 따라 절을 세웠다1816년(순조16년)에 장옥대사가 중수하여 오늘에 이르고 있다.
",덕사,,355740.461119418    ,241781.010836375    ,경상북도 청도군 화양읍 소라리 산 1 ,N,,,,2003-04-29 15:57:34
5190000,CDFD1002,1988-07-21,,영업/정상,,,,,,대운암,I,2026-05-10 22:00:28,,지정,05,1,417,01,대운암은 조선고종5년(1868) 부암선사가 범굴에서 수도하다 현몽이 있어 창건하고 그후 화재로 소실된 것을 신범해화상이 다시 중건하여 현재에 이르고있다.,대운암,0543721433,,,경상북도 청도군 청도읍 유호리 산 1 ,N,,,,2003-04-29 16:36:23
5190000,CDFD1001,1988-07-21,,영업/정상,,,,,,적천사,I,2026-05-10 22:00:28,경상북도 청도군 청도읍 원동길 304,지정,05,1,700,01,신라 문무왕4년(664)원효대사가 토굴로 창건 흥덕왕3년(828)심지왕사가 중창 고려 명종5년(1175)보조국사가 중건 영산전을 세움 임란 때 일부소실 현종5년(1664)왕의 사액으로 중수하여 현재에 이르고있다.,적천사,0543730307,357389.599010022    ,236195.913549989    ,경상북도 청도군 청도읍 원리 981 ,N,,,,2003-04-29 15:23:09
5190000,CDFD1006,1988-07-21,,영업/정상,,,,,,죽림사,I,2026-05-10 22:00:28,,지정,05,1,1950,01,"신라 진평왕32년(610)에 법정대사가 창건하여 화남사라 칭하였고 그 뒤 대나무가 무성하게 자라 죽림사라 개칭 고려 명종10년(1180) 왕사였던 보조국사가 중건 조선 테조때 무학대사가 중수하였다.
",죽림사,0543730029,,,경상북도 청도군 화양읍 신봉리 산 495 ,N,,,,2003-04-29 16:16:17
5200000,CDFD1001,1988-10-12,,영업/정상,,,,,,관음사,I,2025-12-15 16:15:28,,지정,05,1,2000,01,1901. 5. 26 해인사 교포당으로 창건되어 동화사 말사로 편입,관음사,,314477.710242033    ,248844.071941495    ,경상북도 고령군 대가야읍 연조리 206 ,N,,,,2010-10-05 13:34:02
5200000,CDFD1002,1988-07-21,,영업/정상,,,,,,반룡사,I,2025-12-15 16:15:28,,지정,05,1,1700,01,"신라 애장왕 3년(802) 해인사 창건 당시 건립되었다고 전하며 신라말 보조국사, 고려말 나웅대사, 임란시 사면대사 등이 여러차례 중건하였으나, 병화로 불타버린 것을 영조40년(1764) 현감 윤심협이 댜웅전과 만세루, 요사 등을 중건하였으며 1930경에 다시 중수, 최근에 대적광전, 육화당, 심검당, 요사을 중수하는 등 중창불사 중에 있다",반룡사,,309968.406005353    ,248600.685906798    ,경상북도 고령군 쌍림면 용리 187 ,N,,,,2010-10-05 13:33:40
5210000,CDFD1004,1988-07-21,,영업/정상,,,,,,감응사,I,2025-12-15 16:15:28,경상북도 성주군 월항면 대산1길 234,지정,05,2,500,01,"신라 애장왕때 건립된 사찰로서, 왕자가 눙이 나빠 앞을 볼수 없어 꿈에 한 스님이 이곳의 약수물로 눈을 씻어면 낫는다하여 약수물로 씻었더니 금방 나았다하여 왕이 이 은혜를 감복해 지은 사찰임",감응사,0549329447,320177.950516816    ,271302.015079774    ,경상북도 성주군 월항면 대산리 56 ,N,,,,2011-10-30 13:57:00
5210000,CDFD1003,1988-07-21,,영업/정상,,,,,,임정사,I,2025-12-15 16:15:28,경상북도 성주군 성주읍 성주읍5길 24-35,지정,05,2,500,01,1936년에 이상진 스님이 창건하였다.,임정사,0549332475,315962.861588371    ,269781.717205007    ,경상북도 성주군 성주읍 경산리 105 ,N,,,,2011-10-30 14:05:08
5210000,CDFD1001,1988-07-21,,영업/정상,,,,,,선석사,I,2025-12-15 16:15:28,경상북도 성주군 월항면 세종대왕자태실로 616-33,지정,05,2,500,01,"신라시대에 유명한 의상대사가 692년에 전국에 10개의 사찰을 지을때 건립된 사찰로서 그때는 지금의 자리가 아닌 서쪽편에 자리를 잡았다.  대웅전은 정면 3칸, 측면 2칸의 맛배지붕 다포집으로 구성되어 있으며, 고려말엽 나옹대사가 1361년에 신광사의 주지가 되어 절을 지금의 자리로 옮겼다. 나옹대사가 새로 절터를 잡고 터를 닦는데 큰 바위가 나왔다하여 터닦을 禪자를 넣어 절 이름을 선석사라 고쳤다. 현재도 대웅전 앞뜰에 묻힌채 그 머리부분만 땅 위로 내밀고 있다.",선석사,0549339800,317023.844753413    ,280255.580695524    ,경상북도 성주군 월항면 인촌리 217 ,N,,,,2011-10-30 13:59:40
5210000,CDFD1005,2006-01-12,,영업/정상,,,,,,심원사,I,2025-12-15 16:15:28,경상북도 성주군 수륜면 가야산식물원길 17-56,지정,05,6,1000,01,"- 사찰은 신라후기에 처음 창건된 것으로 추정됨(8세기경).
     - 조선중기에 승려 知遠이 크게 重修하였으나 壬辰倭亂 때 義兵들의 失火로 인하여 燒失됨.
     - 임진왜란 후 중건하였으나 겨우 사세만 유지하다가 150여년 전에 廢寺됨.
     - 2001년 이후 本海스님에 의해 중창중에 있음",심원사,0549326886,302594.542175969    ,256194.259118878    ,경상북도 성주군 수륜면 백운리 1840-3 ,N,,,,2012-12-17 13:09:06
5220000,CDFD1001,1988-07-21,,영업/정상,,,,,,송림사,I,2026-04-01 22:28:59,경상북도 칠곡군 동명면 송림길 73,지정,05,6,2000,01,"신라 내물왕때 창건되어 임진왜란때 소실되어 대웅전, 명부전이 큰 피해를 입었으나 후에 중건하였음.
대웅전 현판글씨는 숙종대왕 친필임.
목불 3점은 채색이 화려함.
경내에 보물 제189호인 송림사 5층전탑이 있음.",송림사,,342192.594639486    ,276901.567749219    ,경상북도 칠곡군 동명면 구덕리 91-6 ,N,,,,2003-05-23 11:53:19
5220000,CDFD1002,1988-10-12,,영업/정상,,,,,,영명사,I,2026-04-01 22:29:00,,지정,05,2,70,01,"창건자 이명열은 고아로서 만년에 의지할 곳이 없어서 이곳에 사찰을 건립
만년을 의지하였음",영명사,,,,경상북도 칠곡군 북삼면 숭오리 산 31 ,N,,,,2003-05-23 11:58:59
5220000,CDFD1003,1988-10-12,,영업/정상,,,,,,대둔사,I,2026-04-01 22:29:00,,지정,05,5,250,01,"신라고찰이라 구전되나 연대는 확실치 않음.
200여년전 경자년에 수해로 요사전채가 매몰되어 사찰역사와 서류일체를 분실하였음.
대웅전은 92년도 수해시 붕괴되어 중수하지 못하고 조립식 건물을 건축하여 사용하고 있음.",대둔사,,,,경상북도 칠곡군 가산면 가산리 산 242 ,N,,,,2003-05-23 17:25:33
5220000,CDFD1004,1988-10-12,,영업/정상,,,,,,도덕암,I,2026-04-01 22:29:00,,지정,05,2,1000,01,"서기 360년경 창건하여 고려 광종 19년 혜거국사가 중수하여 칠성암이라 칭하였음.
임진왜란으로 소실된 것을 광해군 12년 중수하고, 효종 4년 기성대사가 중수하였으며
철종 4년 중수하여 도덕암이라 개명하였음.",도덕암,,,,경상북도 칠곡군 동명면 구덕리 20-5 ,N,,,,2003-05-23 17:34:26
5220000,CDFD1005,1996-09-06,,영업/정상,,,,,,선봉선원,I,2026-04-01 22:29:00,,지정,05,1,200,01,"고려시대 천태종의 시조로 불리어진 대각국사 의천께서 세운 사찰로 임진왜란때 소실되었다고 전해지고 있으며 1922년 유장열이 이곳 땅속에 묻혀있는 대각국사비를 발견하여 현재의 위치에 세우고 1966년 유재선이 사찰과 비각을 건립하였다.
경내에 보물 제251호인 선봉사대각국사비가 있다.",선봉선원,,,,경상북도 칠곡군 북삼면 숭오리 산 1 ,N,,,,2003-05-23 17:42:01
5220000,CDFD1006,1988-10-12,,영업/정상,,,,,,금곡사,I,2026-04-01 22:29:00,경상북도 칠곡군 가산면 금화길 107,지정,05,2,500,01,선덕여왕때 금란조사의 선도장으로 창건함,금곡사,,340288.773984627    ,286195.472598646    ,경상북도 칠곡군 가산면 금화리 274 ,N,,,,2011-10-30 14:14:58
5230000,CDFD1001,1988-07-21,,영업/정상,,,,,,한천사,I,2025-12-15 16:15:28,,승인,07,1,500,01,"한천사(寒天寺)는 신라 문무왕 16년(676) 의상대사(義湘大師)가 창건하였다. 절이 융성(隆盛)하던 때의 규모나 내용은 기록으로 전하는바 없어 알 수 없지만 절에 현존하는 탑상(塔象), 즉 석탑과 철분의 양삼 그리고 사각이나 원형의 거대한 주초석(柱礎石) 등을 보아 신라말기에는 사세(寺勢)가 매우 왕성했던 것으로 짐작된다. 지난 1989년 가을 도량 조경작업을 하던 중 청동(靑銅)자물쇠 3점, 청동반자(靑銅半子) 1점, 청동용세(靑銅龍紐) 1점, 청동주완 1점이 발견되어 경주박물관(慶州博物館)에 감정 의뢰한 결과 고려시대 유품으로 확인되어 관리보존상 직지사(直旨寺) 유물전시관에 보관하고 있다.",한천사,0546526911,335306.346973725    ,361766.948550979    ,경상북도 예천군 감천면 증거리 184 ,N,,,,2016-04-14 17:45:36
5230000,CDFD1002,1988-07-21,,영업/정상,,,,,,용문사,I,2025-12-15 16:15:28,경상북도 예천군 용문면 용문사길 285-30,지정,05,3,2000,01,"용문사는 신라 경문왕(景文王) 10년(870)에 두운(杜雲)이 처음 건립하였다 전한다. 이 건물은 고려 명종(明宗) 7년(1177)에 팔만대장경(八萬大藏經)의 일부를 간직하기 위해 지었다고 한다. 조선 헌종(憲宗) 6년(1665)에 다시 지어졌다는 기록이 남아 있는 점으로 보아 17세기에 다시 지어진 건물로  추측된다. 장대석으로 바르게 쌓은 석축기단 위에 정면 3칸, 측면 2칸의 구조이다. 기둥 위에 공포(拱包)는 다포(多包)로 장식하고 지붕은 맞배로 하였다.
 내부는 마루를 깔았고, 중앙 뒷면에 불단을 마련해 좌우 협시를 거느린   작은 여래상을 안치하였고, 후불 벽에는 목각탱을 달았는데 지금까지 알려진 목각후불탱 중 가장 오래된 작품이다. 불단(佛壇) 앞쪽 좌우에는 고려 명종(明宗) 20년(1190)에 설치되고, 인조(仁祖) 3년(1625)에 중수된 회전식 윤장대 (輪藏臺)가 1개씩 있는데 우리나라에서는 이 곳뿐이다.",용문사,0546538695,322262.417050943    ,359772.076476711    ,경상북도 예천군 용문면 내지리 391 ,N,,,,2011-10-30 16:01:48
5230000,CDFD1008,1988-07-21,,영업/정상,,,,,,동악사,I,2025-12-15 16:15:28,경상북도 예천군 예천읍 충효로 448,지정,05,0,100,01,"예천읍의 좌청룡에 해당되는 냉정산 중턱에 있는 태고종 사찰인 동악사는 절터에 대한 기록이 없어 내력에 대해서는 알 수가 없고 다만 전하는 말에 의하면 150여년 전 지금의 동악사 주지의 할아버지가 현몽으로 발굴해서 동악사를 건립했다고 한다. 보광명전(寶光明殿)에는 광배(光背)와 받침대인 대좌(臺座)를 잃은 채 안치된 석조 비로자나불좌상(문화재자료 146호)이 있다. 
 손의 모양은 왼손을 가슴 앞에 들어 올려 검지를 세우고 오른손으로 감싸 쥔 지권인(智拳印)을 하고 있어 비로자나불임을 나타내고 있다.
 무릎이 높고 넓어서 안정감은 있으나 가슴이 평박하게 처리되어 어깨가  움츠려든 느낌이 든다. 조각 수법이나 양식으로 보아 전형적인 9세기말의  불상으로 추정된다.",동악사,0546521212,330810.272709017    ,352084.761529352    ,경상북도 예천군 예천읍 동본리 487-1 ,N,,,,2011-10-30 16:05:22
5230000,CDFD1007,2001-03-22,,영업/정상,,,,,,청룡사,I,2025-12-15 16:15:28,,승인,07,2,300,01,"어림성산록(御臨城山麓)에 소재하고 있는 이 사찰의 조성연대는 정확히 알 수 없으나 의상대사(義湘大師)가 부석사(浮石寺)를 짓기 전에 감천면 주마산(走馬山)의 마두(馬頭)를 진압하기 위해 감천면 증거리의 한천사(寒天寺)와 이 곳의 청룡사(靑龍寺)를 먼저 세웠다고 부석사기(浮石寺記)에 기록되어 있다고 한다. 오랜 세월이 흐르는 동안 사찰이 허물어진 것을 1935년 경 불심(佛心)이 깊은 김준팔(金俊八)이 보호각 겸 법당과 요사를 지어 관리하여 오다가 1978년 12월 보조사업으로 중수했다. 이 사찰 안에는 석조여래좌상(石造如來坐像-보물제424호)과 석조비로자나불좌상(石造毘盧遮那佛坐像-보물제425호), 삼층석탑(三層石塔)이 있으며, 석조여래좌상은 신라말기에 조성된 것으로 규모는 높이 0.94m, 좌대 높이 0.67m, 광배(光背) 높이 1.5m의 화강암으로 조각된 불상으로 단정한 용모에 눈, 코, 입의 섬세한 수법을 보여주고 있다.
석조비로자나불좌상은 고려초기의 작품으로 규모는 불상의 높이가 1.11m, 대좌(臺座)높이 0.96m로 코와 입은 약간의 마모(磨耗)가 있고 오른쪽 귀가 떨어졌으며, 몸은 넓직하고 풍만한 얼굴에 코, 입이 가까이 있어 특이한 인상이다",청룡사,0546558281,325073.019234363    ,359789.442041418    ,경상북도 예천군 용문면 선리 521 ,N,,,,2018-07-11 08:47:55
5230000,CDFD1006,1988-07-21,,영업/정상,,,,,,장안사,I,2025-12-15 16:15:28,,승인,07,1,500,01,"장안사(長安寺)는 예천군 용궁면 향석리 비룡산(飛龍山) 정상 부근에 자리한 대한불교조계종 제8교구 본사 직지사의 말사이며 창건 년대는 미상이다. 한 때는 향석리 구읍(舊邑)의 남쪽에 위치하고 있어 속칭 남산사(南山寺)라고도 하였으며, 향석리에 있는 석불좌상과 삼층석탑을 장안사에서 관리하였다고 한다. 장안사와 더불어 유명한 것은 장안사 뒷산에서 바로 내려다보이는 회룡포(回龍浦)이다. 굽이치는 물길이 마을을 돌아서 감싸 육지 속의 섬이 되어 절경을 이루는 이곳은 예천의 자랑거리이기도 하다. 장안사 뒷산으로 10분 가량 올라가면 장안사에서 세운 팔각정인 회룡대가 있는데, 이곳에서 내려다보면 그 전경이 한 눈에 들어온다. 전에는 의성포라 불렀으나 행정지명으로서의 의성과 혼돈을 막기 위해 근래에 예천군청에서 회룡포로 이름을 바꿨다.",장안사,0546551400,317575.796167583    ,343031.632369821    ,경상북도 예천군 용궁면 향석리 산 54 ,N,,,,2021-03-08 16:06:23
5230000,CDFD1005,1988-07-21,,영업/정상,,,,,,서악사,I,2025-12-15 16:15:28,,승인,07,1,500,01,"서악사(西岳寺)는 예천군 예천읍 대심동 산13번지 봉덕산(鳳德山) 중턱에 자리한 대한불교조계종 제8교구 본사 직지사의 말사이다. 절의 창건은 언제 이루어졌는지 정확히 알 수 없으나, 신라시대 신문왕대에 의상 대사가 이루었다고 전한다. 서악사는 본래 이 지역의 동서남북 사악(四岳)에 있던 절 가운데 하나였다.",서악사,0546550109,329315.264533572    ,351592.876007683    ,경상북도 예천군 예천읍 서본리 산 13 ,N,,,,2022-05-30 10:27:45
5230000,CDFD1004,1988-07-21,,영업/정상,,,,,,명봉사,I,2025-12-15 16:15:28,,승인,07,2,400,01,"명봉사(鳴鳳寺)는 소백산맥(小白山脈)의 깊고 고요한 명봉 골짜기에 위치하였으며, 신라 헌강왕(憲康王) 원년(875) 두운대사(杜雲大師)가 창건하였다. 융성(隆盛)하던 시기에는 그 규모가 백 여동이 되었다고 하는데 여러 차례의 병화(兵火)와 6.25사변(事變)으로 거의 소실(燒失)되었던 것을 전후(戰後) 중건하여 지금은 대웅전, 약사전, 요사채, 칠성각, 부도, 5층석탑, 내원암, 법화암 등이 있으며, 문화재(文化財)는 경청선원자적선사능운탑비(鏡淸禪院慈寂禪師凌雲塔碑-유형문화재 제3호)와 문종대왕태실비(文宗大王胎室碑-유형문화재 제187호)가 있다.
  또한 사내에는 소나무, 전나무, 느티나무 등 큰 나무가 하늘을 가려 한여름에도 추위를 느끼게 하며 계곡에는 맑은 물이 흘러 여름철에는 피서지·산책로로 각광을 받고 있다.",명봉사,0546531365,,,경상북도 예천군 상리면 명봉리 501 ,N,,,,2021-01-29 08:55:02
5230000,CDFD1003,1988-07-21,,영업/정상,,,,,,보문사,I,2025-12-15 16:15:28,경상북도 예천군 보문면 보문사길 243,지정,05,1,520,01,"보문사는 신라 문무왕(文武王) 16년(676)에 의상대사(義湘大師)가 처음 건립한 고찰로 1300년 역사의 가람이다. 개창된 뒤 여러 차례의 재난으로 도괴된 것을 고려 명종(明宗) 14년(1184) 보조국사(普照國師) 지눌(知訥)이 머무르면서 극락전을 비롯하여 염불당, 나한전, 반학루, 원당, 운계암, 조실 등 7동의 건물을 복원하였는데 임진왜란 때 모두 불타고 극락전과 반학루 및 삼층석탑이 남아 있었다. 정면 3칸, 측면 2칸의 극락전은 조선 중·후기 건축양식이 절충되어 나타나는 변화를 보이고 있다. 1700년 후반의 건축으로 주심포계(柱心包系)와 익공계(翼工系) 양식이 절충되어 나타난다.",보문사,0546530771,339437.030641371    ,351530.310903197    ,경상북도 예천군 보문면 수계리 158 ,N,,,,2011-10-30 16:01:12
5240000,CDFD1006,2004-01-27,,영업/정상,,,,,,지림사,I,2025-12-15 16:15:28,경상북도 봉화군 물야면 문수로 449-66,지정,05,2,300,01,,지림사,,354709.655133693    ,382534.000504153    ,경상북도 봉화군 물야면 북지리 657-3 ,N,,,,2011-10-30 14:15:39
5240000,CDFD1005,1988-07-21,,영업/정상,,,,,,천성사,I,2025-12-15 16:15:28,,지정,05,2,500,01,"봉성면 금봉리 261번지에 소재하고 있는 이 사찰은 1951.11.15현지에 와서 주지인 이화성이 창건하였다. 이 사찰의 법당안에 있는 석조여래 입상과 사찰의 앞에 있는 삼층 석탑은 원래 봉성면 봉성리 성황곡에 석탑 2기와 함께 옛절터에 있던 것을 현 위치로 옮겨왔으며 (석탑1기는 현 봉성초등학교에 있음) 경상북도 유형문화재로 지정되어 있다.
현재는 진표스님인 이일영씨가 주지로 정진중인 상태임",천성사,0546729951,358844.922517719    ,383400.902864391    ,경상북도 봉화군 봉성면 금봉리 262-2 ,N,,,,2010-01-11 11:30:17
5240000,CDFD1004,1988-07-21,,영업/정상,,,,,,홍제사,I,2025-12-15 16:15:28,,지정,05,4,500,01,"봉화군 소천면 고선리 산 127- 6번지에 위치하며 여러차례의 화재로 소실되어 유래를 상고하기는 어렵다. 신라 진흥왕때 원효대사가 창건하였다고는 하나 진흥왕때에는 원효대사의 재세이전이므로 문무왕때 창건되었을 것으로 본다. 이 사찰에는 조선왕조 제14대 선조때 사명대사가 허물어진 사찰을 중건하였으며, 그때는 사명대사가 임진왜란때 승병을 이끌고 왜군을 토벌한 군공을 세우고 선조로부터 시호를 받은 뒤였기 때문에 이 사찰은 광대하고 사명대사의 가르침을 받기 위해 많은 승려들이 이곳에서 기거했으리라 추측할 수 있다.
대사는 이절을 중건하시고 시호를 따서 홍제사라 명명하였다고 전해온다. 이 절에는 사명대사와 서산대사의 영정을 모셔왔는데 1960년초에 소실되고 현재의 사찰건물은1966년3월에 중수되었다.",홍제사,0546723410,,,경상북도 봉화군 소천면 고선리 127-0006 ,N,,,,2009-12-22 21:44:42
5240000,CDFD1003,1988-07-21,,영업/정상,,,,,,각화사,I,2025-12-15 16:15:28,,지정,05,30,2500,01,"각화사는 686년(신라 신문왕 6년)에 원효대사가 창건하였으며, 고려 숙종때 (1101년) 무애국사가 중건하였다, 고려 제15대 숙종 6년(1101)에 무애국사가 중건한 바 있고, 조선 제22대 정조 원년(1777)에  다시 중건하므로서 당시 국내 3대사찰의 하나로  손꼽혔으며 800여 승려가 수도하였다고 전하여 온다.  현존하는 법당은 1920년에 재건하였다가  1967년에 당시 주지 현우가  중창하였으며  200관 무게의 범종은 1979년  주조한 것이다.  1606년에는 삼재(물, 불, 전쟁의 재난)가 들어오지 못하는 이곳에 태백산 사고를 건립하여 왕조실록을 수호한 국내 3대 사찰의 하나가 되었다. 1906년에 도적들이 사고와 절을 불태웠을 대 영월루만 남았다. 1910년 경화 화상이 대웅전을 다시 세웠고, 1926년에 달현 스님이 법당을 비롯한 5채의 건물을 다시 지었다. 지금의 모습을 1992년부터 동춘선사가 축대와 석축 계단을 쌓아 도장을 정리하고, 대웅전, 선실, 원응요(살림집), 영월루 등 7채의 건물을 새로 지어 완공한 것이다. 각화사와 가까이 있는 서동리의 춘양중.상업고등학교 부지에는 각화사의 전신인 남화사지가 있다. 원효대사는 이절을  옮겨 각화사 창건",각화사,0546722207,368995.467451147    ,388035.877637101    ,경상북도 봉화군 춘양면 석현리 599 ,N,,,,2010-08-06 18:27:18
5240000,CDFD1002,1988-07-21,,영업/정상,,,,,,청량사,I,2025-12-15 16:15:28,경상북도 봉화군 명호면 청량산길 199-152,지정,05,5,2500,01,"도립공원 청량산 한복판에 자리잡은 청량사는 신라 제30대 문무왕 3년 663년에 원효대사가 창건하였다. 청량산은 자연경관이 수려하여 한때는 신라의 고찰인 연대사와 망선암등 27개소의 사암이 밀집되어 당시 불교의 요람을 형성하였다. 신라의 명필 김생, 최치원등 석학들이 여기에서 수련하였으며 고려 제31대 공민왕이 홍건적의 난으로 이곳에 피난와서 많은 유적을 남겼다. 또한 성리학의 대가 퇴계이황도 여기에서 학문을 닦은후 유학으로 대성한 곳이다. 경상북도 지정문화재인 유리보전의 현판은 공민왕이 이곳에 머무를 때에 친필로 쓴것으로 전하고 있다.",청량사,0546721446,371221.806055326    ,367055.767503651    ,경상북도 봉화군 명호면 북곡리 247 ,N,,,,2010-08-06 18:24:12
5240000,CDFD1001,1988-07-21,,영업/정상,,,,,,축서사,I,2025-12-15 16:15:28,경상북도 봉화군 물야면 월계길 739,지정,05,12,3000,01,신라30대 문무왕 13년(673년)에 의상대사가 창건하였다. 전설에 의하면 물아면 개단리에 지림사라는 절이 있었는데 하룻밤 묶게 되었는데 지금의 축서사 자리에 밝은 빛이 비추어 이곳에 찾아오니 비로자나 부처로 인하여 빛이 일어 이곳에 축서사를 건립하였다. 한다. 축서사의 내역은 인도에서 신성시하는 독수리(鷲)는 불경에서 문수보살의 화현으로 상징되므로 이곳에 살고 이는 독수리를 의미 한다고 전한다. 조선조 제19대 숙종31년(1705년)에 기록한 법당의 상랑문 기록에 의하면 절 앞에 광명루라는 큰 누각이 있었으며 법당이 5채 승방이 10채 있었다고 한다. 그 외에도 천수암외 1개소가 해발1000M지점의 문수산 정상 가까이 있었으며 50여 승려가 수도하여 오다가 화재로 절 전체가 불타 없어지고 100여년 전에 법당일부가 중건되었다.,축서사,0546727578,360189.740537872    ,388159.592083273    ,경상북도 봉화군 물야면 개단리 1 ,N,,,,2010-08-06 19:05:01
5250000,CDFD1001,1988-07-21,,영업/정상,,,,,,불영사,I,2025-12-15 16:15:28,경상북도 울진군 서면 불영사길 48,지정,05,78,2000,01,신라진덕여왕 5년에 의상대사가 창건한 절로서 부처형상의 바위가 연못에 비추므로 불영사라 불렀다함.,불영사,0547835004,402382.839268792    ,384496.345239681    ,경상북도 울진군 서면 하원리 120-0 ,N,,,,2011-10-30 13:54:42
5310000,CDFD1001,2003-04-11,,영업/정상,,,,,,청곡사,I,2025-12-15 16:15:28,경상남도 진주시 금산면 월아산로1440번길 138,지정,05,2,200,01,,청곡사,0557492054,307490.833397721    ,188540.977161053    ,경상남도 진주시 금산면 갈전리 18 ,N,,,,2014-12-18 17:55:36
5310000,CDFD1002,2003-05-18,,영업/정상,,,,,,호국사,I,2025-12-15 16:15:28,경상남도 진주시 남강로 626-71 (남성동),지정,05,0,0,01,,호국사,,297915.663300607    ,188128.77543971     ,경상남도 진주시 남성동 214-5 ,N,,,,2014-12-18 17:56:35
5310000,CDFD1003,2003-05-18,,영업/정상,,,,,,연화사,I,2025-12-15 16:15:28,경상남도 진주시 향교로42번길 13 (옥봉동),지정,05,0,0,01,,연화사,,298979.887774831    ,189288.700400231    ,경상남도 진주시 옥봉동 449-1 ,N,,,,2014-12-18 18:13:47
5310000,CDFD1004,2003-05-18,,영업/정상,,,,,,의곡사,I,2025-12-15 16:15:28,경상남도 진주시 의곡길 72 (상봉동),지정,05,0,0,01,,의곡사,,298405.165745532    ,189925.259931955    ,경상남도 진주시 상봉동 415-1 ,N,,,,2014-12-18 18:12:05
5310000,CDFD1007,2003-05-18,,영업/정상,,,,,,응석사,I,2025-12-15 16:15:28,경상남도 진주시 집현면 응석로 435,지정,05,0,0,01,,응석사,,296189.105036695    ,200210.317343262    ,경상남도 진주시 집현면 정평리 741 ,N,,,,2014-12-18 18:11:16
5310000,CDFD1006,2003-05-18,,영업/정상,,,,,,성전암,I,2025-12-15 16:15:28,,지정,05,0,0,01,,성전암,,322956.875803474    ,190666.61901941     ,경상남도 진주시 이반성면 장안리 산 31 ,N,,,,2014-12-18 18:13:01
5310000,CDFD1005,2003-05-18,,영업/정상,,,,,,두방사,I,2025-12-15 16:15:28,경상남도 진주시 문산읍 동부로781번길 267,지정,05,0,0,01,,두방사,,308474.600526076    ,188283.659462268    ,경상남도 진주시 문산읍 상문리 325 ,N,,,,2014-12-18 18:10:11
5310000,CDFD1008,2006-01-26,,영업/정상,,,,,,총림선원,I,2025-12-15 16:15:28,경상남도 진주시 망진산길 71 (망경동),지정,05,1,10,01,,총림선원,0557526491,298137.888893388    ,186918.538380372    ,경상남도 진주시 망경동 619 ,N,,,,2018-02-26 15:45:00
5330000,CDFD1001,1973-09-08,,영업/정상,,,,,,용화사,I,2025-12-15 16:15:28,경상남도 통영시 봉수로 107-82 (봉평동),지정,05,10,3000,01,"약 1300년전인 서기632(신라 제22대 선덕여왕원년) 은점선사가 속칭 무시밭골에 초창하여 정수사라 하였는데, 1259년(고려 제20대 원종 원년) 폭풍우로 넘어진 것을 1261년 중건하고 천택사라 개칭하였다. 그후 조선 제16대 인조때 대화재를 입어 폐허의 지경에 이른것을 동왕6년(1628년)에 천택사 잔해를 현 위치에 이전하여 용화사라 부르게 되었다.
경내에는 보광전, 탐진당, 명부전, 칠성전, 종각등의 건물이 있으며, 보광전은 별도로 지방유형문화재 제249호로 지정되었다.",용화사,0556463090,329441.689194148    ,147571.098071565    ,경상남도 통영시 봉평동 404 ,N,,,,2011-10-30 13:39:22
5330000,CDFD1002,1988-06-10,,영업/정상,,,,,,안정사,I,2025-12-15 16:15:28,경상남도 통영시 광도면 안정1길 363,지정,05,5,500,01,"안정사는 서기654년(신라 태종무열왕 원년)에 원효대사가 창건한 고대 명찰로서 임진왜란의 병화로 일부소실되었다. 그후 여러 고승들의 노력으로 중건을 거듭하였으며, 대웅전은 단층에 팔작지붕을 갖춘 목조기와 건물로서 정면3칸, 측면3칸이다.
단층으로 채색한 외칠포, 내구포의 화려한 다포는 조선시대의 전형적인 사찰법당 건물임을 보여주고 있다.",안정사,0556493503,327406.282225907    ,161442.112207521    ,경상남도 통영시 광도면 안정리 1888 ,N,,,,2011-10-30 13:37:36
5340000,CDFD1001,1988-06-10,,영업/정상,,,,,,다솔사,I,2025-12-15 16:15:28,경상남도 사천시 곤명면 다솔사길 417,지정,05,6,150,01,신라 지증왕 4년(503년) 범승 연기조사가 창건하여 영악사라 부르다 636년 중건하여 다솔사라 개칭.,다솔사,,283818.682676898    ,176363.754165579    ,경상남도 사천시 곤명면 용산리 86 ,N,,,,2002-12-17 15:49:37
5350000,CDFD1011,2007-02-01,,영업/정상,,,,,,선지사,I,2025-12-15 16:15:28,경상남도 김해시 주촌면 서부로1743번길 28,지정,05,1,1000,01,ㅇ 1950년대부터 1993년까지 금선암으로 불리다가 1994년에 들어 덕천사로 개명한 후 1999년 선지사라는 명문이 새겨진 기와편과 기타 유물이 출토되면서 고려시대 명찰인 선지사로 이름을 고친 사찰이다.,선지사,0553291056,367769.47631057     ,194942.017403025    ,경상남도 김해시 주촌면 선지리 501 ,N,,,,2013-12-18 13:50:53
5350000,CDFD1010,2003-05-21,,영업/정상,,,,,,해은사,I,2025-12-15 16:15:28,경상남도 김해시 가야로405번안길 210-162 (어방동),지정,05,2,2500,01,수로왕의 왕비가 인도 아유타국 공주 신분으로 바다를 무사히 건너온(인도에서 건너와 왕비가 되었다는 뜻가지 포함한)은혜에 감사한다는 뜻으로 절을 창건했다고 전해짐.,해은사,,372174.568254167    ,195687.682050963    ,경상남도 김해시 어방동 964 ,N,,,,2013-12-18 13:59:14
5350000,CDFD1009,1988-11-24,,영업/정상,,,,,,백운암,I,2025-12-15 16:15:28,경상남도 김해시 상동면 여차로471번안길 16-133,지정,05,1,2000,01,"ㅇ 가락국 수로왕때 인도에서 온 보옥선사가 최초로 창건했다고 전해지며
ㅇ 무척산 정상의 연못인 천지옆에 통천사가 있었다고 전해지며 통천사 부속암자가 2개 있는데 그 중 1개의 사찰이 백운암이라 전해지기도함.",백운암,,370437.080210131    ,206970.686074887    ,경상남도 김해시 상동면 여차리 산 175 ,N,,,,2013-12-18 13:57:52
5350000,CDFD1006,2003-05-20,,영업/정상,,,,,,모은암,I,2025-12-15 16:15:28,경상남도 김해시 생림면 마사로 36-228,지정,05,1,1000,01,"ㅇ 허황후는 인도의 부모를 위하여 부암과 모암을 창건하고 자신의 뿌리를 알리기 위해 자암을 지었다 한다.
ㅇ 이때의 모암이 바로 지금의 모은암이라고 전해지고 있으며, 일설에는 김수로왕의 맏아들 거등왕이 부모님과 자손을 위해 창건？다고 전해지고 있음.",모은암,,369141.841688395    ,207136.689980111    ,경상남도 김해시 생림면 생철리 산 180 ,N,,,,2013-12-18 13:40:38
5350000,CDFD1007,2003-05-20,,영업/정상,,,,,,구천암,I,2025-12-15 16:15:28,경상남도 김해시 생림면 마사로229번길 58-175,지정,05,2,1500,01,"ㅇ 노덕용 처사가 1931년 조그마한 암자를 지어 수도하다 부처님의 선몽을 받아 법당, 삼성각, 요사체등을 중건 현재에 이르고 있음.",구천암,,366314.648458576    ,207752.442291996    ,경상남도 김해시 생림면 생철리 산 58-4 ,N,,,,2013-12-18 14:00:42
5350000,CDFD1008,2003-05-20,,영업/정상,,,,,,원명사,I,2025-12-15 16:15:28,경상남도 김해시 대동면 대동로529번길 83,지정,05,3,3000,01,가락국시대 등복사지였다고 전해지며 당시 사찰인 금불암은 임란때 소실된 것을 1920년대 원명스님이 중건하여 원명사라 개칭 등록하였다고 전해짐.,원명사,,379567.362156392    ,196292.092096146    ,경상남도 김해시 대동면 초정리 208 ,N,,,,2013-12-18 14:00:00
5350000,CDFD1005,1988-06-10,,영업/정상,,,,,,장유암,I,2025-12-15 16:15:28,경상남도 김해시 대청계곡길 170-563 (대청동),지정,05,2,5500,01,"김수로왕때 인도 아유타국 보옥선사가 창건하여 장유암에서 수도, 수로왕 7왕자가 선사의 제자가 되었다고 전해짐.",장유암,,359813.780181708    ,189927.66195835     ,경상남도 김해시 대청동 1129 ,N,,,,2013-12-18 13:52:39
5350000,CDFD1004,2003-05-20,,영업/정상,,,,,,영구암,I,2025-12-15 16:15:28,경상남도 김해시 신어산길 170 (삼방동),지정,05,2,2500,01,장유화상이 창건 임란때 소실된 것을 순조때 중건하였으나 1968년 화재로 불타 그해 12월에 재건하였다함.,영구암,,374366.896933168    ,198287.708363171    ,경상남도 김해시 삼방동 882-1 ,N,,,,2013-12-18 14:01:23
5350000,CDFD1003,1988-09-10,,영업/정상,,,,,,흥부암,I,2025-12-15 16:15:28,경상남도 김해시 전하로 269-74 (외동),지정,05,2,3000,01,"호랑이 형상 같다고 임호산이라 부르며, 호랑이의 벌린 입이 너무 험악하고 지형상의 악기를 없애기 위하여 가락국때 장유화상이 호랑이의 입이 되는 곳에 절을 세워 백성을 편안하게 하였다고 전해짐.",흥부암,,370157.199147739    ,193496.704585201    ,경상남도 김해시 외동 산 2 ,N,,,,2013-12-18 14:01:54
5350000,CDFD1002,1988-09-10,,영업/정상,,,,,,성조암,I,2025-12-15 16:15:28,경상남도 김해시 활천로 121-57 (삼정동),지정,05,1,1500,01,가락국 거등왕때 김수로왕을 추모하기 위해 세운 사찰로 전해짐.,성조암,,372367.230955129    ,194867.667783847    ,경상남도 김해시 삼정동 2 ,N,,,,2013-12-18 13:56:17
5350000,CDFD1001,1988-06-10,,영업/정상,,,,,,은하사,I,2025-12-15 16:15:28,경상남도 김해시 신어산길 167 (삼방동),지정,05,8,8000,01,가락국때 장유화상이 창건했다고 전하며 임란으로 전소된 사찰을 인조22년(서기 1644)에 복원하면서 절 이름을 서림사라고도 하였으며 현재 사용하고 있는 은하사란 사명은 약 200여년 전에 중수하면서 불리어 졌다고 함.,은하사,,373983.257803938    ,197943.093147277    ,경상남도 김해시 삼방동 882 ,N,,,,2013-12-18 13:41:29
5360000,CDFD1005,1988-06-30,,영업/정상,,,,,,홍제사,I,2025-12-15 16:15:28,경상남도 밀양시 무안면 동부동안길 4,지정,05,1,300,01,"표충비를 관리보존하기 위해 1742년에 지은 사찰임.
표충비는 사명대사의 충의를 새긴비로 영조때 건립됨.",홍제사,,349799.183262463    ,220341.810482501    ,경상남도 밀양시 무안면 무안리 901-4 ,N,,,,2011-10-30 16:11:20
5360000,CDFD1006,1988-10-28,,영업/정상,,,,,,대법사,I,2025-12-15 16:15:28,,지정,05,2,200,01,"사명대사의 명복을 빌고자 절을 짓고 표충사당을 건립.
1839년 표충사당을 영정사로 옮기면서 대법사가 됨.",대법사,,345982.530770182    ,219920.492780214    ,경상남도 밀양시 무안면 중산리 1128 ,N,,,,2011-10-30 16:04:09
5360000,CDFD1007,2013-02-25,,영업/정상,,,,,,용궁사,I,2025-12-15 16:15:28,,지정,05,1,2000,01,,용궁사,0553544464,360264.30621216     ,221489.056628673    ,경상남도 밀양시 가곡동 692 ,N,,,,2013-12-17 09:50:26
5360000,CDFD1004,1988-06-10,,영업/정상,,,,,,석골사,I,2025-12-15 16:15:28,경상남도 밀양시 산내면 원서3길 167,지정,05,1,300,01,"신라 진흥왕 12년 비허선사가 창건 했다고 하며 일설에는 신라 혜공왕 9년 법조선사가 창건했다고도 함.
석굴사에서 음의 와전으로 석골사가 되었다고 함.",석골사,,374540.925538623    ,236820.437429147    ,경상남도 밀양시 산내면 원서리 454 ,N,,,,2011-10-30 16:05:35
5360000,CDFD1001,1988-06-10,,영업/정상,,,,,,표충사,I,2025-12-15 16:15:28,,지정,05,6,1500,01,"신라흥덕왕 4년 황면선사가 창건
조선헌종 5년 월파대사가 현위치로 옮김",표충사,,,,경상남도 밀양시 단장면 감물리 23 ,N,,,,2011-10-30 16:08:18
5360000,CDFD1002,1988-06-10,,영업/정상,,,,,,무봉사,I,2025-12-15 16:15:28,경상남도 밀양시 영남루1길 16-11  (내일동),지정,05,1,1000,01,신라 혜공왕 9년 법조선사로부터 받은 불은을 갚기 위해 가람을 지어주고 무봉사라 함.,무봉사,,359332.268136075    ,222762.119780041    ,경상남도 밀양시 내일동 37 ,N,,,,2011-10-30 16:06:59
5360000,CDFD1003,1988-06-10,,영업/정상,,,,,,만어사,I,2025-12-15 16:15:28,경상남도 밀양시 삼랑진읍 만어로 776,지정,05,1,500,01,"가락국 수로왕이 창건했다고 전함.
고려명종 10년 보림선사가 창건.",만어사,,367533.061223346    ,218815.784930144    ,경상남도 밀양시 삼랑진읍 용전리 4 ,N,,,,2011-10-30 16:03:05
5370000,CDFD1001,1973-09-08,,영업/정상,,,,,,세진암,I,2025-12-15 16:15:28,경상남도 거제시 거제면 동상3길 31-6,지정,05,2,600,01,"-대한불교 조계종(제13교구쌍계사밀사)사찰의 거제본산으로 약300년전에 고성군 하이면의 옛
절터에서 옮겨온 향나무 삼존불상을 봉안하고 있으며 머리,몸,팔,다리등으로 구분 조각하여
조립식으로 되어 있고, 불신(佛身)내부는 비어 있고 그 밑 부분을 봉하여 있음.
-이 불신(佛身)의 복장품의 발원문과 다라니 등은 칠보(七寶)로 된 예쁜보자기에 쌓여 있었고
그 칠보의 매듭이 복잡하여 풀 수가 없었으며 발원문에는 ""康熙四十二年癸未五月日華功安于
臥龍山 深寂菴""이라고 쓰여 있어 이 불상이 1703년(숙종29년)에 와룡산 심적암에서 제작되었음을 알 수 있다.
-지금의 세진암의 중건 시기는 약100여년전 이라고 하며, 일본의 자료에 의하면 ""대한제국때
거제면에 고찰이 있었다""고 적고 있어 그 고찰이 세진암으로 추정된다.
-1935년 12월에 범어사의 말사(末寺)로 관리되었고 1945년 8월15일 말사(末寺)제도가 폐지되면서 쌍계사의 관리를 받고 있다.
      (註)한국 근현대사 연구회 [거제도 답사자료집]",세진암,,345901.841494211    ,151541.054643924    ,경상남도 거제시 거제면 동상리 270-2 ,N,,,,2011-10-30 17:23:33
5380000,CDFD1001,1962-12-14,,영업/정상,,,,,,통도사,I,2025-12-15 16:15:28,경상남도 양산시 하북면 통도사로 108,지정,05,200,10000,01,"지금으로부터 1330여년전 신라시대 선덕여왕 15년(서기646년)에 자장율사께서 창건 국내 3대사찰로 불보대찰인 통도사는 석가모니 부처님의 진신사리를 봉안한 사리탑을 중심으로 많은 건물이 배치되어 있는 사찰이다. 사찰을 대표하는 대웅전,금강계단은 계율을 전수하며,불법을 교설하는 설법전으로 많은 불자들이 이곳을 통하여 입문하는 곳이며, 건물의 구조는 지형과 원융하게 조화를 이루는 이룬 특이한 양식이다.",통도사,0553827182,387268.853473844    ,222881.325603568    ,경상남도 양산시 하북면 지산리 583 ,N,,,,2003-03-26 09:16:32
5380000,CDFD1002,1973-11-21,,영업/정상,,,,,,용화사,I,2025-12-15 16:15:28,경상남도 양산시 물금읍 원동로 199-133,지정,05,1,500,01,"양산시 물금읍 물금리 경부선 철도변의 부산시 물금상수도 취수장옆에 위치하는 사찰이며,이 절안에는 보물제491호인 석조여래좌상을 소장하고 있음.
연혁 및 유래는 알 수 없는 실정임.",용화사,0553845111,379524.31656913     ,203656.810798307    ,경상남도 양산시 물금읍 물금리 595 ,N,,,,2003-03-25 17:48:47
5380000,CDFD1003,1973-10-10,,영업/정상,,,,,,내원사,I,2025-12-15 16:15:28,경상남도 양산시 하북면 내원로 207,지정,05,30,200,01,"신라시대 천성산은 내원사와 88개의 암자가 있어 불교의 성지였다고 한다. 내원사의 안적암은 신라의 고승 원효대사가 세웠다고 하며, 그후 중수 재건을 거듭하여 조선시대에 이르렀으나 임진왜란때 병화로 소실된 것을 영훈대사가 중건한 것으로 오늘에 이르고 있으며, 지금은 비구니의 수도장으로 이름난 사찰임.",내원사,0553746466,391053.948373813    ,215889.987858759    ,경상남도 양산시 하북면 용연리 291 ,N,,,,2006-06-26 14:43:57
5380000,CDFD1005,1973-10-08,,영업/정상,,,,,,미타암,I,2025-12-15 16:15:28,경상남도 양산시 소주로 65  (소주동),지정,05,4,2000,01,"신라선덕여왕때(서기632-646년)자연석굴 즉, 현재의 미타굴에서 원효대사가 修道하고 창건하였다.보물제998호 미타암석아미타불입상이 소장되어 있다.",미타암,0553824184,395951.547576898    ,214661.412820311    ,경상남도 양산시 소주동 171 ,N,,,,2003-03-26 09:36:27
5380000,CDFD1004,1973-10-08,,영업/정상,,,,,,신흥사,I,2025-12-15 16:15:28,경상남도 양산시 원동면 원동로 2282-111,지정,05,2,1000,01,"조선 효종 8년에 다포식 건물이며, 규모는 정면3칸,측면2칸이고 조선초기 주심포식을 가미한 기법이 대들보 윗부분에 보임. 단청이나 벽화에도 문양이나, 색채등이 조선초기의 양식을 보이고 있음.대광전이 보물제1120호로 지정됨",신흥사,0553825520,377112.657173378    ,215815.208972109    ,경상남도 양산시 원동면 영포리 268 ,N,,,,2003-03-25 18:12:21
5380000,CDFD1006,1974-04-20,,영업/정상,,,,,,계원사,I,2025-12-15 16:15:28,경상남도 양산시 중앙우회로 66-64  (중부동),지정,05,1,200,01,"김반석스님이 창건하여 정성갑스님에게 인도,양대일스님이 1972년에 인도되었고, 2001년11월에 강상규스님에게 인도되었으며, 현재는 박혜경스님에게 인도되어 현재에 이르고 있음.
절 앞 큰바위에서 매일 새벽 닭울음 소리에 인근 마을 주민들이 깨어나게 되었다고하여 계원사라고 불려졌다는 전설이 있음.",계원사,0553854148,385791.847982433    ,206537.448479762    ,경상남도 양산시 중부동 74 ,N,,,,2003-03-29 10:26:29
5380000,CDFD1007,1997-08-14,,영업/정상,,,,,,원효암,I,2025-12-15 16:15:28,,지정,05,2,1500,01,,원효암,,390298.180239609    ,213807.989225006    ,경상남도 양산시 상북면 대석리 산 1-1 ,N,,,,2003-03-26 10:49:54
5380000,CDFD1009,2014-01-03,,영업/정상,,,,,,법천사,I,2025-12-15 16:15:28,경상남도 양산시 동면 금산2길 210,지정,05,5,1500,01,"법천사는 대한불교조계종 제15교구 본사인 통도사의 말사로 동면 금산휴먼시아아파트에서 2.5㎞ 떨어진 마을 뒷산인 금정산 중턱에 자리하고 있으며, 옛 지명인 ‘냉정골’의 이름을 본 따 ‘냉정사(冷井寺)’라고도 불린다.
절에서 북쪽으로 약 100m 떨어진 곳에 약수로 유명한 냉정의 샘터가 있었는데 지금은 메워져 그 흔적만 남아 있다. 1901년 이 샘을 ‘법이 솟는 샘’이라 하여 냉정사(冷井寺)에서 법천사(法泉寺)로 개명하게 된 것이다.
주 법당인 극락보전을 비롯해 산신각, 요사 3동, 공양간 등을 갖추고 있으며, 현재 불교교리연구, 중생계도, 참선 등에 몰두하는 불도량의 역할을 다하고 있다.",법천사,0553842734,385837.295146256    ,202322.03845937     ,경상남도 양산시 동면 금산리 105 ,N,,,,2014-12-11 10:45:56
5380000,CDFD1008,1988-10-19,,영업/정상,,,,,,홍룡사,I,2025-12-15 16:15:28,,지정,05,7,1800,01,,홍룡사,0553754177,,,경상남도 양산시 상북면 대석리 산 1 ,N,,,,2003-03-26 11:03:17
5390000,CDFD1001,1988-06-10,,영업/정상,,,,,,백련암,I,2025-12-15 16:15:28,경상남도 의령군 가례면 자굴산로 1150-142,지정,05,1,200,01,본 사찰은 대한불교조계종 통도사의 말사로서 1317년 고려 충숙왕 4년에 창건이래 여러 고승이 머물러 염불과 참선으로 끊임없이 수도하면서 중생들에게 부처님의 자비를 가르쳐 온 수도장임.,백련암,0555740026,310375.368843365    ,209297.63775902     ,경상남도 의령군 가례면 개승리 792 ,N,,,,2011-10-30 11:12:17
5390000,CDFD1002,1988-06-10,,영업/정상,,,,,,유학사,I,2025-12-15 16:15:28,경상남도 의령군 부림면 여배로5길 2,지정,05,0,1500,01,"유학사는 이조초 정종 2년 1399년에 태조왕사 무학조사가 창건하여 1780년 경자 4월에 승통초유사가 누각을 증수하고 1880년 7월에 현감 유모가 전달을 시재 증수하다.
1900년 경자 10월에 경용금해정선사등이 대웅전을 중수 단청하고 1929년 금호사가 칠성각을 신건하였고, 혼명사가 객사를 증수하여 사찰의 면모를 갖추었다. 유학사는 학이 머무는 자리에 사찰을 건립하였다고 하여 유학사라고 전하며 미타산 8부능선에 사찰이 있는데 상세한 기록은 사기로 내려오다 6.25 동란중에 소실되었다고 전함.",유학사,0555742882,319510.255601911    ,223583.836242034    ,경상남도 의령군 부림면 묵방리 49 ,N,,,,2011-10-30 11:11:25
5390000,CDFD1003,1988-06-10,,영업/정상,,,,,,수도사,I,2025-12-15 16:15:28,경상남도 의령군 용덕면 덕암로 581-137,지정,05,0,200,01,수도사는 신라 제30대 문무왕 2년(662년)에 원효대사가 신덕산 및 속칭 병품바위에서 불제자 백여명을 거느리고 수도하던 자리에 창건하여 그후 1592년 임진왜란때 소실되었으나 송원대사 유정이 중창하여 지금에 이르고 있음.,수도사,0555742010,313647.243252182    ,209655.069888778    ,경상남도 의령군 용덕면 이목리 636 ,N,,,,2011-10-30 11:10:35
5390000,CDFD1004,1988-06-10,,영업/정상,,,,,,운암사,I,2025-12-15 16:15:28,경상남도 의령군 부림면 고루로 945-107,지정,05,0,200,01,"서기 803년에 건립되었으며 신라40대 애장왕 4년 합천 해인사와 같은해에 건립되었고 만인의 소원을 이루는 곳으라 하여 원암담이라고도 하였으며, 산신령이 좌정한 곳도 주위의 바위가 병품처럼 둘러싸여 구름과같다 하여 운암사라 함.",운암사,0555742010,324203.045470181    ,215171.623881751    ,경상남도 의령군 부림면 경산리 837 ,N,,,,2011-10-30 11:09:53
5400000,CDFD1001,1988-06-10,,영업/정상,,,,,,장춘사,I,2026-03-26 22:01:02,경상남도 함안군 칠북면 북원로 110-1,지정,05,,,01,,장춘사,,341641.31080929     ,204219.321950802    ,경상남도 함안군 칠북면 영동리 14 ,,,,,2003-03-25 10:08:16
5400000,CDFD1003,1988-09-10,,영업/정상,,,,,,원효암,I,2026-03-26 22:01:02,경상남도 함안군 군북면 사촌4길 863,지정,05,2,3000,01,"사찰의 정확한 유래와 연혁을 알 수 없으나 이름과 의상대가 있는 것으로 보아 의상대사가 창건한 것으로 추정하고 있다. 원효암은 6.25때 소실되고 의상대는 소실되지 않앗으나, 창건연대가 미상이며 사찰의 기록에 의하면 1370년에 세웠다고 한다.",원효암,,326083.594448888    ,191616.960684833    ,경상남도 함안군 군북면 사촌리 산 70-1 ,N,,,,2011-10-25 17:00:51
5400000,CDFD1002,1988-06-10,,영업/정상,,,,,,장춘사,I,2026-03-26 22:01:02,경상남도 함안군 칠북면 북원로 110-1,지정,05,1,4000,01,"장춘사는 신라 42대 흥덕왕 7년(832년) 무량국사가 창건한 것으로 알려진 유서깊은 고찰로서 경내에는 장춘사 석조여래좌상, 오층석탑, 대웅전 등의 문화재가 있으며 장춘사 대웅전은 1979년 개축한 정면 3칸, 측면 2칸의 팔작와가 형식의 건물이다. 장춘사 약수는 한국의 명수 100선에 선정되어 있다.",장춘사,,341641.31080929     ,204219.321950802    ,경상남도 함안군 칠북면 영동리 14 ,N,,,,2011-10-30 14:01:52
5410000,CDFD1001,1988-06-10,,영업/정상,,,,,,관룡사,I,2025-12-15 16:15:28,경상남도 창녕군 창녕읍 화왕산관룡사길 171,지정,05,2,1000,01,"관룡사는 화왕산의 동쪽 구룡산(九龍山) 중턱에 위치하고 있으며, 통도사의 말사이다.  사찰을 창건할 때 
화왕산 정상의 못 속에 있던 용이 구름을 타고 하늘로 올라간 것을    보고 관룡사라 하였다고 한다.
사적기』에 따르면 사찰은 394년에 창건되었다고 하나 확실하지 않으며, 용선대    석조여래좌상과 약사전 내 석조여래좌상의 대좌 명문을 통해 볼 때 통일신라시대에는   매우 번창한 사찰이었던 것으로 보인다. 신라 8대 사찰로 불리기도 하였다.조선 전기에 대웅전과 약사전이 건립되면서 상당한 중건이 이루어졌으나 임진왜란  때 약사전을 제외한 대부분이 소실된 이후 조선 후기에 중창되었다.",관룡사,,340821.597654579    ,226889.991405488    ,경상남도 창녕군 창녕읍 옥천리 292 ,N,,,,2013-07-18 16:16:43
5410000,CDFD1002,1988-06-10,,영업/정상,,,,,,법화암,I,2025-12-15 16:15:28,경상남도 창녕군 영산면 적지길 184,지정,05,1,500,01,"서역승 지공화상이 탐승구법차 여러곳을 주유하다 이곳을 보고 기암괴석이 금강과 같다하여 영축이라 이름하고 가탑을 세운 것이 법화암임 . 
등록에 신라고찰 보림사를 창건, 9개 암자를 두었다 하나 지금은 터만 남아 있고 법화암 하나만 현존하고 있으며, 약 3백년전 지옥사가 당시 암반상에 전당을 중창하였으나 세월이 흘러 전당이 퇴약하여 45년전 중수한 것을 1987년 11월에 재중수함",법화암,,340420.726107639    ,220545.10745787     ,경상남도 창녕군 영산면 구계리 1135-4 ,N,,,,2014-03-09 14:41:02
5410000,CDFD1003,1988-06-10,,영업/정상,,,,,,극락암,I,2025-12-15 16:15:28,경상남도 창녕군 창녕읍 새말길 142,지정,05,1,100,01,고려 명종 무술년에 생윤화상이 산명계려한 이곳 도장에 암자를 창건하였고 건륭 17년에 성윤화상 8세손인 설군상인이 중건하였으며 혹서의 변화가 적고 쾌락하여 극락암이라고 하였다고 함,극락암,,341896.943216845    ,224752.250407656    ,경상남도 창녕군 창녕읍 옥천리 397 ,N,,,,2014-03-09 14:43:11
5410000,CDFD1004,1988-06-10,,영업/정상,,,,,,청련사,I,2025-12-15 16:15:28,경상남도 창녕군 계성면 계성화왕산로 288-102,지정,05,2,700,01,"1628년(조선 인조 6년 무진)에 대흥사 7개암자중 하나로 창건되었음 
1676년(조선 숙종 2년) 대홍수로 청련사 입구쪽에 위치했던 대사찰 대흥사가 유실되고 유실후 잔존성 보물을 청련사로 옮겨 모시고 동암이라 개칭하고 1842년(조선 헌종8년)덕암스님이허물어진 사찰을 중창하였으며, 1911년 일제때 조선 사찰령 시행당시 청련암으로 복귀하여 현재에 이르럼",청련사,,340011.951106877    ,222339.094274482    ,경상남도 창녕군 계성면 사리 852 ,N,,,,2014-03-09 14:43:27
5410000,CDFD1005,1988-06-10,,영업/정상,,,,,,창녕포교당,I,2025-12-15 16:15:28,경상남도 창녕군 창녕읍 신당2길 4-3,지정,05,3,500,01,"신라시대 창녕읍 술정리에 인왕사란 포교당전신 대사찰이 있었으나 임진왜란으로 전소되자 동산서사가 옛 인왕산사를 재현한 포교당을 지음
1983년7월 금동으로 된 외함1개와 내함5개,각종 다라니와 문서가 나왔고 금동으로 된 내함중 1개의 하단에서 부처님 사리가 출현했다. 이 부처님은 옛날 관룡사 팔상전에 모셨던 부처님이었으나 전란에 소실되고 부처님은 포교당이 창건된후 이곳 주불로 모샤져 오늘에 이르럼",창녕포교당,,336252.726473324    ,227671.646362116    ,경상남도 창녕군 창녕읍 말흘리 123-2 ,N,,,,2014-03-09 14:41:28
5410000,CDFD1006,1988-06-10,,영업/정상,,,,,,도성암,I,2025-12-15 16:15:28,경상남도 창녕군 창녕읍 자하곡길 147,지정,05,2,1000,01,"신라 헌덕왕 2년(810년)신라고승 지월선사가 창녕읍 술정리 인왕사를 창건할 당시 이곳 도성암도 건립하였음 
그후 임진왜란때 전소 하였으며, 그 이후200여년이 지나 산세가 극험하고 풍수리지가 불순하며 읍민에게 각종 재난이 끊이지 않으므로 이를 막기 위하여 읍민의 노력으로 건립(중수기문에 의하면 희경8년 발해1803년) 하였다 한다 
그이후 중수한 기록은 미상임",도성암,,337789.762559812    ,228153.061109437    ,경상남도 창녕군 창녕읍 송현리 8 ,N,,,,2014-03-09 14:42:14
5410000,CDFD1007,1988-06-30,,영업/정상,,,,,,석불사,I,2025-12-15 16:15:28,경상남도 창녕군 창녕읍 화왕산로 135-71,지정,05,1,1000,01,"통일신라시대 사찰암자로 전해내려오고 있음 
높이 1.25m, 폭0.8m의 자연석에 높이1.05m 폭0.53m의 불상이 새겨져 있는 석불조각 부처가 있어 절을 창건하였다 함",석불사,,337060.622813449    ,227084.414993057    ,경상남도 창녕군 창녕읍 말흘리 398-1 ,N,,,,2014-03-09 14:42:02
5410000,CDFD1008,1988-06-10,,영업/정상,,,,,,삼성암,I,2025-12-15 16:15:28,경상남도 창녕군 계성면 북암길 147,지정,05,1,18000,01,"대흥사의 암자로 약 1200년경에 북암마을 암자로 있다가 고려말에 없어짐 
그 후 조선시대까지 산 중턱에 있다가 산사태로 인하여 대웅전 요사가 멸실되어 1866년 대웅전 요사건물만 이전복원 하였음",삼성암,,339565.184619057    ,223837.632971376    ,경상남도 창녕군 계성면 사리 산 78 ,N,,,,2014-03-09 14:49:39
5420000,CDFD1005,1988-06-10,,영업/정상,,,,,,문수암,I,2025-12-15 16:15:28,경상남도 고성군 상리면 무선2길 494,지정,05,2,1000,01,,문수암,0556728078,311997.332065751    ,165671.44105191     ,경상남도 고성군 상리면 무선리 134 ,N,,,,2011-10-30 14:19:15
5420000,CDFD1004,1988-06-10,,영업/정상,,,,,,운흥사,I,2025-12-15 16:15:28,경상남도 고성군 하이면 와룡2길 248-28,지정,05,0,0,01,,운흥사,0558358656,305268.712758513    ,162780.914448436    ,경상남도 고성군 하이면 와룡리 442 ,N,,,,2011-10-30 14:20:14
5420000,CDFD1003,1988-06-10,,영업/정상,,,,,,장의사,I,2025-12-15 16:15:28,경상남도 고성군 거류면 신용9길 295,지정,05,2,1000,01,경남 고성군 거류면 한복판에 우뚝 솟은 거류산(570m)중턱에 위치한 장의사는 신라 원효대사가 선덕여왕 1년 (서기 632년)에 창건하여 6.25사변의 병화를 입었으며 1891년 성담화상이 중창한 것을 비롯하여 1917년 효봉화상에 의하여 증건되고 그후 신도들에 의해 보광전을 중건하여 오늘에 이르며 사찰의 뒤로는 기암괴석이 웅장하게 치솟아 울창한 수목과 더불어 조화를 이루고 있다.,장의사,0556721039,326939.82256788     ,165867.795607451    ,경상남도 고성군 거류면 신용리 1077 ,N,,,,2011-10-30 14:18:25
5420000,CDFD1001,2000-11-28,,영업/정상,,,,,,계승사,I,2025-12-15 16:15:28,경상남도 고성군 영현면 대법3길 236,지정,05,2,1500,01,"계승사는 신라 문무왕 15년에 의상조사가 창건한 절로 「금태사」로 불리워 오다가 임진왜란때 병화에 의해 소실, 지난 63년 지금의 주지 법진스님의 재 창건불사에 의해 중건됐다. 
산세가 수려하고 기암괴석이 즐비한데다 유서가 깊어 많은 신도들이 발길이 끊이지 않는 계승사는 절벽사이에서 솟아나고 있는 석간수로도 그 명성이 높다.
용두봉에서 발원되어 기암괴석과 절벽사이로 흐르고 있는 이 석간수는 그 옛날에는 매일 서되두홉의 공양미가 쏟아졌다는 전설이 있다. 그러나 욕심 많은 시봉행자가 더 많은 공양미를 받기 위해 구멍을 키웠더니 공양미가 약수로 변해 버렸다는 설과 함께 지나친 욕심이 화를 부른다는 평범힌 진리를 깨우쳐주고 있다. 이약수는 피부병을 비롯해 각종 질병에 효험이 있는 것으로 알려져 주말이면 인근 사천, 진주, 마산 등지에서 약수를 받기 위해 차량 행렬이 이어지고 있다. 

또한 고려말 이성계가 왜구를 토벌하기 위해 삼남도를 내려왔다가 이 절에서 수행, 조선 창건의 꿈을 키웠으며, 이후 조선 건국을 이룬후 태조 이성계가 이 산의 이름을 금태산이라 지어 하명했다고 전해지고 있다.",계승사,0556730281,311585.690740456    ,173378.802392382    ,경상남도 고성군 영현면 대법리 17-1 ,N,,,,2011-10-30 14:23:29
5420000,CDFD1002,1988-06-10,,영업/정상,,,,,,옥천사,I,2025-12-15 16:15:28,경상남도 고성군 개천면 연화산1로 471-9,지정,05,10,6000,01,"신라의 성인 원효대사와 함께 쌍벽을 이룬 의상조사는 당나라 유학시 그곳 종남산에서 지엄선사로부터 화엄의 오묘한 뜻을 깨닫고 귀국하여 화엄대의를 선양하면서 국내의 영지를 가려 불찰을 많이 세웠는데 그것을 화엄십찰이라고 일컬었고, 옥천사는 그 중의 하나로 신라 문무왕 16년(676년)에 창건되었다.
경내에 달고 맛있는 물이 끊이지 않고 솟는 샘이 있어 절 이름을 옥천사라 불렀고, 지금은 대한불교 조계종 제13교구 쌍계사의 말사이다. 
본 사찰은 창건 이후 수차례 중창하였으나 조선 선조 25년(1592년) 임진왜란으로 완전 소실되었다가 인조 17년(1639년) 학명대사가 대둔리 촌락에서 유숙하다가 신인이 지시하는 곳에 대가함의 도국이 나타나는 영몽을 꾸고 다음날 이곳을 찾아 명당의 절터를 알고 의오대사와 힘을 합하여 7번째의 중창을 시작하였다. 이때 건립한 것으로는 인조 22년(1644년)에 동상당을 세웠고 같은 23년에 심검당을 세웠으며 효종 5년에는 법당과 궁선당을 세우고 현종 5년에는 성요, 승안, 돈계화상 등의 원력으로 정문을 건립하여 그 규모를 확장하였다. 이로 말미암아 옛 신라고찰의 맥을 잇고 면목을 갖추었다",옥천사,0556720100,315055.273183937    ,176422.53294165     ,경상남도 고성군 개천면 북평리 408 ,N,,,,2011-10-30 14:21:38
5430000,CDFD1005,2003-03-11,,영업/정상,,,,,,운대암,I,2025-12-15 16:15:28,경상남도 남해군 창선면 창선로153번길 240,지정,05,0,700,01,,운대암,,290529.397056907    ,152514.7686458      ,경상남도 남해군 창선면 옥천리 1042 ,N,,,,2003-03-11 14:12:58
5430000,CDFD1004,2003-03-11,,영업/정상,,,,,,화방사,I,2025-12-15 16:15:28,경상남도 남해군 고현면 화방사길 128-6,지정,05,0,1080,01,,화방사,,278910.468030966    ,152099.873614506    ,경상남도 남해군 고현면 대곡리 1448 ,N,,,,2003-03-11 14:11:39
5430000,CDFD1003,1988-06-10,,영업/정상,,,,,,보리암,I,2025-12-15 16:15:28,경상남도 남해군 상주면 보리암로 665,지정,05,0,2200,01,,보리암,,289926.685123655    ,139723.458171073    ,경상남도 남해군 상주면 상주리 2065 ,N,,,,2011-10-30 18:25:25
5430000,CDFD1002,1988-06-10,,영업/정상,,,,,,용문사,I,2025-12-15 16:15:28,경상남도 남해군 이동면 용문사길 166-11,지정,05,0,2050,01,,용문사,,284434.132093469    ,143654.789289039    ,경상남도 남해군 이동면 용소리 868 ,N,,,,2003-03-11 14:09:19
5430000,CDFD1006,2003-03-11,,영업/정상,,,,,,법흥사,I,2025-12-15 16:15:28,경상남도 남해군 남해읍 망운로10번길 45-10,지정,05,0,980,01,,법흥사,,281536.522479068    ,149684.178444264    ,경상남도 남해군 남해읍 북변리 595 ,N,,,,2014-02-28 14:16:20
5430000,CDFD1001,2001-11-06,,영업/정상,,,,,,망운암,I,2025-12-15 16:15:28,경상남도 남해군 남해읍 남서대로2240번길 708,지정,05,0,750,01,,망운암,,278396.39153465     ,150652.510485681    ,경상남도 남해군 남해읍 아산리 ,N,,,,2014-02-28 14:13:58
5440000,CDFD1001,1962-12-14,,영업/정상,,,,,,쌍계사,I,2025-12-15 16:15:28,경상남도 하동군 화개면 쌍계사길 59,지정,05,50,1000,01,"서기 722년 의상대사의 제자인 삼법스님이 중국에서 선종 6대조인 혜능의 정상을 모시고와
현재의 금당 자리에 난야를 짓고 8년동안 선을 닦은 곳으로 840년 진감선사 혜소가 중창하여 
옥천사라 하였으며, 그후 정강왕 때 쌍계사라 개명되어 오늘에 이르고 있다.",쌍계사,0558831901,259144.273126686    ,192766.08811847     ,경상남도 하동군 화개면 운수리 207 ,N,,,,2011-10-30 13:35:16
5440000,CDFD1002,1974-02-26,,영업/정상,,,,,,칠불사,I,2025-12-15 16:15:28,경상남도 하동군 화개면 범왕길 528,지정,05,30,500,01,"서기 101년 가락국의 시조인 김수로왕의 칠왕자가 이곳에 입산하여 수도하던 중 103년에
깨달음을 얻어 부처를 이룬것을 기념하여 김수로왕이 절을 짓고 칠불암이라 이름하였다.",칠불사,,255315.278789185    ,198339.261535519    ,경상남도 하동군 화개면 범왕리 1605 ,N,,,,2008-07-16 16:35:22
5440000,CDFD1006,2015-02-05,,영업/정상,,,,,52306,칠성사,I,2025-12-15 16:15:28,경상남도 하동군 악양면 신흥길 121-120,지정,05,5,1380,01,,칠성사,,266756.595692626    ,185531.003020262    ,경상남도 하동군 악양면 신흥리 3 ,N,,,,2017-02-27 12:32:28
5440000,CDFD1005,1974-07-26,,영업/정상,,,,,,학방사,I,2025-12-15 16:15:28,경상남도 하동군 양보면 상고개로 377-59,지정,05,3,30,01,"1842년 10월 서덕동 스님이 창건하였다고 전하며, 1974년 수해로 인하여 폐허가 된 것을
방치하다가 1983년 10월 복원하여 현재에 이르고 있음",학방사,0558824886,279522.041397913    ,174367.745163379    ,경상남도 하동군 양보면 박달리 133-1 ,N,,,,2003-01-17 16:53:19
5440000,CDFD1004,1991-12-16,,영업/정상,,,,,,양천암,I,2025-12-15 16:15:28,경상남도 하동군 북천면 상촌길 184-128,지정,05,1,30,01,"창건 당시 매우 번창하였다 하나 절 근처에 큰 바위를 깨뜨린 후로는 쇠퇴하여졌다고 하며,
100여년 전에 무녀가 절터에서 금덩어리를 발견하고 국가에 헌납하여 보상금으로 양천암을
지었다고 한다",양천암,0558837419,277308.047771445    ,184290.307094914    ,경상남도 하동군 북천면 화정리 산 200 ,N,,,,2003-01-17 16:42:28
5440000,CDFD1003,1975-07-10,,영업/정상,,,,,,한산사,I,2025-12-15 16:15:28,,지정,05,1,50,01,"나당연합 당시인 삼국통일무렵 한산사가 세워졌으나 어떤 연유로 소실 되었는지는 알 수
없으며, 6.25동란 직후인 1954년 당초 절터가 있던 고소성 아래 화개쪽에서 현재의 위치로
옮겨 재건 되었다",한산사,0558833379,,,경상남도 하동군 악양면 평사리 산 47 ,N,,,,2007-06-25 11:11:58
5450000,CDFD1001,1998-11-30,,영업/정상,,,,,,지곡사,I,2025-12-15 16:15:28,경상남도 산청군 산청읍 웅석봉로 396,지정,05,1,278,01,"이곳에 절터만 남아있는 지곡사(智谷寺)는 통일신라때 응진(應眞)스님이 창건하여 처음 절이름을 국태사(國泰寺)라 하였고 고려초에 혜월(慧月)스님에 이어 진관(眞觀)스님(912∼964)이 크게 중창하여 고려전기에는 선종 5대산문의 하나로 손꼽히는 대찰이었으나 1913년 전후에 폐사되었다.
",지곡사,0559722954,279610.130507561    ,210102.814287923    ,경상남도 산청군 산청읍 내리 772-5 ,N,,,,2003-04-08 15:52:49
5450000,CDFD1002,2003-04-08,,영업/정상,,,,,,대원사,I,2025-12-15 16:15:28,경상남도 산청군 삼장면 평촌유평로 453,지정,05,25,500,01,"신라 진흥왕9년(548년)에 연기(緣起)조사가 창건하여 평원사(平原寺)라 하였다. 그 뒤 1천여년 동안 폐쇄되었던 것을 조선조 숙종 11년에 운권(雲捲)선사가 문도들을 데려와 평원사의 옛 절터에 사찰을 건립, 대원암(大源菴)이라 개창하고 선불간경도량을 개설하여 영남 제일의 강당이 되었다. 조선조 고종 27년에 혜흔(慧昕)선사의 암자가 무너져 크게 중건하였다. 서쪽에는 조사영당을 보수, 동쪽에는 방장실과 강당을 건립하여 대원사라 개칭하고 큰스님을 초청하여 설교를 하니 전국의 수행승들이 모여들었다고 한다.
대원사에는 깊은 산 속에 호젓한 산사가 깃들여 있다는 사실과, 절집의 맑은 분위기, 그리고 비구니들의 용맹정진하고 있다는 숙연성 때문에 많은 사람이 즐겨 찾는 곳이다.",대원사,0559728068,273301.307690931    ,206437.514888562    ,경상남도 산청군 삼장면 유평리 2 ,N,,,,2013-12-17 18:09:47
5450000,CDFD1003,2003-04-08,,영업/정상,,,,,,율곡사,I,2025-12-15 16:15:28,경상남도 산청군 신등면 율곡사길 182,지정,05,1,125,01,"신라 진덕여왕 5년 원효대사의 창건으로 전해오나 현재의 대웅전은 조선중기의 건물이다. 이 전각은 정면 3칸 측면 2칸의 단층 팔작기와집으로, 다듬은 돌 바른층쌓기의 기단위에 막돌초석을 놓고 민흘림 두리기둥을 세웠다. 공포는 내·외3출목으로, 기둥 위와 기둥사이 평방위에 모두 짜 올린 다포식으로 되어 있다. 첨차가 내외 모두 교두형으로 조선 초기의 양식을 이루고 있으나 외목도리를 고정시키고 있는 조각의 모양으로 보아 조선 중기의 건축이라 추측된다. 정면 창호는 팔각 불발기와 띠살을 혼합한 특이한 모양을 이루고 있다.",율곡사,0559736011,287772.466580255    ,213289.335157711    ,경상남도 산청군 신등면 율현리 1030 ,N,,,,2013-12-17 18:15:02
5450000,CDFD1007,2004-05-18,,영업/정상,,,,,,심적사,I,2025-12-15 16:15:28,경상남도 산청군 산청읍 웅석봉로 495,지정,05,1,0,01,"
대한불교조계종 제12교구 본사인 해인사의 말사이다. 929년(신라 경순왕 3) 창건되었으나 이후의 연혁이 전하지 않아 자세한 역사는 알 수 없다. 1950년 6·25전쟁 때 불에 타자 동봉(東峰)이 이 절에 모셔 두었던 십육나한상을 인근 삼봉산 동룡동(東龍洞)으로 옮겼다가 1976년에 절을 중창한 뒤 다시 가져와 모셨다. 현존하는 건물로는 나한전과 요사채 등이 있다. 주전각이 나한전인 것으로 보아 나한도량임을 알 수 있으며, 내부에 십육나한상과 10구의 불상이 함께 모셔져 있다. 이들 불상은 모두 조선시대에 제작된 것으로 추정된다
 
",심적사,,278923.695367085    ,209689.729452705    ,경상남도 산청군 산청읍 내리 1127 ,N,,,,2008-05-15 20:58:25
5450000,CDFD1006,2005-01-27,,영업/정상,,,,,,내원사,I,2025-12-15 16:15:28,경상남도 산청군 삼장면 대하내원로 256,지정,05,2,485,01,,내원사,0559730535,273614.346560116    ,200390.735844574    ,경상남도 산청군 삼장면 대포리 583 ,N,,,,2008-05-15 20:52:08
5450000,CDFD1005,2003-04-08,,영업/정상,,,,,,정취암,I,2025-12-15 16:15:28,경상남도 산청군 신등면 둔철산로 675-87,지정,05,1,220,01,,정취암,0559723339,288430.815062839    ,210298.744254482    ,경상남도 산청군 신등면 양전리 산 78 ,N,,,,2013-12-17 18:16:36
5450000,CDFD1004,2003-04-08,,영업/정상,,,,,,심적정사,I,2025-12-15 16:15:28,경상남도 산청군 산청읍 꽃봉산로133번길 15,지정,05,1,125,01,"신라 경순왕 3년에 이 곳에 세워졌는데 웅석봉으로 이어지는 산세가 힘있게 
동쪽으로 내달아 양쪽산맥이 감싸는 곳에 터를 잡고 있다. 또한 산중턱에 위치하여 원
경이 시원스럽다.",심적정사,0559731388,279791.938437127    ,213016.461717714    ,경상남도 산청군 산청읍 지리 287 ,N,,,,2003-04-08 17:03:34
5450000,CDFD1008,2008-01-15,,영업/정상,,,,,,법계사,I,2025-12-15 16:15:28,경상남도 산청군 시천면 지리산대로 320-292,지정,05,5,100,01,"서기 544년(신라 진흥왕 5년)에 연기조사(緣起祖師)가 천하의 승지(勝地)가 이곳이라 하여 천왕봉(天王峯)에서 약 3km쯤 떨어진 곳에 처음 절을 지은 것이 현재의 법계사라고 한다. 그러나 여러 차례 외적의 침입에 의하여 소실되어 폐허가 되었던 것을 끊임없는 노력으로 1981년 다시 세워 오늘날 지리산을 지키는 명찰로 거듭나고 있다.
  또한 법계사에는 적멸보궁 우측에 위치한 법계사 삼층석탑(보물 제473호)은 바위 위에 3층의 탑신(塔身)을 올린 모습으로 탑신부의 몸돌과 지붕돌은 각각 하나의 돌로 만들었으며, 몸돌 각 모서리에는 기둥을 넓게 새겨 양식의 간략화와 투박한 느낌을 주고 있어서 전형적인 신라석탑 양식에서 벗어난 고려시대의 석탑으로 추정된다.",법계사,,266868.206091118    ,203373.006914859    ,경상남도 산청군 시천면 중산리 873 ,N,,,,2011-10-30 14:07:49
5460000,CDFD1002,2003-03-26,,영업/정상,,,,,,금대암,I,2025-12-15 16:15:28,경상남도 함양군 마천면 천왕봉로 1035-337,지정,05,1,400,01,"신라말 656(태종3년) 행호조사가 창건했다는 설이 있는 본 사찰은 신라 도선국사가 참배지로 인정했으며, 고려 보조국사, 서산대사가 수도 성취하였다는 구전이 있음
6.25동란때 소실되었으나 금대암 복구기성회가 조직되어 옛 모습을 되찾음",금대암,,260891.542799901    ,212240.351052666    ,경상남도 함양군 마천면 가흥리 17-1 ,N,,,,2011-10-30 15:15:37
5460000,CDFD1001,1973-11-03,,영업/정상,,,,,,영각사,I,2025-12-15 16:15:28,경상남도 함양군 서상면 덕유월성로 567,지정,05,3,300,01,신라 헌강와 2년(878) 송광대사가 창건한 사찰로 여러차례 소실 되었다가 강용월 대사가 중수한후 6.25동란때 법당과 하엄경판(설파 상언스님 각)이 소실 되었는데 1959년 해운스님이 법당을 신축하여 오늘에 이르고 있다.,영각사,0559630777,261370.993858302    ,249881.340595002    ,경상남도 함양군 서상면 상남리 1047 ,N,,,,2011-10-30 15:09:11
5460000,CDFD1003,1986-01-18,,영업/정상,,,,,,상연대,I,2025-12-15 16:15:28,경상남도 함양군 백전면 백운산길 3-291,지정,05,2,100,01,"신라시대 경애왕 1년(924) 고운 최치원 선생이 관음기도를 하던중 관세음 보살이 나타나 상연이라 이름하여 창건한 이래 신라말에는 구산신문의 하나인 실상신문을 이곳에 옮겨와 신문의 마지막 보루가 되었으며, 그후 역대의 고승, 대덕스님들이 수도 정신해 도던 곳으로 천여년의 영험 어리고 신령한 수도 도량이다.",상연대,,258487.846231295    ,235102.213144842    ,경상남도 함양군 백전면 백운리 산 78-1 ,N,,,,2011-10-30 15:12:16
5460000,CDFD1008,2013-02-28,,영업/정상,,,,,50055,안국사,I,2025-12-15 16:15:28,경상남도 함양군 마천면 천왕봉로 1035-337,지정,05,0,0,01,"- 656년(신라 태종무열왕 3)에 창건.                                   - 1430년(세종 12)에 천태종 판사도대선사(判事都大禪師) 행호(行乎)가 중건.
- 1598년(선조 31) 8월 29일 왜군 500여명이 지리산으로 들어와서 금대(金臺)와 더불어 이 절을 불태웠고, 그 뒤 다시 중건하였으나 6·25 때 완전히 소진된 것을 1963년에 금련대(金蓮臺)만을 박씨(朴氏)부인이 중창.",안국사,,260272.160327438    ,212437.522940404    ,경상남도 함양군 마천면 가흥리 1131 ,N,,,,2021-05-12 10:49:09
5460000,CDFD1007,2003-01-24,,영업/정상,,,,,,영원사,I,2025-12-15 16:15:28,경상남도 함양군 마천면 마천삼정로 544-644,지정,05,3,50,01,"통일신라시대 영원조사가 창건한 이래 서산, 청매, 사명, 포광스님 등 당대의 선지식들이 주석한바 있는 수도도량으로 영원사에 보존된 조실안록의 기록에 의하면 소실전에 100칸이 넘는 9채의 건물로 웅장한 가람의 모습을 지녔다고 한다. 서산대사의 법사인 부용영관스님을 비롯한 조실스님이 109명이나 있었으며, 청매스님의 방광사리탑과 각운선사의 염송설화가 얽힌 필단사리탑 1기가 말사인 상무주암에 있다.
사찰입구의 부도군에는 서상면에 소재한 영각사를 창건하고 화엄경팜을 각한 설파상언 대사의 부도가 있어 대사의 불제자가 센운 것으로 보인다.
현재의 건물은 여순반란사건과 6.25 전란으로 완전소실후 새로 부분 복원되었다.",영원사,,256593.124812388    ,207520.438228075    ,경상남도 함양군 마천면 삼정리 953 ,N,,,,2011-10-30 14:37:16
5460000,CDFD1006,1975-04-10,,영업/정상,,,,,,보림사,I,2025-12-15 16:15:28,경상남도 함양군 함양읍 운림1길 3-1,지정,05,2,300,01,"1912년 벽송사 주지스님 김동운 화상이 건립 1929년 인근 6개사찰이 연합 운영하면서 부속사업으로 유치원을 운영한 바 있으며, 1970년 해인사 조영산 화상이 부임하여 보림사라 개칭하여 현재에 이르고 있음",보림사,,265467.116068707    ,224852.154378301    ,경상남도 함양군 함양읍 운림리 289 ,N,,,,2011-10-30 14:40:26
5460000,CDFD1005,1973-11-03,,영업/정상,,,,,,용추사,I,2025-12-15 16:15:28,경상남도 함양군 안의면 용추계곡로 623,지정,05,2,500,01,신라소지왕 6녀(484) 각연대사가 창건한 옛 장수사와 4대 부속 암자중에서 현존하는 유일한 사찰로 6.25동란때 소실되어 1953년 안의면 당본리에 있는 봉황대에 별원을 차려 놓았다가 옛터의 복원을 추진하여 1959년 재건하였다.,용추사,,269020.268913352    ,243334.296250214    ,경상남도 함양군 안의면 상원리 962 ,N,,,,2011-10-30 14:43:01
5460000,CDFD1004,1973-11-03,,영업/정상,,,,,,벽송사,I,2025-12-15 16:15:28,경상남도 함양군 마천면 광점길 27-177,지정,05,10,150,01,"1520년 조선태고종 5대 정통인 벽송 지엄대사가 창건한 사찰로서 처음에는 벽송암이라고 했으나 1704년 소실되었다가 중건되었으며, 6.25동란으로 다시 솔실되었다가 30여년 전 신도들이 불사로 중건되어 오늘에 이르고 있다.",벽송사,,263818.71377479     ,210720.470735469    ,경상남도 함양군 마천면 추성리 259 ,N,,,,2011-10-30 14:44:51
5470000,CDFD1001,1988-06-10,,영업/정상,,,,,,연수사,I,2026-05-10 22:00:25,경상남도 거창군 남상면 연수사길 115-103,지정,05,1,600,01,"감악산의 북쪽 중턱에 있는 절로서 신라 애장왕 3년(802)에 감악조사가 감악산 북쪽에 세웠으나 빈대 때문에 절을 없애고 지금 자리로 옮겼다고 한다. 고려 공민왕16년(1367)벽암선사가 10여 사원을 지어 불도를 가르쳤고, 아랫쪽에 있는 부도 역시 그때세웠다 하며 1932년 해인사로 부터  황선진 대사가 와서 지금 건물인 대웅전을 중수하고 칠성각을 지었고 박탄성 박화상 두사람이 금조종사를 데리고 와서 선원과 강학할 수있는 집을 지었다.",연수사,0559428687,283242.851474869    ,233484.872821214    ,경상남도 거창군 남상면 무촌리 40-1 ,N,,,,2002-12-18 17:26:35
5470000,CDFD1002,1988-06-10,,영업/정상,,,,,,송계사,I,2026-05-10 22:00:25,경상남도 거창군 북상면 송계사길 321,지정,05,3,710,01,마을 북서쪽 1킬로 지점인 덕유산남쪽 기슭에있는 아담한 절이다. 신라 진덕여왕 6(652)년에 원효대사와 의상대사가 영치사와 송계암5개의 부속 암자를 세웠다고 전한다. 임란때 불타버린것을 숙송 (1675~1720)때 진명대사가 다시 지었으나 6.25전란으로 또 소실되었다가 1969년 에 다시 중수하였다.,송계사,0559425184,271930.730007012    ,259708.758031193    ,경상남도 거창군 북상면 소정리 1694 ,N,,,,2012-02-09 09:19:01
5470000,CDFD1003,1988-09-10,,영업/정상,,,,,,고견사,I,2026-05-10 22:00:25,경상남도 거창군 가조면 의상봉길 1049,지정,05,1,800,01,"마을 뒤인 북쪽의 의상봉 발치에있다. 신라때 세워졌던 사찰로서 이지방에서 강장 오랜된 절이라고 한다. 견암사,해삼사,동암사등 세절이마주 있었다고 하나 지금은 동암해삼이라는 지명과 사지만 남아 있다. 고견사는 의상대사가 이곳에 와서쉬었으며 사후 저승에서 해매다가 재생하여 보니 옛날에 본 절이라하여고견사라 하였으며 의상대사가 쉬던곳으로 의상봉이라 부른다",고견사,0559421333,293932.93539385     ,249992.487258663    ,경상남도 거창군 가조면 수월리 1 ,N,,,,2012-02-09 09:20:23
5470000,CDFD1005,1988-09-10,,영업/정상,,,,,,금봉암,I,2026-05-10 22:00:25,경상남도 거창군 고제면 용초길 310-428,지정,05,1,1000,01,삼봉산 중턱에 있는 오래된 절로서 뒷산이 금강산 같아서 소금강이라하여 금자를 따오고 산모양이 봉황새 같아 봉자를 넣어 금봉암이라 이름지었다. 칠성당 앞에 용바위가 있고 옛날 가뭄때 군에서 맨 먼저 이 바위에서 기우제를 지냈다 한다,금봉암,0559447381,277103.02739672     ,264555.799262481    ,경상남도 거창군 고제면 봉산리 산 236-1 ,N,,,,2002-12-18 17:04:22
5480000,CDFD1001,2002-12-24,,영업/정상,,,,,,해인사,I,2025-12-15 16:15:28,경상남도 합천군 가야면 해인사길 118-31,지정,05,500,30000,01,"가야산은 소백산의 지맥(支脈)에 위치한 해발 1430m 산으로 법보종찰이요 화엄사찰의 하나 
이다.
해인사는 순응(順應)화상과 그제자인 이정(理貞)화상이 산라 제40대 임금 애장왕 3년 서기802년10월16일에 왕과 왕후의 도움으로 지금의 대적광전 자리에 창건하였다.
해인이란 대방광불 화엄경에 나오는 해인삼매에서 유래된 것으로 해인사는 화엄사상을 천명하고자 이루어진 도량이다.
법보종찰 해인사는 불보사찰 통도사,승보사찰 송광사와 더불어 한국의 삼대 사찰로 꼽힌다.
우리 민족의 믿음의 총화인 팔만대장경을 모신 사찰로서 한국인 정신적인 귀의 처요 이 땅을 비추는 지혜의 등불이 되어 왔다.
해인사에는 대적광전,대장경판전,명부전, 응진전,삼성각, 응향각, 퇴설당,행행당,심검당,금현당,경학원,구광루,명월당,사운당 등 수많은 전각들과 국보 제32호 팔만대장경판,국보 제52호 장경판전 등이  80 여종의 유물 등 다수의 국적인 보물이 있다.
특히 해인사 경내에는  15개암자가 산제 하고 있음.",해인사,0559311001,299177.980420681    ,256234.24740909     ,경상남도 합천군 가야면 치인리 10 ,N,,,,2011-10-30 17:31:59
5480000,CDFD1002,1973-11-03,,영업/정상,,,,,,연호사,I,2025-12-15 16:15:28,경상남도 합천군 합천읍 죽죽길 72-7,지정,05,2,500,01,"합천읍 남쪽 황강 강변 절벽 밑에 있는데 신라 선덕여왕 11년 (713)에 창건하였고 중수는 이조 영조 31년(1755)에 인조대사가 시공한 것이다.
오랜역사를 가진 이절에 대한 유적기가 없으나 현재 이절은 서기 1939년에 동호대사가 중건하였으며 ,현재 법당은 1981년에 성호스님에 의해 해체 신축하여 현재에 이르고 있음.",연호사,0559322508,305617.871945518    ,229536.60776056     ,경상남도 합천군 합천읍 합천리 203 ,N,,,,2011-10-30 17:37:31
5530000,CDFD1001,2002-12-03,,영업/정상,,,,,,용주사,I,2026-02-01 10:36:12,,지정,05,0,0,01,"일제강점기{日帝强占期}때는 31본산(本山)의 하나였는데, 이곳에는 원래 854년(신라 문성왕 16)에 세운 갈양사(葛陽寺)가 있었다. 952년(고려 광종 3)에 병란으로 소실된 것을 조선 제22대 정조(正祖)가 부친 장헌세자(莊獻世子)의 능인 현륭원(顯隆園)을 화산으로 옮긴 후, 1790년 갈양사 자리에 능사(陵寺)로서 용주사를 세우고 부친의 명복을 빌었다.
당시 이 사찰을 세우기 위하여 전국에서 시주 8만 7천 냥을 거두어 보경(寶鏡)으로 하여금 4년간의 공사 끝에 완공하게 하였는데, 낙성식 전날 밤 용이 여의주를 물고 승천하는 꿈을 꾸고 용주사라 부르게 되었다고 전한다. 창사(創寺)와 동시에 팔로도승원(八路都僧院)을 두어 전국의 사찰을 통제하였으며, 보경에게는 도총섭(都總攝)의 칭호를 주어 이 절을 주재하게 하였다. 
경내에는 이 절의 전신인 갈양사의 유물인 7층의 석조사리탑과 6개의 돌기둥으로 지탱하고 있는 천보루(天保樓)가 있는데, 그 안에 들어서면 대웅보전(大雄寶殿)과 석가삼존불(釋迦三尊佛)이 있다. 그 뒤쪽의 후불탱화(後佛幀畵) 역시 석가와 여러 보살 및 10대 제자상들인데, 이를 김홍도(金弘道)의 그림이라고도 하나 확실한 근거는 없다.",용주사,0312340040,200380.503665159    ,412264.751843753    ,경기도 화성시 병점구 송산동  188 ,N,,,,2002-12-03 15:31:51
5530000,CDFD1002,2002-12-03,,영업/정상,,,,,,봉림사,I,2026-02-01 10:36:12,,승인,07,2,1000,01,"대한불교조계종 제2교구 본사인 용주사의 말사이다. 신라 진덕여왕 때(재위 647∼654) 고구려의 침략을 불교의 힘으로 막기 위해 창건한 호국사찰이다. 당시 궁궐에서 기르던 새가 절 주위 숲에 날아와 춤을 추었으므로 봉림사라 하고, 산 이름도 무봉산으로 바꿨다고 한다. 1621년(광해군 13)에 법당과 종각·요사를 중수하였으며, 1708년(숙종 34)에도 중수한 바 있다. 1978년에 목조아미타여래좌상의 복장(腹藏)에서 사리가 발굴되었고, 1979년 이 사리를 봉안한 탑을 세우면서 봉향각과 종각도 다시 지었다. 

현존하는 건물로는 대웅전과 봉향각·망양루·범종각·요사채 등이 있고, 유물로는 목조아미타여래좌상과 탱화 여러 점이 전한다. 1978년 대웅전의 목조아미타여래좌상에 금색을 입힐 때 복장에서 불상의 유래를 전하는 기록과 각종 불경이 발견되었는데, 이 기록에 따르면 불상은 1362년(고려 공민왕 11)에 만들어졌다고 하며, 배 부분에서 의상을 U자형으로 처리하고 옷의 주름을 3줄로 표현한 점 등에서 고려 후기의 불상 양식과 일치한다. 눈을 수정으로 만든 점이 특이하다. 1984년 4월 10일 보물 제980호로 지정되었다.",봉림사,,186202.462049715    ,411591.886631416    ,경기도 화성시 만세구 남양읍 북양리 642 ,N,,,,2018-12-12 08:40:54
5530000,CDFD1003,2002-12-03,,영업/정상,,,,,,신흥사,I,2026-02-01 10:36:12,,승인,07,4,7000,01,"서해바다가 내려다보이는 사적 217호로 지정된 구봉산 당성을 배경으로 자리잡고 있는 본 신흥사는 1934년 덕인 스님이 한영석 거사의 시주로 창건하였습니다.
당성은 고구려 영유왕때 덕과 예술과 문학을 겸비한 선비를 보내 달라는 고구려의 요구에 의하여 당나라에서 팔학사를 보내어 그중 홍학사가 이곳에 머물면서 중국 문물을 받아들인 곳이며, 군사 요충지로도 매우 중요한 역할을 한 곳입니다",신흥사,0313572695,174146.328365069    ,410217.26457731     ,경기도 화성시 만세구 서신면 상안리 72-11 ,N,,,,2018-12-27 17:17:22
5530000,CDFD1004,2002-12-03,,영업/정상,,,,,,만의사,I,2026-02-01 10:36:12,,지정,05,3,0,01,"대한불교조계종 제2교구 본사인 용주사의 말사이다. 신라 때 창건되어 당시에는 만의사(萬義寺)라 하였다. 1284년(고려 충렬왕 10) 정길(貞吉)과 현묵(玄默)이 중창하였고, 1312년(충선왕 4) 당시 천태종 진구사(珍丘寺) 주지였던 혼기(混其)가 주지로 부임한 뒤 크게 중창하고 법화도량(法華道場)을 열어 천태종의 중심 사찰이 되었다. 그의 뒤를 이어 의선(義璇)이 사세를 더욱 키웠으며, 충혜왕 때의 주지 묘혜(妙慧)는 요원(了圓)이 《법화영험전(法華靈驗傳)》을 간행할 때 비용을 대주었다는 기록이 있다.
고려 말 우왕(재위: 1375∼1388) 때부터는 천태종과 조계종에서 주지를 교대로 맡게 되었다. 이것은 당시 이 절이 사전(寺田)과 노비를 많이 소유하여 부유했기 때문이다. 나라에서는 두 종파간 다툼이 심해지자 노비를 모두 수원부(水原府)에 속하게 하고 절은 천태종이 관할하게 하였다. 1388년(우왕 14) 이성계(李成桂)가 위화도회군을 할 때 공이 컸던 신조(神照)가 주지로 온 뒤부터 다시 노비를 받았으며, 사전 70결도 받았다고 한다. 조선 건국에 공이 큰 까닭에 억불숭유 정책을 편 조선시대에도 비교적 사세를 폈다. 






",만의사,0313766005,213247.718790645    ,411978.210376009    ,경기도 화성시 동탄구 중동  140 ,N,,,,2002-12-03 16:13:02
5530000,CDFD1005,1988-07-28,,영업/정상,,,,,18347,용주사,I,2026-02-01 10:36:12,"경기도 화성시 병점구 용주로 136 (송산동, 용주사)",지정,05,72,30000,01,"？신라 문성왕 16년(854년) 갈양사  창건되었으나, 
？병자호란때 소실된 후 폐사 되었으나, 정조대왕이 사도세자의 능을 화산으로 옮기면서 용주사    라 칭하며, 31본산의 하나임.
？80여개의 말사를 거느리고 있으며, 1980년 이후 중창",용주사,0312263488,,,,N,,,,2023-04-25 15:09:02
5540000,CDFD1001,1988-07-28,,영업/정상,,,,,,장경사,I,2025-12-15 16:15:28,경기도 광주시 중부면 남한산성로 676,지정,05,0,0,01,,장경사,,217428.524936668    ,441478.276526216    ,경기도 광주시 중부면 산성리 22-1 ,N,,,,2011-10-30 14:36:47
5540000,CDFD1006,1996-10-23,,영업/정상,,,,,,개원사,I,2025-12-15 16:15:28,경기도 광주시 중부면 남한산성로 731-73,지정,05,0,0,01,,개원사,,216339.959349662    ,441367.831601022    ,경기도 광주시 중부면 산성리 198-5 ,N,,,,2011-10-30 14:44:17
5540000,CDFD1005,1988-10-25,,영업/정상,,,,,,망월사,I,2025-12-15 16:15:28,경기도 광주시 중부면 남한산성로 680,지정,05,0,0,01,,망월사,,217275.339528699    ,441786.225102102    ,경기도 광주시 중부면 산성리 14 ,N,,,,2011-10-30 14:41:05
5540000,CDFD1004,1988-10-25,,영업/정상,,,,,,극락사,I,2025-12-15 16:15:28,,지정,05,0,0,01,,극락사,,,,경기도 광주시 양벌동 825 ,N,,,,2008-12-12 14:30:52
5540000,CDFD1003,1988-10-25,,영업/정상,,,,,,백련암,I,2025-12-15 16:15:28,,지정,05,0,0,01,,백련암,,226081.407294473    ,420943.735175834    ,경기도 광주시 도척면 추곡리 산 25-1 ,N,,,,2011-10-30 14:39:53
5540000,CDFD1002,1988-07-28,,영업/정상,,,,,,명성암,I,2025-12-15 16:15:28,경기도 광주시 남종면 산수로 1876-34,지정,05,0,0,01,,명성암,,227906.138066173    ,444866.766303183    ,경기도 광주시 남종면 귀여리 551 ,N,,,,2011-10-30 14:38:34
5570000,CDFD1001,1988-05-28,,영업/정상,,,,,,광덕사,I,2026-05-10 22:36:54,충청북도 증평군 도안면 상그린로 239,지정,05,1,100,01,창건은 고려시대경으로 추정되며 조선시대 중창을 했다고 하나 기록은 없고 1949년 석불의 몽조를 얻어 이묘연 보살이 석불옆에 초암3칸을 세우고 광덕리의 광덕을 따서 광덕사라 명명함,광덕사,,255645.956792282    ,370331.302594308    ,충청북도 증평군 도안면 광덕리 산 21-2 ,N,,,,2011-10-30 15:34:43
5570000,CDFD1002,2003-06-05,,영업/정상,,,,,,미륵사,I,2026-05-10 22:36:54,충청북도 증평군 증평읍 미륵댕이1길 13-5,지정,05,2,1000,01,"1938년 서정옥싸가 현재 석조관세음보살입상 작은 암자를 세웠으며, 1950. 6. 25사변으로 소실된 후 미륵사를 건립하여 사찰을 유지
그후 김맹석씨가 89-90년 까지 20평의 법당과 80평의 요사를 3층 현대식 건물로 건립하여
사찰로 면보를 갖추고 있음",미륵사,,252202.556119944    ,366118.674080599    ,충청북도 증평군 증평읍 송산리 산 1-5 ,N,,,,2011-10-30 15:34:02
5570000,CDFD1003,2003-06-05,,영업/정상,,,,,,보타사,I,2026-05-10 22:36:54,충청북도 증평군 증평읍 초평로 1571,지정,05,1,2000,01,"1875년 두타산 칠부능선에 암자를 창건 계승하다가 1968년 김영옥 스님이 계승하고 1976년 취약성 독립가옥으로 철거 된후 800M쯤 내려와서 현재의 위치에 사찰을 창건하고 불법승 삼보의
보자와 두타산의 타자를 따서 보타사로 명명 현재에 이르고 있음",보타사,,248777.93012986     ,367162.929853241    ,충청북도 증평군 증평읍 연탄리 산 63-34 ,N,,,,2011-10-30 15:33:06
5590000,CDFD1001,1963-09-26,,영업/정상,,,,,,회암사,I,2026-05-10 22:00:27,경기도 양주시 회암사길 281 (회암동),지정,05,4,1000,01,"고려말에서 조선중기까지 지공선사, 나옹선사, 무학대사등의 명승들이 중창하였고 특히 무학대사 때에는 태조 이성계의 왕실의 지원을 받아 중창하였으나 이후 숭유억불정책에 따라 유림들에 의해 소실된것으로 추정되며 이후에 기존 회암사에 위쪽에 재건하여 오늘에 이르고 있다. 주변에 사적 128호 회암사지, 보물 387호 회암사지선각왕사비, 388호 횡마사지부도, 389호 회암사지쌍사자석등과 경기도 지정 유형문화재 49호 지공선사부도및석등, 50호 나옹선사부도및석등, 51호 무학대사비, 52호 회암사지부도탑 등 많은 문화재가 있다.",회암사,0318660355,209424.777921803    ,483115.375062489    ,경기도 양주군 회천읍 회암리 산 4 ,N,,,,2011-10-18 20:13:35
5590000,CDFD1002,1988-10-25,,영업/정상,,,,,,백화암,I,2026-05-10 22:00:27,경기도 양주시 부흥로 1325-194 (유양동),지정,05,3,1500,01,신라시대 창건하여 오늘에 이르고 있다.,백화암,0318401582,,,경기도 양주군 양주읍 유양리 산 40 ,N,,,,2011-10-18 20:15:18
5590000,CDFD1003,1998-09-24,,영업/정상,,,,,,석굴암,I,2026-05-10 22:00:27,경기도 양주시 장흥면 석굴암길 519,지정,05,3,600,01,서기 1357년(고려 공민왕6년)에 당시 왕사였던 나옹 혜근 대화상이 창건했다고 전해주며 이 후 1443년(조선 세종 25년)에 무학대사의 제자인 설암 관익대사가 중수하고 석굴에 지장보살과 나한 두 존상을 조성했다.,석굴암,0318263573,199459.883206681    ,465879.518762641    ,경기도 양주군 장흥면 교현리 1 ,N,,,,2003-03-15 13:01:32
5600000,CDFD1002,2007-11-22,,영업/정상,,,,,,흥룡사,I,2026-05-10 22:00:26,,지정,05,3,300,01,,흥룡사,,235955.926854889    ,507701.079580779    ,경기도 포천시 이동면 도평리 38-1 ,N,,,,2007-11-22 15:45:14
5600000,CDFD1001,2007-06-18,,영업/정상,,,,,,왕산사,I,2026-05-10 22:00:26,,지정,05,0,0,01,,왕산사,0315333245,214808.759418726    ,489014.632937756    ,경기도 포천시 신읍동 산 52 ,N,,,,2007-07-18 11:10:44
5670000,CDFD1001,1973-11-06,,영업/정상,,,,,,성주사,I,2026-05-10 22:00:18,,지정,05,7,3000,01,"- 신라 흥덕와10년(835)무렴국사가 왜적의 침입을 막기 위해 창건
- 진경대사의 중건을 거쳐 임진왜란때 소실되어 숙종7년(1681)재건하고 순조17년(1817)부속건물  세움
- 대웅전 삼존불의 복장물(조성지)에 1655년 삼존불을 신조하였으며, 당시 ""웅신사""(속칭 곰절)이라 칭함",성주사,0552620108,356364.28149629     ,187761.438235047    ,경상남도 창원시 성산구 천선동 102 ,N,,,,2009-06-09 10:19:16
5670000,CDFD1002,1989-08-07,,영업/정상,,,,,,불곡사,I,2026-05-10 22:00:18,,지정,05,3,500,01,"- 절의 유래에 대하여는 확실한것은 없고 폐사지에서 비로자나불좌상이 발견되어 절을 재건하여   불곡사라 칭함(1930.10.13)
- 비로자나불좌상과 주변에서 발견되는 와편등이 통일신라시대의 것으로 확인되므로 현재위치에   신라시대 사찰이 있었던 것으로 추정함",불곡사,0552827402,,,경상남도 창원시 성산구 대방동 1036 ,N,,,,2003-03-07 15:56:26
5670000,CDFD1202,1973-12-04,,영업/정상,,,,,,성흥사,I,2026-05-10 22:00:18,,지정,05,3,1000,01,신라시대 무염국사가 웅동지방에 침입한 왜구를 물리친 것을 보은하는 뜻으로 구천동 관남리에 지었다고 전해온다. 그뒤 장유화상이 중건하였으나 잦은 화재로 몇 차례 이건하였는데 정조13년 비로소 지금의 위치에 이건하였다고 한다.,성흥사,0555525111,362078.674321931    ,184629.060446282    ,경상남도 창원시 진해구 대장동 180 ,N,,,,2013-10-16 17:07:09
5670000,CDFD1201,1973-12-04,,영업/정상,,,,,,성흥사,I,2026-05-10 22:00:18,경상남도 창원시 진해구 대장로 273 (대장동),지정,05,3,1000,01,"聖興寺는 新羅 진흥왕 8년(833)에 무염구사가 熊東地方에 侵入한 왜구를 물린친 것을
紀念하여 九川洞에 지었던 것을 후에 現在의 位置에 옮겨온 것으로 傳한다.
大雄殿의 創建年代는 알 수 없으며, 現在의 建物은 朝鮮後期에 다시 지어진 것이다.
正面3칸 側面3칸의 多상식맞배지붕 건물로 웅석의 기초 위에 세워졌다. 자연식 계축
위에 둥근기둥을 세우고 기둥머리에는 창석과 평방을 걸었으며,",성흥사,0555525111,362078.674321931    ,184629.060446282    ,경상남도 창원시 진해구 대장동 180 ,N,,,,2011-10-30 18:15:13
5670000,CDFD1104,1988-09-10,,영업/정상,,,,,,성덕암,I,2026-05-10 22:00:18,,지정,05,3,620,01,"o 가야때부터 마산어초민들 산신제를 모시던 산신 영혐 도량이였으나 관리가 되지않아
  문란하여 전언에 의하면 백용성 스님의 지시로 김 관음행 보살과 많은지역 불자들이
  창건, 어렵게 이어 오던중 35여년전부터 현 주지인 이지원 스님이 보수 오늘에 이르고 
  있음",성덕암,,342791.552370492    ,190939.674924331    ,경상남도 창원시 마산합포구 추산동 산 1 ,N,,,,2003-04-11 11:28:28
5670000,CDFD1103,1973-12-04,,영업/정상,,,,,,광산사,I,2026-05-10 22:00:18,,지정,05,5,3000,01,"o ""광려산"" 이란 중국의 ""려""산을 닮았다고 해서 ""려"" 자를 따오고 그 려산에 살았다는 신선

   ""광유""의 이름인 ""광"" 자를 합쳐 ""광려산"" 이라고 했음",광산사,,335722.297107917    ,188868.061258877    ,경상남도 창원시 마산회원구 내서읍 신감리 474 ,N,,,,2008-01-22 14:05:08
5670000,CDFD1102,1973-11-06,,영업/정상,,,,,,정법사,I,2026-05-10 22:00:18,,지정,05,4,3500,01,"o 대한불교 조계종 제15교구 본사 통도사 마산중앙포교당 정법사는 1912년 4월 8일체 창건

o 당시 통도사 주지로 계시던 김구하 큰스님께서 우리국민이 일제정치하에서 갖은 탄압과 
  혹사당함을 통탄하시고 불법으로 민생을 구제하고 이곳에 포교당을 건립",정법사,,343074.336516509    ,190865.826988164    ,경상남도 창원시 마산합포구 추산동 65-1 ,N,,,,2008-01-22 14:06:33
5670000,CDFD1101,1982-07-21,,영업/정상,,,,,,의림사,I,2026-05-10 22:00:18,,지정,05,2,2300,01,"o 통일신라 31대 신문왕 8년 서기 688년에 의상대사께서 창건함

o 왜구의 약탈행위를 불법의 힘으로 물리치려는 원력으로 처음에는 봉국사라 하였다가 임란시   오국사상이 투철하신 사명대사께서 외로운 승군을 이끄시고 주석하여 그후 절 이름을 의림사  라 개칭함",의림사,,331134.892390373    ,183099.087889167    ,경상남도 창원시 마산합포구 진북면 인곡리 439 ,N,,,,2008-01-22 14:13:04
5670000,CDFD1003,1973-12-04,,영업/정상,,,,,,우곡사,I,2026-05-10 22:00:18,,지정,05,3,700,01,"- 신라 흥덕왕 7년(832) 무염대사가 창건
- 창건이후의 연혁은 알 수 없음 
- 조선 종조23년(1799)에 편찬된 범우고에 우곡사가 존재한다고 나와 있으나 그뒤 폐사되었음
- 조선말기 대부호였던 구만호가 중창",우곡사,0552913100,356164.517944742    ,195745.07015061     ,경상남도 창원시 의창구 동읍 단계리 7 ,N,,,,2009-06-09 10:20:17
5690000,CDFD1007,1988-06-18,,영업/정상,,,,,,관음암,I,2026-03-26 21:07:20,세종특별자치시 조치원읍 번암공단2길 64,지정,05,0,100,01,"백제시대 대사찰이 있었던 곳으로
1934년 이현구씨가 창건하고
1979년 법당을 개축",관음암,0418653837,226456.170537039    ,341958.439063203    ,세종특별자치시 조치원읍 번암리 산 2-4 ,N,,,,2015-01-22 19:59:03
5690000,CDFD1006,1998-03-28,,영업/정상,,,,,,학림사,I,2026-03-26 21:07:19,세종특별자치시 연서면 와룡로 353,지정,05,0,0,01,"약600여년전 田씨성을 가진 거부가 충효심으로 서학산에 무학사라는 절을 창건하였으나 
일제시대에 충효심을 없애기위해 서학산의 학암을 깨트려 진입로공사에 사용한후 폐허화
되었으나 安씨성을 가진분이 안양사를 중건하였고 그후 석천스님이 국태민안을 발원하는
충효심으로 중창한후 사찰명을 학림사라 함.",학림사,,221970.979106531    ,342615.682516623    ,세종특별자치시 연서면 신대리 268-1 ,N,,,,2015-01-22 20:04:18
5690000,CDFD1005,1995-11-08,,영업/정상,,,,,,황룡사,I,2026-03-26 21:07:19,,지정,05,3,800,01,조선조 초기에 명재상인 황희정승이 가문의 태평성대를 위해 건립하였으나 조선의 숭유배불정책으로 완전소진되었으나 1935년 황희정승 후손인 현명스님이 중창함,황룡사,,231166.583867532    ,336227.863274715    ,세종특별자치시 연동면 명학리 226-0 ,N,,,,2020-02-19 08:27:14
5690000,CDFD1004,1988-06-18,,영업/정상,,,,,,청안사,I,2026-03-26 21:07:19,세종특별자치시 전의면 가느실길 128-23,지정,05,1,0,01,"현 사찰지에 신라시대의 불상이 있었다고 구전되어 오던것을 1901년 곽재순씨가 복원하고
1987년에 법당을 개축함.",청안사,,217067.188135225    ,348828.511027365    ,세종특별자치시 전의면 양곡리 33-1 ,N,,,,2015-01-22 20:00:35
5690000,CDFD1003,1988-06-18,,영업/정상,,,,,,비암사,I,2026-04-24 21:07:02,,지정,05,1,0,01,"2,000여년전 한선제 오봉원년에 창건된 것으로 추측함.극락보전내에 1.9m의 아미타불이
있고 불상위에는 제일 아름답고 정교한 닫집이 있음.",비암사,,217104.556663086    ,345575.029177205    ,세종특별자치시 전의면 다방리 4 ,N,,,,2026-04-22 09:13:45
5690000,CDFD1002,1988-06-18,,영업/정상,,,,,30049,연화사,I,2026-03-26 21:07:19,"세종특별자치시 연서면 연화사길 28-1, 연화사",지정,05,1,0,01,"1893년 홍문섭씨가 창건, 1987년 법덩을 보호각으로 개축 창건자의 꿈에 현몽이 있어 그곳을 
파보니 석불 2점이 나와 석불을 모셔다 사찰을 건립",연화사,0448621009,224919.427331611    ,343519.877442892    ,세종특별자치시 연서면 월하리 1047 연화사 ,N,,,,2024-02-23 20:43:36
5690000,CDFD1001,1988-12-26,,영업/정상,,,,,,신광사,I,2026-03-26 21:07:18,세종특별자치시 조치원읍 토골고개길 24,지정,05,0,0,01,"창건연대는 정확히 알수없으나 기록상으로 1920년 복원된 것으로 당시에는 수양사였던 것을
1980년 중수와 동시 신광사로 개칭함.",신광사,,225785.607328745    ,346951.070414416    ,세종특별자치시 조치원읍 신안리 139 ,N,,,,2015-01-22 20:01:24
5690000,CDFD1008,1996-11-18,,영업/정상,,,,,,영평사,I,2026-03-26 21:07:20,세종특별자치시 장군면 영평사길 124,지정,05,5,1200,01,"장군산 쌍봉 중턱에 있던 조선초기의 창건사찰인 효제암지에 1908년 일연대사가 복원하여
효제암으라 했으나 6·25사변시 소실
1955년 재복원하였으며 1986년 효제암지에 대웅전이 건립되면서 영평사로 개칭
현재에 이르고 있음",영평사,0418570202,220341.628943815    ,330286.970782296    ,세종특별자치시 장군면 산학리 441-0 ,N,,,,2022-03-08 09:33:09
5700000,CDFD1003,1988-07-28,,영업/정상,,,,,12657,대법사,I,2026-03-10 22:05:00,"경기도 여주시 가남읍 안금3길 3-43, 대법사",지정,05,2,700,01,"당초 원당사라 불리어 왔으며일설에 의하면 명성황후 모친께서 아들을 낳기 위하여 이 사찰에서 불공을 올렸다는 설이 있어 1800년대에 창건된 것으로 추정되며 어느때 폐사되었는지 기록은 없으나 경내에 건물의 흔적이 있던 것을 1970년대 대웅전,지장전,삼성각,종각 등을 건립하였다",대법사,,253647.355138671    ,414271.992095487    ,경기도 여주시 가남읍 안금리 99-1 대법사 ,N,,,,2023-07-24 17:52:02
5700000,CDFD1001,1988-07-27,,영업/정상,,,,,,신륵사,I,2026-03-10 22:04:56,경기도 여주시 신륵사길 73 (천송동),지정,05,5,1500,01,신륵사는 신라 진평왕 때 원효대사가 창건하였다고 전하며 1469년 세종대왕릉을 광주에서 이곳에 천장하고 영릉의 원찰로 삼고 크게 번창하였다고 한다.                                   경내 동대에 강월헌에서 고승 나옹대사가 입적한 곳이며 신륵사에 보유된 문화재로는 보물180호 조사당을 비롯한 8점의 문화재와 많은 유물 유적이 있다.,신륵사,0318852505,258482.081760534    ,421905.453377808    ,경기도 여주시 천송동 282 ,N,,,,2023-07-24 17:55:10
5700000,CDFD1004,2005-01-19,,영업/정상,,,,,12601,대성사,I,2026-03-10 22:05:03,"경기도 여주시 금사면 발림길 89-47, 대성사",지정,05,1,500,01,"？고려시대 창건된 것으로 추정
？사지의 흔적이 없었던 것을 1950년대 당시 최주희 스님이현재의 불상을 발굴하고 중창
？포초골미륵좌불 (유형 제35호)",대성사,0318829846,245200.459943374    ,432207.980392977    ,경기도 여주시 금사면 외평리 453 대성사 ,N,,,,2023-07-24 18:01:07
5700000,CDFD1002,2003-03-13,,영업/정상,,,,,,흥왕사,I,2026-03-10 22:04:58,,지정,05,1,0,01,신라시대 소달이라는 도승이 절을 창건할 때산정에 올라 절터를 잡고자 백일기도를 마치고 산을 둘러보니 현절터만이 하얗게 서리가 내려있어 부처님이 점지한 절터임을 깨닫고 이절을 창건하고 설왕사(설랭이절)라 부르다가 흥왕사로 개칭되었다.,흥왕사,0318820631,262494.318477333    ,427538.585779951    ,경기도 여주시 북내면 중암리 438 ,N,,,,2023-02-20 13:56:51
5710000,CDFD1003,2003-04-28,,영업/정상,,,,,,보현사,I,2026-05-11 23:04:17,충청북도 청주시 청원구 우암산로 190-37 (우암동),지정,05,2,500,01,"1935년 4월경 사찰창건주인 혜득스님이 옛날 사찰터에 불사를 일으켜 건립
인근에서 출토된 기와 조각을 감정한 결과 700년이 넘었다는 것을 알 수 있게 되었고
이곳 보현사는 웅접사라는 절로서 한때 수도하는 대중이 살았는데 임진왜란대 화재로
인하여 소실됨.",보현사,0432594926,244718.917173816    ,350053.658241422    ,충청북도 청주시 청원구 우암동 산 25 ,N,,,,2011-10-31 10:16:32
5710000,CDFD1002,2003-04-28,,영업/정상,,,,,,용화사,I,2026-05-11 23:04:17,충청북도 청주시 서원구 무심서로 565 (사직동),지정,05,4,2000,01,"대한제국 광무6년(1902)에 고종 엄비의 명에 의하여 청주군수 이회복이 창건
용화사 사적기에는 엄비의 꿈에 7불이 나타나 이상하게 생각하여 사람을 보내 찾도록 하고
무심천변에 7구의 석불이 발견되어 이를 옭겨 법당에 안치하고 향화를 올렸다 함.",용화사,0432742159,243040.199935042    ,349053.011058188    ,충청북도 청주시 서원구 사직동 2161 ,N,,,,2011-10-31 10:32:30
5710000,CDFD1001,2003-04-28,,영업/정상,,,,,,보살사,I,2026-05-11 23:04:16,충청북도 청주시 상당구 낙가산로 168 (용암동),지정,05,3,5000,01,"낙가산 기슭에 현존하는 고찰로 사전에 의하면 신라 진흥왕(567)에 창건, 숙종9년(1683)에 세운 보살사             중수비에 의하면 이 사찰은 고려 공민왕 때에 이미 있었고 세조(1458) 어명으로 연기인 벽암의 고제                  경특에 의거 관리
임진왜란후(1683)에 대폭 중수하여 오다가 고종9년(1872) 2월26일 일륜대사가 중수하여 오늘에 이름.",보살사,0432977526,245872.759207196    ,348633.546496814    ,충청북도 청주시 상당구 용담동 7-0 ,N,,,,2011-10-31 10:18:02
5710000,CDFD1,2003-04-28,,영업/정상,,,,,,용암사,I,2026-05-11 23:04:16,,지정,05,,,01,,용암사,0432210534,244376.365020079    ,350048.4101541      ,충청북도 청주시 청원구 우암동 4-1 ,,,,,2014-08-06 10:55:49
5710000,CDFD1004,2003-04-28,,영업/정상,,,,,,연화사,I,2026-05-11 23:04:18,,지정,05,3,1000,01,"
 고려시대(1300년경) 연월사라는 절이 있다가 임진왜란때 폐사됨
1923년에 강원도 천곡사에 있던 김청암화상이 복건
연화사는 부모산 동쪽 기슭에 있음.",연화사,0432323807,,,충청북도 청주시 흥덕구 비하동 산 10 ,N,,,,2003-04-28 12:04:54
5710000,CDFD1102,1988-05-28,,영업/정상,,,,,,동화사,I,2026-05-11 23:04:19,충청북도 청주시 서원구 남이면 척산화당로 444,지정,05,0,0,01,"-1592년 임진왜란 때 불에 타 없어진 것을 약 100년 뒤 성(成)씨 문중에서 중창하고 매몰된 불상을 발굴 
-1949년 중수하여 오늘에 이름",동화사,,243381.396737244    ,338389.299549424    ,충청북도 청주시 서원구 남이면 문동리 150 ,N,,,,2014-08-06 18:00:52
5710000,CDFD1005,2003-04-28,,영업/정상,,,,,,청룡사,I,2026-05-11 23:04:19,충청북도 청주시 흥덕구 청정로 116 (수의동),지정,05,1,1000,01,"일설에 의하면 신라 혜공왕 3년 대가람이 있었던 자리이며 암자도 여러채 있었다함
현재의 사찰은 불심이 돈독한 이 동네의 한 ??은 부인이 유적지를 찾아 명맥을 이어
왔으며, 50여년전 증축을 하여 현재에 이름",청룡사,0432335078,233880.881875479    ,345079.141306059    ,충청북도 청주시 흥덕구 비하동 산 10 ,N,,,,2011-10-31 11:02:37
5710000,CDFD1006,2003-04-28,,영업/정상,,,,,,용암사,I,2026-05-11 23:04:19,,지정,05,,,01,,용암사,0432210534,244376.365020079    ,350048.4101541      ,충청북도 청주시 청원구 우암동 4-1 ,,,,,2003-04-28 14:23:45
5710000,CDFD1007,2003-04-28,,영업/정상,,,,,,복천암,I,2026-05-11 23:04:19,충청북도 청주시 상당구 교동로71번길 120 (수동),지정,05,7,800,01,"1928년 허공심이란 보살이 입법당 및 요사를 창건하여 일심사로 명명하다
1970년 10월 10일 태고종으로 등록하면서 복천암이라 개칭
충북의 유일한 비구니스님들의 수도장이다",복천암,0432594043,244646.875389844    ,349240.451783544    ,충청북도 청주시 상당구 수동 5-2 ,N,,,,2014-08-23 10:41:40
5710000,CDFD1008,2005-01-05,,영업/정상,,,,,,보살사,I,2026-05-11 23:04:19,충청북도 청주시 상당구 낙가산로 168 (용암동),지정,05,0,0,01,"신라 진흥왕 28년에 창건
신라 혜공왕 14년 융종대사에 의해 중창
고려 공민왕이 토전하사하심
조선 세조때 중수
현 극락보전은 조선초기에 건립
청주에 현존하는 사찰중 가장 오래된 고찰
1979.10.4 극락보전 문화재 지정",보살사,,247890.360324395    ,347603.215833535    ,충청북도 청주시 상당구 용암동 7-0 ,N,,,,2011-10-31 09:09:35
5710000,CDFD1101,2007-10-24,,영업/정상,,,,,,백족사,I,2026-05-11 23:04:19,,지정,05,0,0,01,,백족사,,250071.112613896    ,343826.998111788    ,충청북도 청주시 상당구 가덕면 상야리 산 2 ,N,,,,2007-10-24 09:53:41
5780000,CDFD1002,2003-03-24,,영업/정상,,,,,,달성사,I,2026-07-01 11:21:49,,지정,05,1,0,01,"달성사는 목포시내가 한눈에 내려다 보이는 유달산의 동남쪽 중턱에 있다. 목포시에서 발행한 『내고장전통가꾸기』(1981년간) 및 목포시사(1987년간, 인문편) 등에 의하면, 1913년 음 4월8일, 노대연(盧大蓮)선사가 창건하였다고 기록되어 있다. 현재 달성사의 건물로는 아미타삼존불을 봉안한 법당 1동과 지장보살 및 시왕상을 모신 명부전 1동, 요사채 2동, 산신각 및 종각 각1동과 3층석탑(3년전 조성) 1기가 있다.",달성사,0612441789,,,전남광주통합특별시 목포시 죽교동 317 ,N,,,,2021-09-10 09:59:15
5780000,CDFD1001,2003-03-24,,영업/정상,,,,,,달성사,I,2026-07-01 11:21:49,,지정,05,,,01,,달성사,,,,전남광주통합특별시 목포시 죽교동 317 ,,,,,2008-12-08 15:12:41
5785000,CDFD1006,1988-07-27,,영업/정상,,,,,,흥국사,I,2026-07-01 11:40:38,전남광주통합특별시 여수시 흥국사길 160  (중흥동),지정,05,9,3000,01,"-1195년 고려19대 명종25년 보조국사 창건
-1559년 조선13대 명종14년 몽고족 침입 전화
-1560년 조선13대 명종 15년 법수대사 중수
-1624년 조선15대 인조2년 계특대사 중수
-흥국사는 ""절이 흥하면 나라 흥한다""고 하는 구태민안의 기원이 담겨 있는 사찰로서 
 임진왜란이 발발하자 경내에서 300여명의 승려와 많은 수군이 조련을 하였으면 충무공께서
 조석으로 임금님께 북향 4배 문안을 올린 ""공북루""가 있었으나 임란당시 소실되고 
 충무공 친필 휘호""공북루"" 현판만 보존",흥국사,0616865635,,,전남광주통합특별시 여수시 중흥동 17 ,N,,,,2008-12-05 18:40:15
5785000,CDFD1005,1988-07-27,,영업/정상,,,,,,용문사,I,2026-07-01 11:40:38,전남광주통합특별시 여수시 화양면 용문사길 91,지정,05,1,3000,01,,용문사,06626836400,,,전남광주통합특별시 여수시 화양면 용주리 1595 ,N,,,,2008-12-05 19:23:17
5785000,CDFD1003,1988-07-27,,영업/정상,,,,,,향일암,I,2026-07-01 11:40:38,,승인,07,2,3500,01,"-신라 선덕여왕 13년 (644) 원효대사 창건
 (소장문화재-문자40호)",향일암,0616444742,,,전남광주통합특별시 여수시 돌산읍 율림리 7 ,N,,,,2014-04-11 18:04:49
5785000,CDFD1002,1988-10-05,,영업/정상,,,,,,석천사,I,2026-07-01 11:40:38,전남광주통합특별시 여수시 충민사길 52-21  (덕충동),지정,05,1,2700,01,"-1195년 보조국사 창건
-1599년 승군대장 옥형 스님 중창",석천사,0616661770,,,전남광주통합특별시 여수시 덕충동 1830 ,N,,,,2008-12-05 19:07:52
5785000,CDFD1001,1988-07-25,,영업/정상,,,,,,한산사,I,2026-07-01 11:40:38,전남광주통합특별시 여수시 구봉산길 114  (봉산동),지정,05,2,1000,01,"-고려명종 24년 보조국사 창건	
-임진왜란때 전소되었으나 1926년 수원 대화상 복원
-1993년 국종열 스님 중창",한산사,0616426333,,,전남광주통합특별시 여수시 봉산동 936 ,N,,,,2009-10-01 13:13:51
5785000,CDFD1004,1988-07-27,,영업/정상,,,,,,은적사,I,2026-07-01 11:40:38,전남광주통합특별시 여수시 돌산읍 돌산로 1168-58,지정,05,1,1000,01,"-고려명종 2년(1172)보조국사 창건
-은적암(문자39)호",은적사,06626441864,,,전남광주통합특별시 여수시 돌산읍 군내리 4 ,N,,,,2008-12-05 19:12:00
5790000,CDFD1002,2003-01-13,,영업/정상,,,,,,정혜사,I,2026-07-01 11:48:08,,지정,05,0,0,01,"신라 경덕와 때 보조국사가 건림하였다는 설이 있으나 연대가 맞지 않고 송광사 제6대 원감국사 문집에 자신의 스승인 혜초대사가 정혜사를 창건하였다는 기록이 있음.
임진 및 정유양란 때 많은 피해를 입어 소찰로 변함.
양란 이후 어느 시기에 다시 중창 오늘에 이름",정혜사,,,,전남광주통합특별시 순천시 서면 청소리 77 ,N,,,,2006-06-22 09:52:23
5790000,CDFD1001,2003-01-13,,영업/정상,,,,,,송광사,I,2026-07-01 11:48:08,,지정,05,0,0,01,,송광사,0617550107,,,전남광주통합특별시 순천시 송광면 신평리 12 ,N,,,,2006-06-22 09:41:19
5790000,CDFD1003,2003-01-13,,영업/정상,,,,,,동화사,I,2026-07-01 11:48:08,,지정,05,0,0,01,"고려시대 초기 대각국사가 창건하였으며 조선조 법홍대사가 향로전외 다수를 신창함.
숙종 22년(1696)에 법당 선승당, 요사, 정문루 등을 중건",동화사,,,,전남광주통합특별시 순천시 별량면 대룡리 282 ,N,,,,2006-06-22 09:54:40
5790000,CDFD1008,2003-12-15,,영업/정상,,,,,,도선암,I,2026-07-01 11:48:08,,지정,05,3,300,01,순천시 상사면 운동산에 위치한 도선암은 신라말 도선국사가 풍수지리설에 따라 사슴형태인 순천시내의 남산을 보호하기 위해 호랑이 형국 운동산의 호랑이 입에 해당하는 자리에 피해를 막고자 청건한 비보 사찰로 전해지고 있으며 조선 헌종 4년(1838년)과 헌종 15년(1849)에 사찰을 중건한 중건기록이 전하는 오랜 역사를 지닌 사찰이다.,도선암,0617453500,,,전남광주통합특별시 순천시 상사면 비촌리 705 ,N,,,,2008-12-04 16:56:06
5790000,CDFD1007,2003-03-19,,영업/정상,,,,,,흥륜사,I,2026-07-01 11:48:08,,지정,05,0,0,01,,흥륜사,,,,전남광주통합특별시 순천시 조곡동 278-2 ,N,,,,2006-06-22 09:47:41
5790000,CDFD1006,2003-01-13,,영업/정상,,,,,,향림사,I,2026-07-01 11:48:08,,지정,05,0,0,01,,향림사,,,,전남광주통합특별시 순천시 석현동 230 ,N,,,,2003-03-19 16:27:49
5790000,CDFD1005,2003-01-13,,영업/정상,,,,,,금둔사,I,2026-07-01 11:48:08,,지정,05,0,0,01,"백제 위덕왕 30년 담혜조사가 창건, 통일신라 신문왕 2년(682) 의상대사가 중창.
헌안왕 원년(857) 철감국사가 대대적인 불사 시작, 현 보물로 지정된 삼층석탑 및 석불비상을 조성
고려 폐왕 11년(1385) 전수사로 개칭, 1597년 정유재란시 완전 폐허, 1984년 현주지 지허가 일주문, 약사전, 선원, 요사채, 홍교 복원, 대웅전 중창하였음.",금둔사,,,,전남광주통합특별시 순천시 낙안면 상송리 산 25 ,N,,,,2006-06-22 09:58:30
5790000,CDFD1004,2003-01-13,,영업/정상,,,,,,선암사,I,2026-07-01 11:48:08,,지정,05,0,0,01,,선암사,,,,전남광주통합특별시 순천시 승주읍 죽학리 802 ,N,,,,2009-03-17 15:41:27
5795000,CDFD1001,1988-07-27,,영업/정상,,,,,,심향사,I,2026-07-01 12:19:33,전남광주통합특별시 나주시 건재로 41-1  (대호동),지정,05,0,0,01,고려광종 2년(951) 신왕사라 창건 조선중기 이후 심향사라 개칭하여 현재에 이름.,심향사,0613342880,,,전남광주통합특별시 나주시 대호동 825 ,N,,,,2008-12-08 09:42:57
5795000,CDFD1002,1988-07-27,,영업/정상,,,,,,불회사,I,2026-07-01 12:19:33,전남광주통합특별시 나주시 다도면 다도로 1224-142,지정,05,0,0,01,"백제 침류왕 원년 마라난타가 개창, 도선국사 2창, 원정국사 3창, 1789년 대화재로 소실된 후 1808년 이후 중건하면서 불호사를 불회사라 개칭",불회사,0613323440,,,전남광주통합특별시 나주시 다도면 마산리 999 ,N,,,,2003-03-28 10:18:09
5795000,CDFD1007,1988-10-05,,영업/정상,,,,,,죽림사,I,2026-07-01 12:19:33,,지정,05,0,0,01,"440년(눌지왕24) 고구려 아도화상이 宗林庵(종림암)으로 창건
이후 어느 때인가 죽림사로 개칭",죽림사,0613311400,,,전남광주통합특별시 나주시 남평읍 풍림리 산 1 ,N,,,,2003-03-28 11:40:49
5795000,CDFD1006,1988-07-27,,영업/정상,,,,,,다보사,I,2026-07-01 12:19:33,전남광주통합특별시 나주시 금성산길 83  (경현동),지정,05,0,0,01,"신라 문무왕 원년(674) 원효대사가 초창
고려 명종 14년(1184) 보조국사가 2창하고 조선 선조 29년(1596) 청허선사가 3창
일제시대에는 고승의 수행처로 이름이 높았음",다보사,,,,전남광주통합특별시 나주시 경현동 629 ,N,,,,2003-03-28 10:25:36
5795000,CDFD1005,1988-10-05,,영업/정상,,,,,,복암사,I,2026-07-01 12:19:33,전남광주통합특별시 나주시 다시면 가운길 145,지정,05,0,0,01,654년 백제 의자왕때 창건한 후 여러차례 중건 중수를 거쳐 현재 건물은 1992년 건립,복암사,0613359071,,,전남광주통합특별시 나주시 다시면 가운리 419 ,N,,,,2003-03-28 10:19:00
5795000,CDFD1004,1988-10-05,,영업/정상,,,,,,운흥사,I,2026-07-01 12:19:33,,지정,05,0,0,01,"도선국사가 신라 헌강왕 12년(885) 웅치사를 창건, 이후 운흥사로 개칭, 6.25때 소실된 후 현재는 조그마한 사찰로 전함",운흥사,0613372622,,,전남광주통합특별시 나주시 다도면 암정리 972 ,N,,,,2003-03-28 10:18:50
5795000,CDFD1003,1988-10-05,,영업/정상,,,,,,미륵사,I,2026-07-01 12:19:33,,지정,05,0,0,01,"진흥왕 5년(544) 연기조사가 창룡사라 창건, 이후 임란때 소실된 후 현재와 같은 모습으로 전함",미륵사,0613313436,,,전남광주통합특별시 나주시 봉황면 철천리 산 124 ,N,,,,2003-03-28 10:18:39
5795000,CDFD1008,2003-02-10,,영업/정상,,,,,,문성암,I,2026-07-01 12:19:33,전남광주통합특별시 나주시 다도면 암정로 325-37,지정,05,0,0,01,,문성암,,,,전남광주통합특별시 나주시 다도면 암정리 899-2 ,N,,,,2003-03-28 10:47:17
5800000,CDFD1001,1988-10-05,,영업/정상,,,,,,백운사,I,2026-07-01 12:29:11,전남광주통합특별시 광양시 옥룡면 백운사길 352,지정,05,1,0,01,"신라시대에 창건한 것으로 전함.
1891년 불에 탄 것을 1914년 눌암 손치현이 사재로 재건
선암사 주지 정귀언이 옛송천사터에 백움암을 짓고 하백운암이라 했음.
1948년 여순반란사건시 상하백운암이 모두 소실되었으나 1963년 소구산이 재건",백운사,0617624520,,,전남광주통합특별시 광양시 옥룡면 동곡리 361-1 ,N,,,,2011-10-30 13:43:35
5800000,CDFD1002,1988-10-05,,영업/정상,,,,,,보광사,I,2026-07-01 12:29:11,전남광주통합특별시 광양시 광양읍 서북4길 30,지정,05,1,0,01,송광사 말사이며 1933년에 창건한 보광사는 광양포교당을 겸하고 있음.,보광사,0617631192,,,전남광주통합특별시 광양시 광양읍 칠성리 936-2 ,N,,,,2011-10-30 13:45:41
5805000,CDFD1001,1968-11-01,,영업/정상,,,,,,증심사,I,2026-07-01 10:31:35,전남광주통합특별시 동구 증심사길 177 (운림동),지정,05,10,5000,01,"증심사는 9세기 중엽 창건된 고찰로 고려 선종 11년(1094년) 해조국사가 중창하였고, 조선 세종 25년(1443) 김방이 3창 하였으며, 광해군 원년(1609) 석경, 수장, 도광 3대 선사가 4창하였다고 함. 그 후 몇차례의 보수를 거치면서 근년에까지 이르렀으나, 한국동란의 전화로 오백전과 노전을 제외한 대부분의 건축물과 불상, 탱화 등이 소실됨",증심사,,,,전남광주통합특별시 동구 운림동 56 ,N,,,,2018-12-17 16:08:24
5805000,CDFD1002,1968-11-01,,영업/정상,,,,,,약사암,I,2026-07-01 10:31:35,,지정,05,6,2000,01,약사암은 원래 인왕사라 하였고 증심사의 창건을 위해 세웠다고 전해지고 있는데 현재 약사암에 보존되어 있는 유물로서 석조여래좌상(보물 600호)과 삼층석탑이 모두 9세기 전반의 작품으로 추정되고있어 이러한 약사암의 창건대를 뒷받침해 주고 있음. 무등산에서는 유일하게 6.25의 전화를 입지 않은 사찰이기도 함.,약사암,0622229844,,,전남광주통합특별시 동구 운림동 11 ,N,,,,2021-05-04 10:36:55
5805000,CDFD1003,1988-09-23,,영업/정상,,,,,,원각사,I,2026-07-01 10:31:35,,승인,07,8,2500,01,"1914년 4월(불기2941년 갑인유하)에 선암사의 포교당으로 창건됨. 금봉의 초창이래 신봉 및 청호스님으로 이어져 1932년 봄 포교사 하석이 부임하였음.  그후 1939년 가을 이필중이 선친 이규석의 유지를 받들어 중수, 확장하였음. 원각사는 초창 당시에는 선암사의 포교당으로서 출발하였으나 현재는 송광사 포교당으로서의 역할을 담당하고 있음.",원각사,0622233168,,,전남광주통합특별시 동구 금남로4가 51 ,N,,,,2023-04-11 18:19:25
5805000,CDFD1004,2015-12-29,,영업/정상,,,,,,문빈정사,I,2026-07-01 10:31:35,,지정,05,5,4000,01,,문빈정사,,,,전남광주통합특별시 동구 운림동 96 ,N,,,,2023-10-23 10:32:20
5815000,CDFD1001,2003-03-19,,영업/정상,,,,,,대각사,I,2026-07-01 10:45:32,전남광주통합특별시 남구 제석로80번안길 36  (봉선동),지정,05,0,0,01,,대각사,,,,전남광주통합특별시 남구 봉선동 587 ,N,,,,2003-03-19 10:30:49
5815000,CDFD1002,2003-03-19,,영업/정상,,,,,,태현사,I,2026-07-01 10:45:32,,지정,05,0,0,01,,태현사,,,,전남광주통합특별시 남구 주월동 ,N,,,,2003-03-19 10:34:59
5820000,CDFD1001,2003-03-07,,영업/정상,,,,,,원효사,I,2026-07-01 11:27:13,,승인,07,0,0,01,"광주광역시 북구 금곡동 무등산 원효계곡에 있는 절로 대한불교조계종 제21교구 본사인 송광사의 말사이다 창건연대는 신라 지증왕 법흥왕 연대(500~539)창건설과 원효국사(617~686)때 창건설건설이 있으나 1980년 6월에 실시된 발굴조사에서 출토된 유물로 보아 신라말쯤으로 보인다

문무왕때 원효(元曉)가 이곳에 머무르면서 절을 개축한 후부터 원효사 원효암 원효당 등으로 불렀다고 하며 고려충숙왕때인 14세기 전반에 당시 이름있는 승려가 절을 창건하고 원효를 사모하는 마음에서 원효사라고 했다고도한다 

조선명종때 문정왕후가 섭정하면서 불교가 진흥하자 이 절에도 승려들이 모여 후일 임진왜란 때 승병을 이끌었던 영규가 이곳에서 수도하였다. 정유재란때 불탄것을 석경이 중창하였고 이후 여러처례에 걸처 중수가 이루어졌다 6.25전쟁때 다시 소실된것을 1954년부터 중건에 착수하여 대웅전 선원 요사 등을 중건하였다",원효사,,,,전남광주통합특별시 북구 금곡동 846 ,N,,,,2019-12-19 08:01:01
5820000,CDFD1002,2003-03-11,,영업/정상,,,,,,신광사,I,2026-07-01 11:27:13,전남광주통합특별시 북구 삼정로66번길 42-10 (두암동),지정,05,0,0,01,신광사 주지스님의 말씀에 의하면 약 1920년대에 축조 하였다고함.,신광사,,,,전남광주통합특별시 북구 두암동 193 ,N,,,,2011-10-30 13:16:57
5830000,CDFD1001,1988-10-05,,영업/정상,,,,,,용흥사,I,2026-07-01 12:59:08,전남광주통합특별시 담양군 월산면 용흥사길 442,지정,05,10,2500,01,,용흥사,0613820574,,,전남광주통합특별시 담양군 월산면 용흥리 574 ,N,,,,2014-12-16 17:29:17
5830000,CDFD1002,1988-10-05,,영업/정상,,,,,,보리암,I,2026-07-01 12:59:08,,지정,05,2,500,01,,보리암,,,,전남광주통합특별시 담양군 용면 월계리 산 81-1 ,N,,,,2011-10-31 09:41:13
5830000,CDFD1003,1992-01-27,,영업/정상,,,,,,용추사,I,2026-07-01 12:59:08,,지정,05,1,300,01,,용추사,0613818283,,,전남광주통합특별시 담양군 용면 용연리 838 ,N,,,,2009-03-25 13:14:24
5830000,CDFD1004,2003-02-20,,영업/정상,,,,,,보광사,I,2026-07-01 12:59:08,전남광주통합특별시 담양군 금성면 매곡길 49-15,지정,05,2,1500,01,,보광사,0613814242,,,전남광주통합특별시 담양군 금성면 외추리 산 171-2 ,N,,,,2014-12-17 08:07:08
5830000,CDFD1005,2004-01-19,,영업/정상,,,,,,용화사,I,2026-07-01 12:59:08,전남광주통합특별시 담양군 담양읍 남촌길 77,지정,05,5,3000,01,,용화사,0613812683,,,전남광주통합특별시 담양군 담양읍 남산리 106 ,N,,,,2011-10-31 09:38:41
5835000,CDFD1001,1988-07-27,,영업/정상,,,,,,도림사,I,2026-07-01 12:59:55,전남광주통합특별시 곡성군 곡성읍 도림로 175,지정,05,5,0,01,"신라 진평왕 582년경 신덕왕후가 이 절에 와서 신덕사 창건
신라 무열왕 7년 원효대사가 도림사로 개칭",도림사,0613622727,,,전남광주통합특별시 곡성군 곡성읍 월봉리 327 ,N,,,,2011-05-16 11:34:18
5835000,CDFD1005,1988-10-05,,영업/정상,,,,,,서산사,I,2026-07-01 12:59:55,전남광주통합특별시 곡성군 곡성읍 교촌길 71,지정,05,0,0,01,"정진태, 수태, 귀태, 삼형제가 선친 정일택 자당 명복을 기리기 위해 지음",서산사,0613632459,,,전남광주통합특별시 곡성군 곡성읍 교촌리 184-1 ,N,,,,2003-01-03 13:28:57
5835000,CDFD1004,1988-10-05,,영업/정상,,,,,,태안사,I,2026-07-01 12:59:55,전남광주통합특별시 곡성군 죽곡면 태안로 622-215,지정,05,30,0,01,신라 구산선문중의 하나로 신라 경문왕 원년(742) 세 신승들에 의해서 였다고 하나 고증키 어렵고 적인선사의 비문에 의하면 적인선사 이전에 원래의 절이 있었다고 전한다,태안사,0613637777,,,전남광주통합특별시 곡성군 죽곡면 원달리 20 ,N,,,,2003-01-03 13:36:10
5835000,CDFD1003,1988-07-27,,영업/정상,,,,,,수도암,I,2026-07-01 12:59:55,전남광주통합특별시 곡성군 옥과면 설옥길 81-158,지정,05,2,0,01,"신라 설두화상이 짚고 온 지팡이가 자란 것으로 구전되는 매화, 잣나무가 있음",수도암,0613625716,,,전남광주통합특별시 곡성군 옥과면 설옥리 613 ,N,,,,2003-01-03 13:35:34
5835000,CDFD1002,2002-12-31,,영업/정상,,,,,,관음사,I,2026-07-01 12:59:55,전남광주통합특별시 곡성군 오산면 성덕관음길 453,지정,05,3,0,01,백제 분서왕 3년 성덕보살이 벌교에서 금동관세음보살상을 봉안하기 위하여 창건함,관음사,0613624433,,,전남광주통합특별시 곡성군 오산면 선세리 2 ,N,,,,2003-01-03 12:47:12
5840000,CDFD1001,1988-07-27,,영업/정상,,,,,,화엄사,I,2026-07-01 13:00:37,전남광주통합특별시 구례군 마산면 화엄사로 539,지정,05,0,0,01,"신라 진흥왕 5년(544)에 연기조사가 창건. 선덕여왕 12년(643)에 자장율사가 증축.

이조 선조 25년 임진왜란으로 불타버리고 인조 8년(1630)에 현암선사가 중건",화엄사,,,,전남광주통합특별시 구례군 마산면 황전리 12 ,N,,,,2017-06-27 22:41:17
5840000,CDFD1002,1988-07-27,,영업/정상,,,,,,연곡사,I,2026-07-01 13:00:37,전남광주통합특별시 구례군 토지면 피아골로 774,지정,05,0,0,01,"신라 진흥왕 4년(543)에 화엄증조인 연기조사가 창건, 임진왜란으로 소실되고 인조때

태능조사가 중건하였으나 강희 4년에 전소되었음. 1965년에 대웅전을 중건하였음",연곡사,,,,전남광주통합특별시 구례군 토지면 내동리 산 54-1 ,N,,,,2017-06-27 22:42:21
5840000,CDFD1003,1988-07-27,,영업/정상,,,,,,천은사,I,2026-07-01 13:00:37,전남광주통합특별시 구례군 광의면 노고단로 209,지정,05,0,0,01,"신라 흥덕왕 4년(828) 덕운조사가 창건하여 원통암이라 불리어 오다 조선숙종 4년

천은사라 개칭",천은사,,,,전남광주통합특별시 구례군 광의면 방광리 70 ,N,,,,2017-06-27 22:41:53
5840000,CDFD1004,2003-02-19,,영업/정상,,,,,,사성암,I,2026-07-01 13:00:37,전남광주통합특별시 구례군 문척면 사성암길 303,지정,05,0,0,01,"신라 진평왕 4년(582)에  연기조사가 창건.

조선 인조 8년(1630) 중수하여 순종때 현 법당 신축",사성암,,,,전남광주통합특별시 구례군 문척면 죽마리 산 4 ,N,,,,2017-06-27 22:42:40
5840000,CDFD1005,2005-01-27,,영업/정상,,,,,,죽림정사,I,2026-07-01 13:00:37,전남광주통합특별시 구례군 용방면 죽정길 170,지정,05,0,0,01,"정확한 창건연대는 알 수 없으나 경내의 부도의 형식으로 보아 조선후기에 조성된 것으로 추정되는 사찰로 
2005년 전통사찰로 지정",죽림정사,0617821225,,,전남광주통합특별시 구례군 용방면 죽정리 842 ,N,,,,2016-07-25 12:20:56
5840000,CDFD1006,2005-01-27,,영업/정상,,,,,57661,백련사,I,2026-07-01 13:00:37,전남광주통합특별시 구례군 구례읍 사동길 129-8 (백련사),지정,05,3,300,01,정확한 창건연대는 알 수 없으나 경내의 건축 양식 등의 형태로 보아 조선후기에 조성된 것으로 추정되는 전통사찰로 2005년 전통사찰로 지정,백련사,0617827572,,,전남광주통합특별시 구례군 구례읍 산성리 495 ,N,,,,2016-07-25 12:21:36
5845000,CDFD1002,2008-12-05,,영업/정상,,,,,,흥덕사,I,2026-07-01 13:02:55,,지정,05,2,500,01,,흥덕사,,,,전남광주통합특별시 고흥군 동강면 장덕리 610 ,N,,,,2020-01-09 12:59:23
5845000,CDFD1001,1988-07-27,,영업/정상,,,,,,송광암,I,2026-07-01 13:02:55,전남광주통합특별시 고흥군 금산면 금산중촌길 266,지정,05,0,0,01,"고려 신종 3년 보조국사 지눌 창건
1954년 김광원, 최봉곡 주지가 중건",송광암,0618438488,,,전남광주통합특별시 고흥군 금산면 어전리 산 74 ,N,,,,2003-04-15 18:18:03
5850000,CDFD1002,1988-07-27,,영업/정상,,,,,,송광사벌교포교당부용사,I,2026-07-01 13:03:11,,지정,05,2,500,01,,송광사벌교포교당부용사,,,,전남광주통합특별시 보성군 벌교읍 벌교리 206 ,N,,,,2013-08-19 09:26:22
5850000,CDFD1001,1988-07-27,,영업/정상,,,,,,대원사,I,2026-07-01 13:03:11,,지정,05,5,2000,01,,대원사,,,,전남광주통합특별시 보성군 문덕면 죽산리 831-3 ,N,,,,2013-08-19 09:27:14
5850000,CDFD1003,2004-01-19,,영업/정상,,,,,,일월사,I,2026-07-01 13:03:11,전남광주통합특별시 보성군 율어면 유신길 195,지정,05,3,800,01,고려시대 일월사로써 기록이 남아있으나 19세기에 폐사되었음. 1978년 사찰을 복원하여 미륵사로 개명하고 현재는 일월사로 사찰를 복원하고 있는 단계임.,일월사,,,,전남광주통합특별시 보성군 율어면 유신리 533 ,N,,,,2013-08-19 09:30:21
5855000,CDFD1006,1988-07-25,,영업/정상,,,,,,유마사,I,2026-07-01 13:15:52,,지정,05,1,205,01,신라 제30대 문무왕 5년(서기627년)유마운에의하여 창건된것으로 전해지고 있다...,유마사,,,,전남광주통합특별시 화순군 사평면 유마리 321 ,N,,,,2011-10-30 15:24:48
5855000,CDFD1001,1988-07-25,,영업/정상,,,,,,쌍봉사,I,2026-07-01 13:15:52,전남광주통합특별시 화순군 이양면 쌍산의로 459,지정,05,2,1060,01,"신라경문왕 8년 서기867년 창건(철감선사탑,대웅전,극락전)",쌍봉사,,,,전남광주통합특별시 화순군 이양면 증리 741 ,N,,,,2003-04-11 11:08:45
5855000,CDFD1002,1988-07-25,,영업/정상,,,,,,운주사,I,2026-07-01 13:15:52,,지정,05,1,1000,01,"통일신라말 제52대 효공왕13년 도선국사에 의해 건립된것으로 전해지고 있음
",운주사,,,,전남광주통합특별시 화순군 도암면 대초리 20 ,N,,,,2003-04-11 10:17:17
5855000,CDFD1003,1988-10-05,,영업/정상,,,,,,개천사,I,2026-07-01 13:15:52,,지정,05,3,250,01,통일신라 헌덕왕 말기(809-825) 도의선사가 보림사를 창건하고 이어 개천사를 창건했다,개천사,,,,전남광주통합특별시 화순군 춘양면 가동리 산 480 ,N,,,,2003-04-11 10:23:09
5855000,CDFD1004,1988-10-05,,영업/정상,,,,,,규봉암,I,2026-07-01 13:15:52,전남광주통합특별시 화순군 이서면 도원길 40-28,지정,05,2,500,01,"창건연대가 확실하게 전하는 문헌이 없고 다만 신라시대에 의상대사가 창건하고 순응대사가
중창했다고 전해지며 혹은 고펴초 도선국사,보조국사가 창건하였다고 전해지고 있다
",규봉암,,,,전남광주통합특별시 화순군 이서면 영평리 897 ,N,,,,2003-04-11 10:50:44
5855000,CDFD1005,1988-07-25,,영업/정상,,,,,,만연사,I,2026-07-01 13:15:52,,지정,05,2,3100,01,고려 제21대 희종 4종(서기1208)에 창건,만연사,,,,전남광주통합특별시 화순군 화순읍 동구리 279 ,N,,,,2003-04-11 10:55:41
5860000,CDFD1001,2003-03-25,,영업/정상,,,,,,보림사,I,2026-07-01 13:15:53,,지정,05,3,5000,01,,보림사,0618640019,,,전남광주통합특별시 장흥군 유치면 봉덕리 45 ,N,,,,2008-12-18 17:42:44
5860000,CDFD1002,2003-03-25,,영업/정상,,,,,,신흥사,I,2026-07-01 13:15:53,,지정,05,3,3000,01,,신흥사,0618627510,,,전남광주통합특별시 장흥군 장흥읍 연산리 932 ,N,,,,2009-02-20 17:14:01
5860000,CDFD1003,2003-03-25,,영업/정상,,,,,,천관사,I,2026-07-01 13:15:53,전남광주통합특별시 장흥군 관산읍 칠관로 1272-473,지정,05,3,3000,01,,천관사,0618672954,,,전남광주통합특별시 장흥군 관산읍 농안리 740 ,N,,,,2011-10-30 18:57:38
5865000,CDFD1004,1988-07-27,,영업/정상,,,,,,금곡사,I,2026-07-01 13:18:29,,지정,05,1,800,01,,금곡사,,,,전남광주통합특별시 강진군 군동면 파산리 1012 ,N,,,,2003-03-26 16:27:06
5865000,CDFD1005,1988-10-05,,영업/정상,,,,,,고성사,I,2026-07-01 13:18:29,,지정,05,2,350,01,,고성사,,,,전남광주통합특별시 강진군 강진읍 남성리 산 4 ,N,,,,2003-03-26 16:30:08
5865000,CDFD1006,1988-10-05,,영업/정상,,,,,,화방사,I,2026-07-01 13:18:29,,지정,05,1,700,01,,화방사,,,,전남광주통합특별시 강진군 군동면 화산리 544 ,N,,,,2003-03-26 16:33:01
5865000,CDFD1007,2001-05-29,,영업/정상,,,,,,옥련사,I,2026-07-01 13:18:29,,지정,05,1,550,01,,옥련사,,,,전남광주통합특별시 강진군 강진읍 덕남리 산 7 ,N,,,,2003-03-26 16:41:43
5865000,CDFD1008,2005-01-27,,영업/정상,,,,,,옴천사,I,2026-07-01 13:18:29,,지정,05,10,1000,01,,옴천사,0614332311,,,전남광주통합특별시 강진군 옴천면 개산리 391 ,N,,,,2009-02-25 09:42:39
5865000,CDFD1002,1988-07-27,,영업/정상,,,,,,백련사,I,2026-07-01 13:18:29,,지정,05,1,2050,01,"백련사의 본래 이름은 만덕산이란 산 이름을 따서 만덕사라 하였으나 현재는 백련사로 부르고 있다.
이 사찰은 신라말에 창건되었다고 전해지고 있으며 고려 명종때인 1170년 원묘국사 요세에 의해 중창되었다.
특히 요세는 귀족불교에 대한 반발로 서민불교 운동이 한창이던 1232년(고종19년) 보현도장을 개설하고 1236년 (고종 23년) 백련결사문을 발표하여 ""백련결사운동""을 중창함으로써 백련사가 전국에 널리 알려지는 계기가 되었다.
고려말과 조선초에는 왜구의 잦은 노략질로 폐사가 되다시피 하였으나, 조선초기 세종때 행호주지가 대규모 중창 불사를 하여 옛 모습을 회복하게 되었으며, 조선후기에는 8대사를 배출하여 전국에서 명실공히 으뜸가는 명찰로 알려지기 시작했고, 후기에도 몇차례의 중수가 이루어 졌으며 현재는 대웅전, 응진당, 명부전, 칠성각, 요사채 등의 건물이 남아 있다.",백련사,,,,전남광주통합특별시 강진군 도암면 만덕리 246 ,N,,,,2003-03-26 16:18:41
5865000,CDFD1001,1988-07-27,,영업/정상,,,,,,무위사,I,2026-07-01 13:18:29,,지정,05,0,2500,01,"신라진평왕 39년(617년) 원효대사가 창건하여 ""관음사""라 하였고, 헌강왕 원년(875년)에는 
도선국사가 중창하여 ""갈옥사""라 한후, 고려 정종 원년(946년)에 선각대사가 삼창하고 ""모옥사"" 라 개칭 하였으며, 그 후 조선 명종 10년(1555년)태감선사에 의해 현재와 같이 ""무위사""로 
부르게 되었다.",무위사,0614324974,,,전남광주통합특별시 강진군 성전면 월하리 1174 ,N,,,,2008-12-29 17:50:29
5865000,CDFD1003,1988-07-27,,영업/정상,,,,,,정수사,I,2026-07-01 13:18:29,,지정,05,1,500,01,,정수사,,,,전남광주통합특별시 강진군 대구면 용운리 26 ,N,,,,2003-03-26 16:22:37
5870000,CDFD1004,1988-07-27,,영업/정상,,,,,,서동사,I,2026-07-01 13:19:19,,지정,05,0,0,01,"신라 진성여왕(887~896)대에 고운(孤雲) 최치원이 개기한 것으로 전해오고 있는 사찰로서 정확한 창간년대는 알 수 없음.
선조 25년(1592년)임진왜란으로 대부분 전소되었으나 대웅전만 칡뿌리등이 감싸여 있어 화를 면하였다고하여 당시에는 葛天寺라 불리었음.
이후 대웅전은 고종7년 의철(義澈), 진일(鎭一), 정기(正基)스님등이 중수하였음.",서동사,0615320415,,,전남광주통합특별시 해남군 화원면 금평리 573 ,N,,,,2009-03-19 10:58:45
5870000,CDFD1003,2003-04-10,,영업/정상,,,,,,은적사,I,2026-07-01 13:19:19,,지정,05,0,0,01,"신라진흥왕 21년(560년)에 창건, 원래 다보산 은적암(隱跡庵)이었으나 다보사가 폐허가 된 이후 은적사로 개칭.
철종 7년(1856년)에 준활대사(俊活大師)가 중수하여 현존함.
경내의 중앙에 북향으로 자리하고 있는 藥師殿과 뒤편 우측에 山靈閣만이 남아 있다.
승방은 약사전 우측에 ㄱ자 형으로 이어져 있으며 사찰 주위에는 담장이나 어떤 구조물도 형성되어 있지 않음.",은적사,0615325131,,,전남광주통합특별시 해남군 마산면 장촌리 산 44-3 ,N,,,,2003-04-10 16:18:06
5870000,CDFD1002,1988-07-27,,영업/정상,,,,,,미황사,I,2026-07-01 13:19:19,,지정,05,0,0,01,"우리나라 육지의 최남단에 위치한 사찰로서 749년(경덕왕 8년)에 義照가 창건한 것으로 전하며 미황사 사적비에 창건설화가 나와있다. 1597년(선조30년)정유재란으로 대웅전이 소실되자 1598년 晩善이 중건. 헌종 1년(1660년)에 3창하고 女右가 중수하여 오늘에 이름. 대웅전, 응진전, 명부전, 요사채등이 있으며 石槽幢竿支柱, 浮屠群, 사적비 등의 성보문화재가 있음",미황사,0615343521,,,전남광주통합특별시 해남군 송지면 서정리 247 ,N,,,,2003-04-08 18:45:53
5870000,CDFD1001,1988-07-27,,영업/정상,,,,,,대흥사,I,2026-07-01 13:19:19,전남광주통합특별시 해남군 삼산면 대흥사길 400,지정,05,30,90000,01,"두륜산 도립공원내에 위치한 대흥사는 조계종 제22교구 본사로서 사적 및 명승제 9호로 지정되어 있으며 백제 무령왕 14년(514)에 신라 승려 아도화상이 창건한 고찰로서 주변자연경관이 빼어난 곳이면, 대웅전 앞 3층석탑을 비롯한 보물 4점, 지방유형분화재 9점 등이 있고 전통茶道의 맥을 이어가고 있는 일지암과 서산대사의 유품을 전시한 성보박물관 등이있음",대흥사,0615345502,,,전남광주통합특별시 해남군 삼산면 구림리 799 ,N,,,,2009-10-13 14:58:15
5870000,CDFD1005,1988-07-27,,영업/정상,,,,,,진흥사,I,2026-07-01 13:19:19,,지정,05,0,0,01,"1909년 金眞性覺 보살이 養道庵으로 창건한 후 養道寺, 眞興寺로 개칭.
1980년대에 태고종에 소속되었으며 현재는 개인사찰과 다름이 없다.
동서로 긴 장방형의 대지위에  극락보전과 요사및 선방을 배치하였음.
요사는 정면 4칸, 축면1칸의 팔작지붕으로 근래에 우인스님에 의해 크게 중창불사가 이루어지고 있다.",진흥사,0615368767,,,전남광주통합특별시 해남군 현산면 조산리 84 ,N,,,,2003-04-10 16:46:50
5870000,CDFD1008,1988-07-27,,영업/정상,,,,,,성도암,I,2026-07-01 13:19:19,전남광주통합특별시 해남군 북평면 동촌길 42-82,지정,05,1,100,01,"창건 연대 미상인 조그만한 암자형 사찰임.
원래 성도암은 계곡을 끼고 경사진 언덕위에 위치하였으나 동해저수지 축조로 수물되고 1994년에 현 위치로 이설 대웅전은 정면 3칸에 좌우측면 벽은 조적조로 쌓았으며 팔작지붕으로 한와를 얹었다.
법당안에 봉안된 불화가운데 나주시 정도리 금당사의 神衆幀과 나주시 청동리 불두사의 後佛幀이 걸려 있어 주목된다.",성도암,0615331639,,,전남광주통합특별시 해남군 북평면 동해리 689 ,N,,,,2009-10-13 14:59:15
5870000,CDFD1007,1988-07-27,,영업/정상,,,,,,태영사,I,2026-07-01 13:19:19,전남광주통합특별시 해남군 북평면 천태산길 191,지정,05,0,0,01,"태영사는 천태산의 산록에 위치하여 남창항이 한눈에 내려다 볼 수 있는 사찰로서 1552년(명종7년)에 창건되었다고 전함.
당총에는 七星庵이라 불렀으나 임란으로 폐허된 후 중수를 계속하여 1976년에 태영사로 개칭하였으며 1985년에 폭풍우로 파괴도이어 중건 길다란 평지위에 대웅전을 남동향으로 배치시키고 요사를 약간 엇갈리게 배치하였음",태영사,0615331860,,,전남광주통합특별시 해남군 북평면 남창리 1228 ,N,,,,2003-04-10 18:32:21
5870000,CDFD1006,2003-04-10,,영업/정상,,,,,,도장사,I,2026-07-01 13:19:19,전남광주통합특별시 해남군 황산면 내산길 143,지정,05,0,0,01,"황산면 내산마을에서 1km거리의 補陀山 산록에 자리고 있는 道場寺는 조선후기에 창건된 사찰로소 대웅전의 오른편 방위에 [補陀山聖住寺]한 현판이 걸려 있어 도장사의 옛이름으로 추정된다.
대웅전은 정면 3칸, 측면 2칸의 맞배지붕으로 1935년에 중건 1938년에 중수 되었음.
대웅전 내에는 조선후기 작품으로 추정되는 목조 三尊佛, 後佛幀(순조26), 七星幀(19세기), 三藏幀(19세기)이 걸려 있다.",도장사,0615332640,,,전남광주통합특별시 해남군 황산면 관춘리 780 ,N,,,,2009-03-19 11:03:07
5875000,CDFD1001,1988-07-27,,영업/정상,,,,,,도갑사,I,2026-07-01 13:33:34,전남광주통합특별시 영암군 군서면 도갑사로 306,지정,05,4,300,01,"도갑사는 월출산 자락에 위치한 사찰로 월출산 지역에서 가장 규모가 큰 절이다. 신라 말에 도선국사가 지었다고 하며 고려 후기에 크게 번성했다고 전한다. 원래 이곳은 문수사라는 절이 있던 터로 도선국사가 어린 시절을 보냈던 곳인데, 도선이 자라 중국을 다녀온 뒤 이 문수사 터에 도갑사를 지었다고 한다. 그 뒤, 수미·신미 두 스님이 조선 성종 4년(1473)에 다시 지었고, 한국전쟁 때 대부분의 건물이 불에 타 버린 것을 새로 지어 오늘에 이르고 있다",도갑사,0614735122,,,전남광주통합특별시 영암군 군서면 도갑리 8 ,N,,,,2011-10-30 15:30:05
5875000,CDFD1002,1988-10-05,,영업/정상,,,,,,천황사,I,2026-07-01 13:33:34,전남광주통합특별시 영암군 영암읍 천황사로 280-82,지정,05,0,0,01,,천황사,0614733790,,,전남광주통합특별시 영암군 영암읍 개신리 449-1 ,N,,,,2002-12-20 14:25:40
5880000,CDFD1003,1988-07-27,,영업/정상,,,,,,무안 원갑사,I,2026-07-01 13:34:37,전남광주통합특별시 무안군 해제면 산길로 266-27,지정,05,1,0,01,"신라 신문왕 때 의상조사가 창건하였다고 전함. 

기록에 의하면 강산사가 옮기면서 원갑사로 개칭된 것으로 보임. 
영광불갑사, 영암도갑사와 더불어 3갑사라 불림.
다도해를 눈앞에 두고 있는 임해사찰로서 신안도서의 관문에 위치.",무안 원갑사,0614527816,,,전남광주통합특별시 무안군 해제면 산길리 676 ,N,,,,2009-09-29 14:51:55
5880000,CDFD1002,2004-01-05,,영업/정상,,,,,,무안 도덕사,I,2026-07-01 13:34:37,,지정,05,1,100,01,"6.25전란으로 폐허가 되었으나 전란후 복원하여 현재에 이름
창건주는 白雲 스님으로 1956년에 복원함.",무안 도덕사,0614530934,,,전남광주통합특별시 무안군 무안읍 성남리 164-7 ,N,,,,2009-09-30 13:16:17
5880000,CDFD1001,2004-01-05,,영업/정상,,,,,,무안 약사사,I,2026-07-01 13:34:37,전남광주통합특별시 무안군 무안읍 대사동길 15,지정,05,1,100,01,"918년(고려 태조 원년)에 성명 미상의 스님이 南岳寺라는 이름으로 창건했다고 전해짐.
석불의 규모로 보아  고려시대부터 상당규모의 가람이 경영되었던 것으로 보이며,
 현재의 약사사 건물은 1972년 신도들의 시주로 건립",무안 약사사,0614502422,,,전남광주통합특별시 무안군 무안읍 성동리 842-9 ,N,,,,2009-10-09 10:03:02
5880000,CDFD1004,1988-07-27,,영업/정상,,,,,,무안 법천사,I,2026-07-01 13:34:37,전남광주통합특별시 무안군 몽탄면 법천길 529,지정,05,1,100,01,"백제 성왕 30년 덕이 또는 덕예조사가 세웠다고 전함. 
1913년 나주의 효자 정병우가 옛 법천사 터에 암자를 지었으며
 목우암에서 법천사의 법통을 이어가고 있음.",무안 법천사,,,,전남광주통합특별시 무안군 몽탄면 달산리 산 144-4 ,N,,,,2010-10-11 14:24:44
5885000,CDFD1001,1988-07-27,,영업/정상,,,,,,용천사,I,2026-07-01 13:34:11,전남광주통합특별시 함평군 해보면 용천사길 209,지정,05,2,5000,01,"용천사의 창건에 관한 기록은 [咸平龍泉寺熟石壘階勸文] 과 [咸平龍泉寺大雄殿제板丹靑記]에 보인다. [咸平龍泉寺熟石壘階勸文]에서는 신라의 行恩尊者가 용천사를 開山하여 海門大叢林으로 만들었다고 하고 [咸平龍泉寺大雄殿제板丹靑記]에서는 당의 玄宗朝(172~756)에 國幸師尊思어가 창건했다고 한다. 두 기록을 보았을 때 용천사는 통일신라때 창건되었다고 할 수가 있다. 또한 [咸平龍泉寺大雄殿제板丹靑記]에 따르면 용천사는 정유제란(1597)때 병화를 당한 후 1632년(인조 10)에 대웅전이 중창되었다고 하며 6년 뒤 1638년(인조 16)에는 부속건물이 새로 지어지고 1705년(숙종 31)에는 다시 한번 중창이 이루어 졌다. 이후 19세기 후반에는 懸雲선사가 퇴락한 건물을 중수하였다고 한다. 근년에 접어들어서는 6.25동란시 전소되었다가 1964년부터 錦堂스님에 의해 대웅전이 복원되었고 1996년도에 다시 한번 대웅전이 복원되었다. 함평군에서는 사역 전체에 대한 시굴조사를 포함한 종합조사를 실시하여 용천사의 창건연대와 건물지의 분포, 사역의 범위 등을 밝히고 정비복원을 위한 기본계획을 수립하고자 전남대학교 박물관에 조사를 의뢰하여 발굴조사를 실시함.",용천사,,,,전남광주통합특별시 함평군 해보면 광암리 415 ,N,,,,2011-10-30 15:33:16
5885000,CDFD1002,1988-10-05,,영업/정상,,,,,,보광사,I,2026-07-01 13:34:11,,지정,05,4,350,01,보광사는 1942년 개인이 별장으로 지은 건물을 개조하여 사찰로 운영하고 있다. 도지정 유형문화재 제172호인 범종을 소장하고 있는 사찰로써 문화유산으로서 가치가 높은 절이다.,보광사,0613222698,,,전남광주통합특별시 함평군 함평읍 함평리 288 ,N,,,,2009-03-06 09:55:41
5885000,CDFD1003,1988-10-05,,영업/정상,,,,,,보광사,I,2026-07-01 13:34:11,,지정,05,,,01,,보광사,0613221822,,,전남광주통합특별시 함평군 함평읍 함평리 288 ,,,,,2010-08-12 13:55:15
5890000,CDFD1002,2008-12-18,,영업/정상,,,,,,연흥사,I,2026-07-01 13:34:09,,지정,05,3,500,01,,연흥사,,,,전남광주통합특별시 영광군 군남면 용암리 890 ,N,,,,2008-12-18 09:39:36
5890000,CDFD1001,2008-12-18,,영업/정상,,,,,,불갑사,I,2026-07-01 13:34:09,,지정,05,10,2000,01,,불갑사,,,,전남광주통합특별시 영광군 불갑면 모악리 8 ,N,,,,2008-12-18 09:39:17
5895000,CDFD1001,1988-07-25,,영업/정상,,,,,,백양사,I,2026-07-01 13:54:51,전남광주통합특별시 장성군 북하면 백양로 1239,지정,05,0,0,01,"선조 7년(1574년) 환성지안 선사가 영천굴(靈泉屈)에 주석하여 법화경을 독경하며 예불하였는데 그럴 때면 백학봉 밑에 사는 흰양 한마리가 암자로 찾아와 무릎을 꿇고 스님이 '법화경'을 외는 것을 다 듣고 돌아갔다고 한다. 그러기를 몇달, 어느날 스님의 꿈에 흰양이 나타나 스님의 독경소리에 깨달음을 얻어 축생의 몸을 벗고 이제 사람의 몸으로 환생합니다. 스님, 감사합니다.' 하며 절하며 물러났다. 
스님은 이를 이상히 여겨 다음날 아침 뒷산을 산책하던 중 흰 양이 죽어 있는 것을 발견하고 그 꿈을 이해하였다고 한다. 그 후로 스님의 높은 법력에 의해 축생인 양을 제도하였다 하여 이때부터 절 이름을 백양사(白羊寺)라 고쳐 부르고 스님의 법호도 지안에서 '환양(喚羊)'으로 부르게 되었다고 한다",백양사,0613927502,,,전남광주통합특별시 장성군 북하면 약수리 26 ,N,,,,2018-11-23 08:45:09
5900000,CDFD1001,1988-07-27,,영업/정상,,,,,,신흥사,I,2026-07-01 13:55:11,,지정,05,2,800,01,"신라 신문왕때 완도 죽청리에 관음사로 창건한 것으로 전함.

장보고대사가 청해진을 설치했을때 도승 김성열이 재건하여 불교를 부흥하고 관음사를 신흥한다하여 신흥사로 개명",신흥사,0615542634,,,전남광주통합특별시 완도군 완도읍 군내리 168 ,N,,,,2002-12-26 14:16:16
5900000,CDFD1002,2004-01-19,,영업/정상,,,,,,학서암,I,2026-07-01 13:55:11,,지정,05,1,300,01,"역사 및 연혁 학서암은 1719년(숙종 45)에 천관사의 승려 화식이 창설하였다. 백운산은 장흥 천관산의 落脈으로 회룡의 기세가 준급하고 백운이 항상 떠나지 않고 있어 산기가 숙정한 까닭에 백운산이라 하였는데, 이 산에 간혹 수액의 변고나 쟁사의 화가 있어 원한이 거듭 일어났다. 이에 이런 여러 액과 화를 제거하고 인명을 구제하기 위하여 이 산에 암자를 세웠다. 그런데 산형이 학형과 같아 암자의 이름을 학서암(鶴棲菴)이라 하였다. 산신 및 불전에 기도하여 액을 없애고 복을 얻게 하여 창설 이래 섬 주민들에게 생활에서 액이나 화가 매우 희소하게 되었다고 전해져 내려온다. 학서암은 주민들의 말에 따르면, 이처럼 300여 년 전에 가구마다 자재를 갹출하고 노동력을 제공하여 백운산에다 설립한 주민단체였다. 그래서 현재도 태풍이나 천재지변에 의해 보수가 필요하면, 불교신자나 기독교신자 또는 비신자를 막론하고 전주민이 직접 노동력을 제공하여 보수공사를 하고 있다.",학서암,0615533953,,,전남광주통합특별시 완도군 생일면 유서리 산 89-1 ,N,,,,2009-10-21 13:09:12
5905000,CDFD1001,2003-04-07,,영업/정상,,,,,,쌍계사,I,2026-07-01 14:00:28,전남광주통합특별시 진도군 의신면 운림산방로 299-30,지정,05,2,0,01,"쌍계사는 진도읍에서 동남방으로 왕무덤재를 넘어 7km 쯤 가노라면 반경 2km 정도의 들판을 가운데로 하고 사방으로 산맥이 에워싸고 있는 사천리 76번지에 자리잡고 있다. 신라 때 도선국사가 창건하였다는 이 절은 절 양편으로 계곡이 흐른다 하여 쌍계사라 이름하였다. 

사찰 뒷계곡을 따라 10분여를 오르면 천연기념물 제 107호인 50여 수종의 상록수림 3,700평이 우거져 있다. 
쌍계사 대웅전의 건립 연대는 1982년 대웅전을 해체하여 보수할 때 발견된 상량문의 연대가 강희 36년, 즉 숙종 23년이란 기록이 나와 정확히 1697년에 건립된 사실을 알 수 있다. 

약 1m의 높이인 자연석 기단에 주춧돌을 놓고 그 위에 원주를 세웠다. 건물은 정면 삼칸, 측면 이칸의 맞배지붕의 다포계양식이다. 중앙문은 사분합(四分閤)이며 양문은 3분합문(三分閤門)인데 양편의 문은 대살문이고 중앙문은 빗살문이다. 
공포는 창방 위에 평방을 돌리고 그 위에 포작하였으며, 출목수(出目數)는 내외가 공히 삼출목(三出目)이다. 여기에서 특징있는 것은 참자 형식이 마치 석탑이나 부도의 기단부의 안성에서 보인 장식을 보이고 있다는 점이다.",쌍계사,0615421165,,,전남광주통합특별시 진도군 의신면 사천리 76 ,N,,,,2014-12-09 17:09:37
6110000,3000000-001,2005-12-27,,영업/정상,,,,,,안양암,I,2025-12-15 16:15:28,서울특별시 종로구 창신5길 61 (창신동),,BBBB,3,2000,01,,안양암,027634100,201109.784838676    ,452572.625048854    ,서울특별시 종로구 창신동 130 - 1 ,A,,,1889,2011-10-30 18:06:08
6130000,5845000-004,1988-07-27,,영업/정상,,,,,,송광암(제22호),I,2026-07-01 14:20:24,,,BBBB,,,01,"고려 신종 3년 보조국사 지눌 창건
1954년 김광원 최봉곡 주지가 중건",송광암(제22호),0618438488,,,전남광주통합특별시 고흥군 금산면 어전리 ,A,,,서1209,2017-05-16 15:25:39
6130000,5845000-005,1988-10-05,,영업/정상,,,,,,흥덕사(제74호),I,2026-07-01 14:20:24,,,BBBB,,,01,1929년 수불대사가 초가  4간을 세우고 첨산사라 칭하였으나 첨산 중턱 낙안사를 미륵불이 굴러와 이곳에 자리잡음,흥덕사(제74호),0618438488,,,전남광주통합특별시 고흥군 동강면 장덕리 ,A,,,1929,2009-08-07 13:09:35
6130000,5845000-006,1988-10-05,,영업/정상,,,,,,봉래사(제75호),I,2026-07-01 14:20:25,,,BBBB,,,01,송광사에 있던 판암스님이 나로도 덕암산 아래 봉래사 전신인 봉황사 창건,봉래사(제75호),0618438488,,,전남광주통합특별시 고흥군 봉래면 신금리 산66 ,A,,,1935,2005-11-08 19:11:42
6130000,5840000-003,1988-07-27,,영업/정상,,,,,,천은사,I,2026-07-01 14:20:24,전남광주통합특별시 구례군 광의면 노고단로 209,,BBBB,,,01,신라 흥덕왕 4년(828) 덕운조사가 창건하여 감로사라 불리어 오다조선 숙종 4년이후 천은사라 개칭,천은사,0617814800,,,전남광주통합특별시 구례군 광의면 방광리 70 ,A,,,서기828,2017-06-08 16:35:09
6130000,5840000-004,1988-10-05,,영업/정상,,,,,,사성암,I,2026-07-01 14:20:24,전남광주통합특별시 구례군 문척면 사성암길 303,,BBBB,,,01,"신라 진평왕 4년에 연기조사에 의해 창건
조선 인조 8년(1630)에 중수하여 순종왕대에 헌법당 신축",사성암,0617815463,,,전남광주통합특별시 구례군 문척면 죽마리 산 7 ,A,,,서기1928,2017-11-23 13:23:59
6130000,5850000-001,1988-07-27,,영업/정상,,,,,,대원사,I,2026-07-01 14:20:25,전남광주통합특별시 보성군 문덕면 죽산길 506-8,,BBBB,,,01,"무령왕 3년 신라고승 아도화상이 창건
고려시대 조계 제5대 원호국사가 중건하였고 조선 영조 43년에 중창하였음",대원사,0618521755,,,전남광주통합특별시 보성군 문덕면 죽산리 831 ,A,,,서기503,2019-01-31 10:32:32
6130000,5850000-002,1988-10-05,,영업/정상,,,,,,송광사포교당(제70호),I,2026-07-01 14:20:25,"전남광주통합특별시 보성군 벌교읍 태백산맥길 93-10, 1동 1층 1호 (송광사포교당)",,BBBB,,,01,고려말 조선초에 초창되어 부용사라는 사찰명으로 300여년동안 유지하고 광해군 당시 일시 폐찰되었다가 1900년 2월에 송광사 임석호 스님이 사실상 포교당 사찰명으로 초창하였음,송광사포교당(제70호),0618572328,,,전남광주통합특별시 보성군 벌교읍 벌교리 ,A,,,이조초기,2018-11-05 13:32:08
6130000,5850000-003,2004-01-19,,영업/정상,,,,,,구미륵사[일월사](제90호),I,2026-07-01 14:20:25,,,BBBB,,,01,"고려시대 일월사로써 기록이 남아 있으나 19세기에 폐사되었음
1978년 대웅전 등을 복원하여 미륵사로 개명하고 현재에 이름",구미륵사[일월사](제90호),0618523997,,,전남광주통합특별시 보성군 율어면 유신리 ,A,,,1978년 3월,2018-10-16 10:12:08
6130000,5855000-001,1988-07-25,,영업/정상,,,,,,쌍봉사(제24호),I,2026-07-01 14:20:25,,,BBBB,,,01,"신라 경문왕 때 철감선사가 창건
고려시대에는 송광사와 밀접한 관계를 맺고 있었으며 조선조 세조때에는 원당사찰로 명맥을 유지하다 정유재란시 많은 전각이 소실
사찰내에는 철감선사탑 철감선사탑비,극락전, 1984년에 소실되어 1986년에 복원한 삼층 목조대웅전(보물 163호해제)등이 있음",쌍봉사(제24호),0618438488,,,전남광주통합특별시 화순군 이양면 증리 741 ,A,,,서기868,2005-10-19 13:34:33
6130000,5855000-002,1988-07-25,,영업/정상,,,,,,운주사(제25호),I,2026-07-01 14:20:25,,,BBBB,,,01,"운주사의 창건과 천불천탑의 건립은 통일신라말 도선국사에 의한 것으로 전해지며 문헌상으로는 신증동국여지승람 능성 현조에서 현존 석불 석탑의 유래 짐작할 수 있음
운주사는 해발 100미터 내외의 비교적 낮은 야산지대로서 불적은 평지와 야산 등 반경 200미터 범위내에 산재되어 있음
",운주사(제25호),0618438488,,,전남광주통합특별시 화순군 도암면 대초리 ,A,,,서기827,2019-08-27 14:27:33
6130000,5855000-003,1988-07-25,,영업/정상,,,,,,유마사(제26호),I,2026-07-01 14:20:25,,,BBBB,,,01,"백제 무왕 28년 유마운 창건
예전에는 귀정암,금능암,운성암 등이 있었으며 1670년(현종 11년) 전라도 관찰사 김규홍이 증수하고 오호연, 김해은 주지가  보수하였음
한국동란으로 전소되었으나 박상규 주지가 현재의 대웅전 백운당 산신각 요사를 중수하였음",유마사(제26호),0618438488,,,전라남도 화순군 남면 유마리 321 ,A,,,서기627,2005-10-19 13:39:42
6130000,5855000-004,1988-07-25,,영업/정상,,,,,,만연사(제27호),I,2026-07-01 14:20:25,,,BBBB,,,01,"고려 희종 4년(1208)에 만연선사 창건
원래 보조국사 사리각,대웅전,시왕전,나한전,승당,선당,동상실,사천왕문,삼청각,학당 등의 건물이 있었으나 한국동란으로 소실
1978년 천안주지에 의해 현재의 대웅전, 나한전, 명부전, 한산정, 요사, 성주암 등이 복원됨",만연사(제27호),0618438488,,,전남광주통합특별시 화순군 화순읍 동구리 ,A,,,서기1902,2020-04-23 11:12:38
6130000,5855000-005,1988-10-05,,영업/정상,,,,,,개천사(제52호),I,2026-07-01 14:20:25,,,BBBB,,,01,"신라 현덕왕 말기 도의선사가 보림사를 창건후 개천사를 창건
정유재란으로 소실되었다가 복구후 일제시대에는 용화사로 불리웠고 천불전은 한국동란으로 소실",개천사(제52호),0618438488,,,전남광주통합특별시 화순군 춘양면 가동리 산 480 ,A,,,서기809,2005-11-02 17:32:21
6130000,5855000-006,1988-10-05,,영업/정상,,,,,,규봉암(제71호),I,2026-07-01 14:20:25,,,BBBB,,,01,"신라시대 의상대사가 정사를 지었다고 전해지며 보조국사가 창건하였다는 설이 있고 진각국사가 수도하던곳이라 전함
한국동란으로 전각 소실되었으나 1957년에 이한규 주지등이 대웅전과 요사를 건립",규봉암(제71호),0618438488,,,전남광주통합특별시 화순군 이서면 영평리 897 ,A,,,서기625,2005-10-19 13:37:31
6130000,5860000-001,1988-07-25,,영업/정상,,,,,,보림사(제28호),I,2026-07-01 14:20:25,,,BBBB,,,01,통일신라 구산선문의 일파로서 원표 도의선사의 법을 엄거선사가 이어받아 체징(보조)선사에게 꽃피움,보림사(제28호),0618642055,,,전남광주통합특별시 장흥군 유치면 봉덕리 45 ,A,,,서기759,2005-10-19 13:44:02
6130000,5860000-002,1988-07-27,,영업/정상,,,,,,천관사(제29호),I,2026-07-01 14:20:25,,,BBBB,,,01,"신라 애장왕때 통령화상이 창건. 
1963년 중수, 1972년 중수
천관사가 있는 천관산을 지제산(보살이 머물렀던 산)이라고 하며 천관보살의 전신 상주처로 여겼으며 화엄경 사상으로 창건되 사찰",천관사(제29호),0618672954,,,전남광주통합특별시 장흥군 관산읍 농안리 ,A,,,신라말,2014-07-15 21:00:38
6130000,5860000-003,1988-10-05,,영업/정상,,,,,,신흥사(제73호),I,2026-07-01 14:20:25,,,BBBB,,,01,"건립연대는 알 수 없으나 1751년 금동종을 소유하고 있는 것으로 보아 그 이전에 창건된 것으로 보임
그 후 관서당에 가깝다 하여 헐어버리고 1927년 중건",신흥사(제73호),0618627510,,,전라남도 장흥군 장흥읍 신흥리 ,A,,,서기1927,2010-11-29 07:57:14
6130000,5865000-001,1988-07-27,,영업/정상,,,,,,무위사(제30호),I,2026-07-01 14:20:25,,,BBBB,,,01,"신라 진평왕 39년에 창건. 관음사라 칭함
조선 명종 10년에 태감선사가 4창하여 무위사로 개칭",무위사(제30호),0618438488,,,전남광주통합특별시 강진군 성전면 월하리 ,A,,,서기597,2017-06-30 09:01:06
6130000,5865000-002,1988-07-27,,영업/정상,,,,,,금곡사(제31호),I,2026-07-01 14:20:25,,,BBBB,,,01,"신동국여지승람(1531)에 금곡사의 기록이 있으나 18세기 이후에 간행된 책자에는 전혀 언급이 없음
1986년 이후금곡사 신도회 주축으로 불사를 진행하여 대웅전,천불전,명부전을 건립 사찰의 면모를 갖추어 나가고 있음
",금곡사(제31호),0618438488,,,전남광주통합특별시 강진군 군동면 파산리 1012-2 ,A,,,서기823,2005-10-19 13:50:27
6130000,5865000-003,1988-07-27,,영업/정상,,,,,,정수사(제32호),I,2026-07-01 14:20:25,,,BBBB,,,01,"신라 애장왕 원년 도선국사가 창건하였다고 전함
조선 인조 22년 종인이 중창하였고 강희연간에 정수사로 개칭함",정수사(제32호),0618438488,,,전남광주통합특별시 강진군 대구면 용운리 26 ,A,,,서기802,2005-10-19 13:48:57
6130000,5865000-004,1988-07-27,,영업/정상,,,,,,백련사,I,2026-07-01 14:20:25,전남광주통합특별시 강진군 도암면 백련사길 145,,BBBB,,,01,"창건연대는 알 수 없으나 고려 희종 7년에 국사요세가 백련사를 중창
고종 19년 4월 8일 처음으로 보현도량을 열어 불교정풍운동인 백련결사 운동을 전개",백련사,0618438488,,,전남광주통합특별시 강진군 도암면 만덕리 246 ,A,,,신라 문성왕대,2018-10-16 10:37:02
6130000,5865000-005,1988-10-05,,영업/정상,,,,,,고성사(제67호),I,2026-07-01 14:20:25,,,BBBB,,,01,"다산 정약용선생이 유배되었을 때, 1805~1806년까지 약 1년동안 우거하였으나 다시에는 이곳을 보은산방이라 칭하였음",고성사(제67호),0618438488,,,전남광주통합특별시 강진군 강진읍 남성리 ,A,,,서기1801,2012-07-11 11:30:35
6130000,5865000-006,1988-10-05,,영업/정상,,,,,,화방사(제68호),I,2026-07-01 14:20:25,,,BBBB,,,01,"고려 희종 7년 창건
원묘국사가 백련사를 중창하면서 부근의 암자로 초창",화방사(제68호),0618438488,,,전남광주통합특별시 강진군 군동면 화산리 ,A,,,서기1211,2020-01-03 10:12:04
6130000,5865000-007,2001-05-29,,영업/정상,,,,,,옥련사(제80호),I,2026-07-01 14:20:25,,,BBBB,,,01,"백련사 소속인 송광암 옛 터에다 1947년 능화스님이 중건.
사찰경내에는 1684년 제작된 목조여래좌상과 연대불명의 석조좌불상 등의 문화재와 81년에 중건한 대웅전,삼성각, 용화전 및 90년 건립한 선원,종각 등이 있음
",옥련사(제80호),0618438488,,,전남광주통합특별시 강진군 강진읍 덕남리 산7 ,A,,,,2005-10-19 13:46:47
6130000,5865000-008,2005-01-27,,영업/정상,,,,,,옴천사(제92호),I,2026-07-01 14:20:25,,,BBBB,,,01,,옴천사(제92호),0614332311,,,전남광주통합특별시 강진군 옴천면 개산리 ,A,,,서기1880,2009-11-05 10:56:04
6130000,5870000-001,1988-07-27,,영업/정상,,,,,,대흥사,I,2026-07-01 14:20:25,전남광주통합특별시 해남군 삼산면 대흥사길 400,,BBBB,,,01,두륜산 국립공원에 위치한 대흥사는 신라 법흥왕 1년에 아도화상이 창건한 고찰로 주변 자연경관이 빼어난 곳이며 대웅전 앞 3층석탑을 비롯한 보물 4점. 지방유형문화재 9점 등 유물 및 유적과 암자가 많이  있고 전통다도의 맥을 이어가고 있는 일지암과 서산대사의 유품을 전시한 유물관 등이 있음,대흥사,0618438488,,,전남광주통합특별시 해남군 삼산면 구림리 799 ,A,,,서기544,2020-05-21 22:36:04
6130000,5870000-002,1988-07-27,,영업/정상,,,,,,미황사(제35호),I,2026-07-01 14:20:25,,,BBBB,,,01,"우리나라 최남단에 위치한 사찰로 749년 의회가 창건
미황사 사적비에 창건설화가 나와 있으며 1597년 정유재란으로 소실되자 1598년에 중건
헌종 1년에 3창하고 女右가 중수하여 오늘에 이름.  대웅전,응진전,명부전,요사채 등이 있다.",미황사(제35호),0618438488,,,전남광주통합특별시 해남군 송지면 서정리 ,A,,,서기725,2009-07-24 14:09:54
6130000,5870000-003,1988-07-27,,영업/정상,,,,,,은적사(제36호),I,2026-07-01 14:20:25,,,BBBB,,,01,"신라 진흥왕 21년에 창건
원래 다보산 은적암이었으나 다보사가 폐허된 후 은적사로 개칭
철종 7년(1856)에 중수하여 현전함.
경내의 중앙에 북향으로 자리하고 있는 약사저과 뒷편 우측의 산령각만이 남아 있다
",은적사(제36호),0618438488,,,전남광주통합특별시 해남군 마산면 장촌리 ,A,,,서기560,2019-10-28 16:27:29
6130000,5870000-004,1988-07-27,,영업/정상,,,,,,서동사(제37호),I,2026-07-01 14:20:25,,,BBBB,,,01,"신라 진성여왕 대에 최치원이 개기한 것으로 전해오고 있는 사찰임
선조 25년 임진왜란으로 대부분 전소되었으나 대웅전만 칡뿌리등이 감싸여 있어 화를 면하였다고 하여 당시에는 천사라 불리었음
이후 대웅전은 고종 7년 의숙,진일, 정기스님등이 중수하였음",서동사(제37호),0618438488,,,전남광주통합특별시 해남군 화원면 금평리 573 ,A,,,신라시대,2005-10-19 14:06:23
6130000,5870000-005,1988-07-27,,영업/정상,,,,,,진흥사(제38호),I,2026-07-01 14:20:25,,,BBBB,,,01,"1909년 김진성각 보살이 양도암으로 창건 후 양도사, 진흥사로 개칭
1980년대에는 태고종에 소속되어 있었으며 현재는 개인사찰과 다름이 없다. 동서로 긴 장방형의 대지위에 극락보전과 요사 및 선방을 배치함.",진흥사(제38호),0618438488,,,전남광주통합특별시 해남군 현산면 조산리 84번지 ,A,,,1890,2005-10-19 14:07:45
6130000,5870000-006,1988-07-27,,영업/정상,,,,,,도장사(제39호),I,2026-07-01 14:20:25,,,BBBB,,,01,"조선후기에 창건된 사찰로서 대웅전의 오른편 방위에 보타산성주사란 현판이 걸려있어 도량사의 옛이름으로 추정함.
대웅전은 정면 3칸, 측면 2칸의 맞배지붕으로 1935년 중건 1938년에 중수되었음",도장사(제39호),0618438488,,,전남광주통합특별시 해남군 황산면 관춘리 ,A,,,서기1170,2017-01-10 11:30:48
6130000,5870000-007,1988-07-27,,영업/정상,,,,,,태영사(제40호),I,2026-07-01 14:20:25,전남광주통합특별시 해남군 북평면 천태산길 191,,BBBB,,,01,"1552년(명종7년)에 창건되었다고 전함
당초에는 칠성암이라 불렸으나 임란으로 폐허된 후 중수를 계속하여 1976년에 태영사로 개칭하였으며 1985년에 폭풍우로 파괴되어 중건.",태영사(제40호),0618438488,,,전남광주통합특별시 해남군 북평면 남창리 ,A,,,서기1562,2019-12-03 16:38:34
6130000,5870000-008,1988-10-05,,영업/정상,,,,,,성도암(제76호),I,2026-07-01 14:20:25,,,BBBB,,,01,"창건 연대 미상인 암자형 사찰임
원래 성도암은 계곡을 끼고 경사진 언덕위에 위치하였으나 동해저수지 축조로 수몰되고 1994년에 현 위치로 이설",성도암(제76호),0618438488,,,전남광주통합특별시 해남군 북평면 동해리 689번지 ,A,,,,2005-10-19 14:12:05
6130000,5870000-009,2003-12-30,,영업/정상,,,,,,성도사(제84호),I,2026-07-01 14:20:25,전남광주통합특별시 해남군 북평면 백도로 543-134,,BBBB,,,01,"백제구이신왕 때 아도화상께서 창건하였다고 전해짐
그 이후 원효대사, 도선국사 등이 중창하여 오늘에 이름",성도사(제84호),0615351037,,,전남광주통합특별시 해남군 북평면 동해리 산 49 - 6 ,A,,,서기428,2014-01-06 09:29:14
6130000,5875000-001,1988-07-27,,영업/정상,,,,,,도갑사(제41호),I,2026-07-01 14:20:25,,,BBBB,,,01,통일신라말 도선국사에 의해 창건되고 조선시대 수미대사에 의해 중수,도갑사(제41호),0614735122,,,전남광주통합특별시 영암군 군서면 도갑리 ,A,,,서기880,2012-08-29 15:51:41
6130000,5875000-002,1988-10-05,,영업/정상,,,,,,천황사(제55호),I,2026-07-01 14:20:25,전남광주통합특별시 영암군 영암읍 천황사로 280-82,,BBBB,,,01,"신라 진평왕년간에 원효대사가 창건
신라 헌강왕 원년 도선국사의 중창으로 팔만구암자를 두었음 임난으로 소실되고 영조녀간에  재건하여 칠선사로 개칭
대한제국 광무 10년 화재로 소실되었으나 광복이후 관민의 협조로 재건하여 천황사로 칭함 ",천황사(제55호),0614733790,,,전남광주통합특별시 영암군 영암읍 개신리 449 - 1 ,A,,,신라 진평왕,2014-01-06 09:31:51
6130000,5875000-003,2005-01-27,,영업/정상,,,,,,법흥사(제95호),I,2026-07-01 14:20:25,,,BBBB,,,01,,법흥사(제95호),0614721795,,,전남광주통합특별시 영암군 금정면 안노리 4-2 ,A,,,조선시대,2005-10-18 11:18:42
6130000,5880000-001,1988-07-27,,영업/정상,,,,,,법천사[목우암](제42호),I,2026-07-01 14:20:25,,,BBBB,,,01,"백제 성왕 30년 덕이 또는 덕예조사가 세웠다고 전함
1913년 나주의 효자 정병우가 옛 법천사 터에 암자를 지었으며 목우암에서 법천사으 법통을 이어가고 있음
",법천사[목우암](제42호),0614523855,,,전남광주통합특별시 무안군 몽탄면 달산리 ,A,,,서기1500,2010-10-20 13:06:54
6130000,5880000-002,1988-07-27,,영업/정상,,,,,,원갑사(제43호),I,2026-07-01 14:20:25,,,BBBB,,,01,"신라 신문왕 대 의상조사가 창건하였다고 전함
기록에 의하면 강산사가 옮기면서 원갑사로 개칭된 것으로 보임
다도해를 눈앞에 두고 있는 임해사찰로서 신안도서의 관문에 위치",원갑사(제43호),0614527816,,,전남광주통합특별시 무안군 해제면 산길리 676번지 ,A,,,신라 해광왕,2005-10-19 14:18:19
6130000,5880000-003,2004-01-05,,영업/정상,,,,,,약사사(제85호),I,2026-07-01 14:20:25,전남광주통합특별시 무안군 무안읍 대사동길 15,,BBBB,,,01,고려태조원년(918년)에 창건된 남학사터에 1971년 복원함 ,약사사(제85호),0614532422,,,전남광주통합특별시 무안군 무안읍 성동리 842 - 9 ,A,,,1971년 12월,2014-01-06 09:54:55
6130000,5880000-004,2004-01-05,,영업/정상,,,,,,도덕사(제86호),I,2026-07-01 14:20:25,,,BBBB,,,01,6.25전란으로 폐허가 되었으나 전란 후 복원하여 현재에 이름,도덕사(제86호),0614530934,,,전남광주통합특별시 무안군 무안읍 성암리 산 164-7번지 ,A,,,서기1941년 9월,2005-10-19 14:19:12
6130000,5885000-001,1988-07-27,,영업/정상,,,,,,용천사(제45호),I,2026-07-01 14:20:25,,,BBBB,,,01,"백제 무왕 1년 신은존자에 의해 창건.
용천사 앞에 용이 승천하였다는 용천이 있고 이곳에 집을 지어 용천사라 하였다고 전함",용천사(제45호),0618438488,,,전남광주통합특별시 함평군 해보면 광암리 ,A,,,통일신라,2015-07-16 16:58:29
6130000,5885000-002,1988-10-05,,영업/정상,,,,,,보광사(제60호),I,2026-07-01 14:20:26,,,BBBB,,,01,"1924년 모진택이 처음 집을 지어 별당으로 활용하다 1938년경 용천사 신도에 의해 포교당으로 설립. 이범림이 대표승이 되어 운영되었음
1942년 모정숙 주지에 인수되어 보광사 사원으로 명명",보광사(제60호),0618438488,,,전남광주통합특별시 함평군 함평읍 함평리 288-1 ,A,,,1914,2005-10-19 14:22:12
6130000,5890000-001,1988-07-25,,영업/정상,,,,,,불갑사(제46호),I,2026-07-01 14:20:26,,,BBBB,,,01,"백제에 불교를 처음 전파한 마라난타가 불법을 처음을 편 곳이 법성포였다고 하여 법성포에서 가까운 모악산에 사찰을 세웠는데 이 사찰이 불사의 으뜸이 된다는 뜻으로 불갑사라고 전함
또한 백제 충숙황 원년 각진국사가 도갑사, 봉갑사, 불갑사 등 3갑사를 창건하여 이 사찰의 으뜸이라 하여 불갑사라는 설도 있음",불갑사(제46호),0618438488,,,전남광주통합특별시 영광군 불갑면 모악리 8번지 ,A,,,서기384,2005-10-19 14:24:32
6130000,5890000-002,1988-10-05,,영업/정상,,,,,,연흥사(제56호),I,2026-07-01 14:20:26,,,BBBB,,,01,영광군 남서운산에 14세기 초 각진국사가 창건후 정유재란 때 소실된 후 중창,연흥사(제56호),0618438488,,,전남광주통합특별시 영광군 군남면 용암리 890번지 ,A,,,고려중엽,2005-12-27 15:56:50
6130000,5895000-001,1988-07-27,,영업/정상,,,,,,백양사,I,2026-07-01 14:20:26,전남광주통합특별시 장성군 북하면 백양로 1239,,BBBB,,,01,백제무왕 33년 여환선사 창건 이래 안암종사의 5창으로 현재에 이르름. 백양사는 산의 명칭을 따서 백암사라 했다가 각진국사께서 정토사라 개칭하고 환양선사께서 설법할 때 마다 이 산에 야생하고 있는 흰 양이 나타나서 법문을 듣고 간 뒤로 백양사라 호칭,백양사,0613927502,,,전남광주통합특별시 장성군 북하면 약수리 26 ,A,,,서기632,2020-07-27 08:38:43
6130000,5900000-001,1988-07-27,,영업/정상,,,,,,신흥사(제48호),I,2026-07-01 14:20:26,,,BBBB,,,01,"신라 신문왕 때 완도 죽청리에 관음사로 창건한 것으로 전함
장보고대사가 청해진을 설치했을 때 도승 김성열이 재건하여 불교를 부흥하고 관음사를 신흥한다 하여 신흥사로 개칭",신흥사(제48호),0615542634,,,전남광주통합특별시 완도군 완도읍 군내리 168번지 ,A,,,서기1936,2005-11-02 17:30:05
6130000,5900000-002,2004-01-19,,영업/정상,,,,,,학서암(제91호),I,2026-07-01 14:20:26,,,BBBB,,,01,"1719년 화식스님이 창건하였다고 전해짐
법당 등 건축물은 1996년도에 중창하였음",학서암(제91호),0613820574,,,전남광주통합특별시 완도군 생일면 유서리 ,A,,,서기1719,2019-01-23 10:44:30
6130000,5905000-001,1988-07-29,,영업/정상,,,,,,쌍계사(제49호),I,2026-07-01 14:20:26,,,BBBB,,,01,"신라 46대 문성왕 19년 도선국사 초창
고려신종 원년 정담선사가 정수암,강종원년 응천선사가 상성암 건립하고 6차의 중수를 거쳐 현재에 이르고 있음",쌍계사(제49호),0618438488,,,전남광주통합특별시 진도군 의신면 사천리 ,A,,,서기858,2017-07-04 14:57:56
6130000,5910000-001,1991-04-02,,영업/정상,,,,,,금산사(제50호),I,2026-07-01 14:20:26,,,BBBB,,,01,"1904년 산수와 경치가 좋아 불심을 일으켜 전파하고자 배화 주씨가 창건
1981년 구건물 철거 후 신건물로 중수",금산사(제50호),0612710087,,,전라남도 신안군 압해면 가룡리 ,A,,,서기1904,2019-01-31 10:24:31
6130000,5910000-002,1991-04-02,,영업/정상,,,,,,서산사(제77호),I,2026-07-01 14:20:26,,,BBBB,,,01,"고려 우왕1년 미륵신앙을 기반으로 당초 내월리에 세웠으나 1920년에 현위치로 옮김
해방이후 대흥사 말사 소속 포교당으로 운영",서산사(제77호),0612754893,,,전남광주통합특별시 신안군 비금면 고서리 산 45번지 ,A,,,1390.10.1,2005-11-08 19:13:32
6130000,5910000-003,2003-02-25,,영업/정상,,,,,,일심사(제83호),I,2026-07-01 14:20:26,,,BBBB,,,01,"300여년 전부터 관운장의 초상으로 모시는 사당으로 존재하였다가 1919년에 현재의 법당 및 요사채가 중창되었음
한국동란 중에 전몰한 군인,경찰을 포함한 호국영령들의 540여 위패를 모시고 있는 여각이 있어 국가와 민족을 위해 장렬하게 전사하신 호국영령들의 영혼을 위로하신 호국의 도량임",일심사(제83호),0612750110,,,전남광주통합특별시 신안군 지도읍 읍내리 ,A,,,서기1920.4.20,2011-06-07 10:03:03
6130000,6130000-001,2017-01-17,,영업/정상,,,,,,성륜사,I,2026-07-01 14:20:26,전남광주통합특별시 곡성군 옥과면 미술관로 287,,BBBB,,,01,,성륜사,,,,전남광주통합특별시 곡성군 옥과면 옥과리 650 - 8 ,,,,1988,2019-04-04 08:21:14
6130000,5780000-001,1988-07-27,,영업/정상,,,,,,달성사,I,2026-07-01 14:20:23,,,BBBB,,,01,1913년 4월 초파일 대흥사의 노대련선사가 창건,달성사,0612441482,,,전남광주통합특별시 목포시 죽교동 317 ,A,,,서기1914,2008-04-07 17:08:41
6130000,5785000-001,1988-07-25,,영업/정상,,,,,,한산사,I,2026-07-01 14:20:23,전남광주통합특별시 여수시 구봉산길 114 (봉산동),,BBBB,,,01,"고려명종 24년 보조국사 창건
임진왜란때 전소되었으나 1926년 수원 대화상 복원
1933년 국종열 스님 중창",한산사,0616426333,,,전남광주통합특별시 여수시 봉산동 936 ,A,,,1194,2019-01-23 10:40:10
6130000,5785000-002,1988-07-25,,영업/정상,,,,,,흥국사(제5호),I,2026-07-01 14:20:23,전남광주통합특별시 여수시 흥국사길 160 (중흥동),,BBBB,,,01,"1195년(명종25년) 보조국사 창건
1559년(명종14년) 몽고족 침입 전화
1560년 법수대사 중수
1624년 계특대사 중수 흥국사는 절이 흥하면 나라 흥한다고 하는 국태민안의 기원이 담겨있는 사찰로서 임진왜란이 발발하자 경내에서 300여명의 승려와 많은수군이 조련을 하였으며 충무공께서 조석으로 임금님께 북향4배 문안을 올린 공북루가 있었으나 임란당시 소실되고 충무공 친필휘호 공북루 현판만 보존 ",흥국사(제5호),0616855633,,,전남광주통합특별시 여수시 중흥동 17 ,A,,,1195,2011-10-30 13:12:51
6130000,5785000-003,1988-07-27,,영업/정상,,,,,,향일암,I,2026-07-01 14:20:23,전남광주통합특별시 여수시 돌산읍 향일암로 70-10,,BBBB,,,01,신라 선덕여왕 13년 원효대사가 창건하여 원통암이라 불리어오다정확한 연대는알 수 없으나 향일암으로 개칭되어 현재에 이름.,향일암,0616444742,,,전남광주통합특별시 여수시 돌산읍 율림리 7 ,A,,,서기644,2018-05-03 16:48:28
6130000,5785000-004,1988-07-25,,영업/정상,,,,,,용문사(제13호),I,2026-07-01 14:20:24,전남광주통합특별시 여수시 화양면 용문사길 91,,BBBB,,,01,신라 효소왕 원년 당고승 도증법사가 창건 ,용문사(제13호),0616826169,,,전남광주통합특별시 여수시 화양면 용주리 1595 ,A,,,서기692,2014-01-06 09:25:44
6130000,5785000-005,1988-07-25,,영업/정상,,,,,,은적사,I,2026-07-01 14:20:24,전남광주통합특별시 여수시 돌산읍 돌산로 1168-58,,BBBB,,,01,고려 명종 2년 보조국사가 창건,은적사,0616441864,,,전남광주통합특별시 여수시 돌산읍 군내리 4 ,A,,,서기1172,2018-01-11 15:00:57
6130000,5785000-006,1988-07-25,,영업/정상,,,,,,석천사(제72호),I,2026-07-01 14:20:24,,,BBBB,,,01,"1195년 보조국사 창건
1599년 승군대장 옥형스님 중창",석천사(제72호),0616661770,,,전남광주통합특별시 여수시 덕충동 1830번지 ,A,,,서기1197,2005-10-19 10:45:56
6130000,5790000-001,1988-07-27,,영업/정상,,,,,,향림사,I,2026-07-01 14:20:24,전남광주통합특별시 순천시 조비길 36 (석현동),,BBBB,,,01,"신라 경문왕 5년에 도선국사에 의해서 창건
조선 현종10년에 중수
1966년 11월 대웅전을 현재의 위치로 옮기고 보수한 것으로 알려지나 어느 위치에서 옮겨졌는지는 자세히 알 수 없음",향림사,0617526380,,,전남광주통합특별시 순천시 석현동 230 ,A,,,743,2020-05-21 22:40:25
6130000,5790000-002,1988-07-27,,영업/정상,,,,,,송광사(제15호),I,2026-07-01 14:20:24,,,BBBB,,,01,"나말 혜림대사가 창건 길상사라 함
고려 명종 27년(1197) 보조국사가 정혜결사를 일으켜 크게 중창
고려 희종 원년 수선사로 부르다가 희종 4년(1208)에 송광사로 개칭
조선 헌종 8년에대화재 발생 조선 철종 7년에 중창. 48년 여순사건 및 51년 공비만행으로 대웅전 등 많은 건물 소실
84~88까지 8차 중창 불사",송광사(제15호),0617550107,,,전남광주통합특별시 순천시 송광면 신평리 ,A,,,신라말기,2020-03-10 15:17:04
6130000,5790000-003,1988-07-25,,영업/정상,,,,,,동화사,I,2026-07-01 14:20:24,전남광주통합특별시 순천시 별량면 동화사길 208,,BBBB,,,01,"고려시대 초기 대각국사가 창건하였으며 조선조 법흥대사가 향로전외 다수를 신창함
숙종 22년 (1696)에 법당 선승당,요사,정문루 등을 중건",동화사,0617434744,,,전남광주통합특별시 순천시 별량면 대룡리 282 ,A,,,서기1047,2020-04-08 14:48:30
6130000,5790000-004,1988-07-25,,영업/정상,,,,,,정혜사(제17호),I,2026-07-01 14:20:24,,,BBBB,,,01,"신라 경덕왕 때 보조국사가 건립하였다는 설이 있으나연대가 맞지않고 송광사 제6대 원감국사 문집에 자신의 스승인 혜초대사가 정혜사를 창건하였다는 기록이 있음
임진 및 정유양란 때 많은 피해를 입어 소찰로 변함
양란 이후 어느 시기에 다시 중창  오늘에 이름",정혜사(제17호),0617558484,,,전남광주통합특별시 순천시 서면 청소리 ,A,,,서기680,2020-06-22 20:29:14
6130000,5790000-005,1988-07-27,,영업/정상,,,,,,선암사,I,2026-07-01 14:20:24,,,BBBB,,,01,"배제성왕 7변 아도화상이 개산하여 비로암이라 하고 통일신라 말 도선국사가 중창하면서 오늘의 선암사라함.
정유재란으로 모두 전소되고 인조 22년(1644)부터 현종 1년(1660)까지 중창 불사가 이루어지고 19세기초에 대대적인 중창사업 마무리 됨",선암사,0617545247,,,전남광주통합특별시 순천시 승주읍 죽학리 82 ,A,,,서기529,2020-04-23 11:19:29
6130000,5790000-006,1988-10-05,,영업/정상,,,,,,흥륜사,I,2026-07-01 14:20:24,전남광주통합특별시 순천시 장대길 46 (조곡동),,BBBB,,,01,연혁 및 유래미상,흥륜사,0617447773,,,전남광주통합특별시 순천시 조곡동 278 ,A,,,조선시대 선종(임란전후),2008-07-07 09:45:48
6130000,5790000-007,1993-02-17,,영업/정상,,,,,,금둔사(제79호),I,2026-07-01 14:20:24,,,BBBB,,,01,"백제 위덕왕 30년 담혜조사가 창건
통일신라신문왕 2년(682) 의상대사가 중창
헌안왕 원년(857) 철감국사가 대대적인 불사 시작, 현 보물로 지정된 삼층석탑 및 석불비상을 조성
고려폐왕 11년(1385) 전수사로 개칭
1597년 정유재란시 완전폐허
1984년 현주지 지허스님이 일주문,약사전,선원,요사채,홍교복원,대웅전 중창",금둔사(제79호),0617542954,,,전남광주통합특별시 순천시 낙안면 상송리 3-2 ,A,,,서기583,2005-10-19 11:04:13
6130000,5790000-008,2004-01-19,,영업/정상,,,,,,도선암(제87호),I,2026-07-01 14:20:24,,,BBBB,,,01,조선시대 도선국사가 창건한 이래 여러차례 중수를 거쳐 현재에 이름,도선암(제87호),0617453500,,,전남광주통합특별시 순천시 상사면 비촌리 ,A,,,신라말,2016-05-09 15:13:56
6130000,5795000-001,1988-07-27,,영업/정상,,,,,,심향사(제3호),I,2026-07-01 14:20:24,,,BBBB,,,01,"고려광종2년(951) 신왕사라 창건
조선중기 이후 심향사라 개칭하여 현재에 이름",심향사(제3호),0613342880,,,전남광주통합특별시 나주시 대호동 ,A,,,신라말기,2011-06-10 11:20:11
6130000,5795000-002,1988-10-05,,영업/정상,,,,,,죽림사(제59호),I,2026-07-01 14:20:24,,,BBBB,,,01,"440년(눌지왕24) 고구려 아도화상이 종죽암으로 창건
이후 어느때인가 죽림사로 개칭",죽림사(제59호),0613311400,,,전남광주통합특별시 나주시 남평읍 풍림리 ,A,,,440,2020-01-14 10:41:05
6130000,5795000-003,1988-07-27,,영업/정상,,,,,,다보사,I,2026-07-01 14:20:24,전남광주통합특별시 나주시 금성산길 83 (경현동),,BBBB,,,01,"신라 문무왕 원년(674) 원효대사가 초창, 고려 명종 14년 보조국사가 2창하고 조선 선조 29년(1596) 청허선사가 3창
일제시대에는 고승의 수행처로 이름이 높았음",다보사,0613344201,,,전남광주통합특별시 나주시 경현동 629 ,A,,,674,2007-08-24 10:36:24
6130000,5795000-004,1988-07-27,,영업/정상,,,,,,불회사(제44호),I,2026-07-01 14:20:24,,,BBBB,,,01,"백제 침류왕 원년 마라난타가 개창
도선국사 2창, 원정국사 3창, 1789년 대화재로 소실된 후 1808년 이후 중건하면서 불호사를 불회사라 개칭",불회사(제44호),0613373440,,,전남광주통합특별시 나주시 다도면 마산리 999 ,A,,,서기384,2005-10-19 11:07:23
6130000,5795000-005,1988-10-05,,영업/정상,,,,,,미륵사(제51호),I,2026-07-01 14:20:24,,,BBBB,,,01,"진흥왕 5년(544) 연기조사가 창건
이후 임란때 소실된 후 현재와 같은 모습으로 전함",미륵사(제51호),0613313436,,,전남광주통합특별시 나주시 봉황면 철천리 산124-2 ,A,,,고려초,2005-11-16 23:15:05
6130000,5795000-006,1988-10-05,,영업/정상,,,,,,운흥사(제57호),I,2026-07-01 14:20:24,,,BBBB,,,01,"도선국사가 신라 헌강왕 12년(885) 능수사를 창건
이후 운흥사로 개칭. 한국동란 때 소실된 후 현재는 조그마한 사찰로 전함",운흥사(제57호),0613379108,,,전남광주통합특별시 나주시 다도면 암정리 972 ,A,,,서기1677,2005-10-19 11:11:01
6130000,5795000-007,1988-10-05,,영업/정상,,,,,,복암사,I,2026-07-01 14:20:24,전남광주통합특별시 나주시 다시면 가운길 145,,BBBB,,,01,654년 백제 의자왕때 창건한 후 여러 차례 중건 중수를 거쳐  현재 건물은 1992년에 건립,복암사,0613359071,,,전남광주통합특별시 나주시 다시면 가운리 419 ,A,,,신라 문무왕6,2014-11-11 14:17:33
6130000,5795000-008,2003-02-10,,영업/정상,,,,,,문성암(제81호),I,2026-07-01 14:20:24,,,BBBB,,,01,"창건연대에 관한 정확한 기록은 없지만 운흥사 산내암자였음
운흥사 사적기가 쓰여진 18시게 초반에는 운흥사 본사 경내에는 30여동의 당우가 있었고 20군데의 산내 암자를 거르니고 있었으며 당시의 문성암은 문수암으로 불리우다가 후에 문성암으로 개명하였음",문성암(제81호),0613370711,,,전남광주통합특별시 나주시 다도면 암정리 899-2 ,A,,,조선후기,2005-10-19 11:16:06
6130000,5795000-009,2004-01-19,,영업/정상,,,,,,태평사(제88호),I,2026-07-01 14:20:24,,,BBBB,,,01,"최초 창건연대는 미정이나 고려말기의 법륜사지로 추정
1942년 복원함",태평사(제88호),0613328270,,,전남광주통합특별시 나주시 노안면 영평리 37-1 ,A,,,서기1949,2005-10-19 11:16:58
6130000,5800000-001,1988-10-05,,영업/정상,,,,,,백운사(63호),I,2026-07-01 14:20:24,,,BBBB,,,01,"신라시대에 창건한 것으로 전함
1819년 불에 탄 것을 1914년 눌암손치현이 사재로 재건
선암사 주지 정귀언이 옛 송천사터에 백운암을 짓고 하백운암이라 했음
1948년 여순사건시 상하백운암이 모두 소실되었으나 1963년 소구산이 재건",백운사(63호),0617624520,,,전남광주통합특별시 광양시 옥룡면 동곡리 ,A,,,신라시대,2020-06-22 20:21:09
6130000,5800000-002,1988-10-05,,영업/정상,,,,,,보광사(제64호),I,2026-07-01 14:20:24,,,BBBB,,,01,송광사 말사이며 1933년에 창건한 보광사는 과양포교당을 겸하고 있음,보광사(제64호),0617631192,,,전남광주통합특별시 광양시 광양읍 칠성리 936-2 ,A,,,서기1932,2005-10-19 11:22:03
6130000,5805000-001,1988-09-23,,영업/정상,,,,,,원각사,I,2026-07-01 14:20:24,,,BBBB,,,01,,원각사,0622233168,,,전남광주통합특별시 동구 금남로4가 51 ,A,,,1914,2007-02-12 09:38:49
6130000,5805000-002,1968-11-01,,영업/정상,,,,,,약사사,I,2026-07-01 14:20:24,,,BBBB,,,01,,약사사,0622229844,,,전남광주통합특별시 동구 운림동 11 ,A,,,,2007-02-12 09:40:53
6130000,5805000-004,1968-11-01,,영업/정상,,,,,,증심사,I,2026-07-01 14:20:24,전남광주통합특별시 동구 증심사길 177 (운림동),,BBBB,,,01,,증심사,0622260107,,,전남광주통합특별시 동구 운림동 56 ,A,,,860,2011-10-31 09:38:57
6130000,5820000-001,1988-09-23,,영업/정상,,,,,,신광사,I,2026-07-01 14:20:24,,,BBBB,,,01,,신광사,0622611529,,,전남광주통합특별시 북구 두암동 193 ,A,,,1933,2007-02-12 09:44:29
6130000,5820000-002,1988-07-01,,영업/정상,,,,,,원효사,I,2026-07-01 14:20:24,,,BBBB,,,01,,원효사,0622660326,,,전남광주통합특별시 북구 금곡동 846 ,A,,,655,2007-02-12 09:46:11
6130000,5830000-001,1988-10-05,,영업/정상,,,,,,용흥사(제53호),I,2026-07-01 14:20:24,,,BBBB,,,01,"초창은 미상
영조대왕의 자모 최복순 궁녀가 이절에서 기도하여 영조대왕이 탄생하였다고 전해옴.",용흥사(제53호),0618438488,,,전남광주통합특별시 담양군 월산면 용흥리 ,A,,,서기1309,2013-02-07 11:37:34
6130000,5830000-002,1988-10-05,,영업/정상,,,,,,보리암,I,2026-07-01 14:20:24,,,BBBB,,,01,고려시대 보조국사가 기도의 적지로 삼고 창건하였다고 전해짐,보리암,0618438488,,,전남광주통합특별시 담양군 용면 월계리 산 81 ,A,,,서기1188,2017-11-23 13:15:55
6130000,5830000-003,1992-01-27,,영업/정상,,,,,,용추사(제78호),I,2026-07-01 14:20:24,,,BBBB,,,01,"신라 법흥왕 13년(526)에 혜총, 혜증 양선사가 창건하였다 함
무왕25년(624)에 원광대사가 중창, 임진왜란 후 소요스님이 인조 8년에 중창",용추사(제78호),0618438488,,,전남광주통합특별시 담양군 용면 용연리 ,A,,,,2020-06-22 20:25:26
6130000,5830000-004,2003-02-20,,영업/정상,,,,,,보광사(제82호),I,2026-07-01 14:20:24,,,BBBB,,,01,"1905년 도광스님의 부친 김기춘 거사께서 고향인 이곳 황대산에 수행처로 보광사를 창건
사찰이 퇴락하자 1942년 도광, 도천 두선사가 선친의 유지를 받들어 보광사를 중창",보광사(제82호),0618438488,,,전남광주통합특별시 담양군 금성면 외추리 ,A,,,1905,2019-07-17 13:57:39
6130000,5830000-005,2004-01-19,,영업/정상,,,,,,용화사(제89호),I,2026-07-01 14:20:24,,,BBBB,,,01,1934년 백양사 포교당으로 묵담대선사가 창건함,용화사(제89호),0613812683,,,전남광주통합특별시 담양군 담양읍 남산리 106 ,A,,,서기1934.4.8,2005-10-19 11:24:54
6130000,5835000-001,1988-07-27,,영업/정상,,,,,,도림사(제6호),I,2026-07-01 14:20:24,,,BBBB,,,01,"신라 진평왕 582년경 신덕왕후가 이절에 와서 신덕사를 창건
신라 무열왕 7년 원효대사가 도림사로 개칭",도림사(제6호),0613622727,,,전남광주통합특별시 곡성군 곡성읍 월봉리 327 ,A,,,고려초,2005-10-19 11:27:39
6130000,5835000-002,1988-07-27,,영업/정상,,,,,,관음사(제7호),I,2026-07-01 14:20:24,,,BBBB,,,01,백제 분서왕 3년 성덕보살이 벌교에서 금동관세음보살상을 봉안하기 위하여 창건함,관음사(제7호),0613624433,,,전남광주통합특별시 곡성군 오곡면 ,A,,,312,2011-09-09 11:26:09
6130000,5835000-003,1988-07-27,,영업/정상,,,,,,수도암,I,2026-07-01 14:20:24,전남광주통합특별시 곡성군 옥과면 설옥길 81-158,,BBBB,,,01,"신라 설두화상이 짚고 온 지팡이가 자란 것으로 구전되는 매화,잣나무가 있음",수도암,0613625716,,,전남광주통합특별시 곡성군 옥과면 설옥리 613 ,A,,,1928,2009-03-26 14:09:02
6130000,5835000-004,1988-10-05,,영업/정상,,,,,,태안사,I,2026-07-01 14:20:24,전남광주통합특별시 곡성군 죽곡면 태안로 622-215,,BBBB,,,01,신라 구산선문중의 하나로 신라 경문왕 원년 가허삼립 신승이 창건,태안사,0613634441,,,전남광주통합특별시 곡성군 죽곡면 원달리 20 ,A,,,신라 정문왕,2015-03-03 14:02:01
6130000,5835000-005,1988-10-05,,영업/정상,,,,,,서산사(제62호),I,2026-07-01 14:20:24,,,BBBB,,,01,"정진태,수태,귀태,삼형제가 선친정일택 자당 명복을 기리기 위헤 지음",서산사(제62호),0613632459,,,전남광주통합특별시 곡성군 곡성읍 교촌리 ,A,,,서기1935,2014-02-05 16:22:41
6130000,5840000-001,1988-07-27,,영업/정상,,,,,,화엄사(제9호),I,2026-07-01 14:20:24,전남광주통합특별시 구례군 마산면 화엄사로 539,,BBBB,,,01,"신라 진흥왕 5년에 연기조사 창건
선덕여왕 12년(643)에 자장율사가 증축
조선 선조 25년 임진왜란으로 불타버리고 인조 8년(1630)에 현암선사가 중건",화엄사(제9호),0617827600,,,전남광주통합특별시 구례군 마산면 황전리 ,A,,,544,2017-06-08 16:42:07
6130000,5840000-002,1988-07-27,,영업/정상,,,,,,연곡사(제10호),I,2026-07-01 14:20:24,,,BBBB,,,01,"신라 진흥왕 4년에 화엄종조인 연기조사가 창건
임진왜란으로 소실되고 인조때 태능조사가 중건하였는데 강희 4년 전소되었으나 1965년에 대웅전을 중건하였음",연곡사(제10호),0617827412,,,전남광주통합특별시 구례군 토지면 내동리 ,A,,,543,2014-06-25 09:02:03
6130000,5840000-005,2005-01-27,,영업/정상,,,,,,죽림정사(제93호),I,2026-07-01 14:20:24,,,BBBB,,,01,,죽림정사(제93호),0617821225,,,전남광주통합특별시 구례군 용방면 죽정리 841 ,A,,,조선후기,2005-10-18 10:51:49
6130000,5840000-006,2005-01-27,,영업/정상,,,,,,백련사(제94호),I,2026-07-01 14:20:24,,,BBBB,,,01,,백련사(제94호),0617827572,,,전남광주통합특별시 구례군 구례읍 산성리 495 ,A,,,조선후기,2005-10-18 10:52:30
6130000,5845000-001,1988-07-27,,영업/정상,,,,,,금탑사(제19호),I,2026-07-01 14:20:24,,,BBBB,,,01,"원효대사가 창건
조선 선조 정유재란 때 병화 후 선조 30년 옥순대사가 중건",금탑사(제19호),0618438488,,,전남광주통합특별시 고흥군 포두면 봉림리 700 ,A,,,서기1604,2005-11-08 13:12:53
6130000,5845000-002,1988-07-27,,영업/정상,,,,,,수도암(제20호),I,2026-07-01 14:20:24,,,BBBB,,,01,700여년전 고려중기 도화선사가 운암산 중복에 자리잡아 재건,수도암(제20호),0618438488,,,전남광주통합특별시 고흥군 두원면 운대리 ,A,,,고려중기,2018-10-10 17:29:10
6130000,5845000-003,1988-07-27,,영업/정상,,,,,,능가사(제21호),I,2026-07-01 14:20:24,,,BBBB,,,01,눌지왕 1년 아도화상이 창건하였다고 전함,능가사(제21호),0618438488,,,전남광주통합특별시 고흥군 점암면 성기리 369 ,A,,,서기420,2005-11-08 18:28:01
6260000,6260000-002,1988-12-15,,영업/정상,,,,,,법륜사,I,2025-12-15 16:15:28,,,BBBB,2,2000,01,조계종 제14교구 본사 범어사에서 교육과 포교를 위하여 1908년 동래포교당이라 칭하여 설립.,법륜사,0515537771,,,부산광역시 동래구 칠산동 239-2 ,A,,,1908,2005-11-21 13:20:49
6260000,6260000-003,1989-03-02,,영업/정상,,,,,,성암사,I,2025-12-15 16:15:28,,,BBBB,2,200,01,1911년 창건하고 1978년에 중수함,성암사,0516353744,,,부산광역시 남구 문현동 74-1번지 ,A,,,1911,2005-11-18 15:28:47
6260000,6260000-004,1988-12-05,,영업/정상,,,,,,금용암,I,2025-12-15 16:15:28,,,BBBB,7,500,01,조선말(1852년) 점술가 노인이 이곳에 오두막을 지어 이를 지왕당이라하고 마당에 포구나무를 심고 살았으며 사람들이 이 노인을 찾아와 소원을 말하면 신통력으로 정확히 점괘를 알려주어 소원 성취를 함으로서 유명해졌다고 함.,금용암,0515016300,,,부산광역시 연제구 거제동 ,A,,,1852,2013-03-19 09:26:38
6260000,6260000-005,1989-04-04,,영업/정상,,,,,,미륵사,I,2025-12-15 16:15:28,,,BBBB,2,500,01,신라시대 의상대사가 범어사 창건시에 암자로 건립하여 몇차례 중수하여 현재에 이름. ,미륵사,0515084707,,,부산광역시 금정구 금성동 산 1-1 번지 ,A,,,659,2020-09-24 11:10:42
6260000,6260000-006,1988-06-10,,영업/정상,,,,,,장안사,I,2025-12-15 16:15:28,부산광역시 기장군 장안읍 장안로 482,,BBBB,3,500,01,"신라 문무왕 13년에 원효대사가 창건하여 쌍계사라고 했다가 애장왕때 장안사라 개칭하였다고 함.


1592년 임진왜란으로불탄 것을 1631년 태의대사가 중건하였고 1941년 각현스님이 중건하였다고 함.",장안사,0517272393,402850.018117378    ,210629.045338646    ,부산광역시 기장군 장안읍 장안리 598 ,A,,,673,2012-01-05 11:41:33
6260000,6260000-007,1989-05-03,,영업/정상,,,,,,금정사,I,2025-12-15 16:15:28,부산광역시 동래구 우장춘로 157-58 (온천동),,BBBB,4,300,01,1920년 창건,금정사,0515551208,388841.715231146    ,193288.271979788    ,부산광역시 동래구 온천동 ,A,,,1929,2014-08-27 21:31:52
6260000,6260000-008,1988-12-13,,영업/정상,,,,,,불곡암,I,2025-12-15 16:15:28,부산광역시 남구 유엔평화로66번길 18 (대연동),,BBBB,1,50,01,서기 1912년 산정에 미륵불이 좌정해 있는 것을 발견한 대우스님이 부처님의 계시인 것을 알고 이곳에 절을 창건. ,불곡암,0516247644,390618.790773696    ,183044.364657129    ,부산광역시 남구 대연동 949-14 ,A,,,1912,2013-12-20 17:22:51
6260000,6260000-009,1988-12-29,,영업/정상,,,,,,정수암,I,2025-12-15 16:15:28,"부산광역시 금정구 북문로 160, 00동 00층 00호 (금성동,정수암)",,BBBB,1,100,01,조선중기 진목대사가 창건.,정수암,0515175300,386348.848243151    ,197602.46424356     ,부산광역시 금정구 금성동 5 정수암 ,A,,,1700,2017-03-27 15:15:11
6260000,6260000-010,1997-02-13,,영업/정상,,,,,,혜원정사,I,2025-12-15 16:15:28,,,BBBB,8,20000,01,"1925년 절터가 발견되어 불당이 지어져 내려오다가, 1975년고산대화상이 사찰을 건립하기 시작하여 20여년만에 대웅전 등을 연차적으로 건립함.",혜원정사,0518667771,,,부산직할시 동래구 연산4동 1113-1 ,A,,,1975,2005-11-17 20:12:07
6260000,6260000-011,1988-11-30,,영업/정상,,,,,,감천사,I,2025-12-15 16:15:28,,,BBBB,7,3000,01,한발이 심할때 이곳 암자에서 솟는 물은 마르지 않아 식수로 이용하였다고 하며 물맛이 달아 감천이라 하였고 이곳에 조그만 암자를 건립하였다고 하며 1936년 감천암이라 칭함.,감천사,0518526904,,,부산직할시 동래구 연산4동 ,A,,,1931,2025-08-01 09:26:01
6260000,3400000-001,2018-01-17,,영업/정상,,,,,,해광사,I,2025-12-15 16:15:28,부산광역시 기장군 기장읍 기장해안로 340,,BBBB,2,500,01,,해광사,0517213167,402605.973359437    ,191879.853979145    ,부산광역시 기장군 기장읍 연화리 473 - 1 ,A,,,1960,2018-01-23 00:00:00
6260000,6260000-012,1988-12-05,,영업/정상,,,,,,약수암,I,2025-12-15 16:15:28,,,BBBB,2,300,01,1880년 김경파스님이 창건.,약수암,0513037586,,,부산광역시 사상구 덕포동 ,A,,,1880,2011-06-08 10:44:27
6260000,6260000-013,1988-12-05,,영업/정상,,,,,,선광사(仙光寺),I,2025-12-15 16:15:28,부산광역시 사상구 백양대로804번길 42-123 (덕포동),,BBBB,4,1200,01,1880년 창건되어 1929년 유명심화보살이 중수하여 현재에 이름.,선광사(仙光寺),0513034848,381711.828756561    ,188255.271363719    ,부산광역시 사상구 덕포동 21 - 2 ,A,,,1880,2011-04-22 17:10:55
6260000,6260000-014,1988-12-05,,영업/정상,,,,,,영주암,I,2025-12-15 16:15:28,,,BBBB,4,350,01,1540년 조선시대 창건. 1940년 복원.,영주암,0517542210,,,부산직할시 남구 망미1동 950번지 ,A,,,1540,2005-11-18 15:59:17
6260000,6260000-015,1989-03-15,,영업/정상,,,,,,청량사,I,2025-12-15 16:15:28,,,BBBB,1,700,01,1918년 창건.,청량사,0512712774,,,부산광역시 강서구 명지동 445번지 ,A,,,1918,2005-11-17 19:59:46
6260000,6260000-016,1988-07-19,,영업/정상,,,,,,마하사,I,2025-12-15 16:15:28,부산광역시 연제구 봉수로 138 (연산동),,BBBB,5,500,01,아도화상이 창건하였다고 전하며 근거는 없으나 일설에 의하면 아도화상이 경북 선산군 도리사를 창건하고 10년후쯤 마하사를 창건하였다고하므로 531년 경에 창건된 것으로 추정됨. ,마하사,0518522436,390128.227726181    ,186932.124887167    ,부산광역시 연제구 연산동 2039 ,A,,,531,2025-03-07 15:35:50
6260000,6260000-017,1988-07-19,,영업/정상,,,,,,연등사,I,2025-12-15 16:15:28,"부산광역시 동구 좌천동로 17-3, 1동 1층 1호 (좌천동,연등사)",,BBBB,3,1200,01,정확한 창건연대는 알 수 없으나 지금부터 약 140여년 전에 팔금산 정기가 맺힌 곳이라하여 어느 고승이 초암을 지어 포교활동을 시작한 것으로 전해지며 1882년 덕산스님이 주지로 취임하여 현재의 대웅전과 삼성각 요산선원을 지어 연등사라 칭하고 본격적인 포교활동을 하였음.,연등사,0516320546,386687.354258284    ,183466.202880166    ,부산광역시 동구 좌천동 ,A,,,연대미상,2025-07-10 09:14:15
6260000,6260000-018,1988-07-19,,영업/정상,,,,,,운수사,I,2025-12-15 16:15:28,부산광역시 사상구 모라로219번길 173 (모라동),,BBBB,3,1500,01,구전에 의하면 가락국때 창건되었다고 하고 다른 설에 의하면 원효대사가 부산진구 소재 선암사를 짓고 산을 넘어와 운수사를 지었는데 임란때 소실되었다가 1660년 경 중건되었다 하나 믿을 만한 증거는 없음.,운수사,0513175672,383324.440508292    ,189095.962267451    ,부산광역시 사상구 모라동 ,A,,,675,2014-09-02 14:57:48
6260000,6260000-019,1998-10-17,,영업/정상,,,,,,옥련선원,I,2025-12-15 16:15:28,부산광역시 수영구 광남로257번길 58 (민락동),,BBBB,15,9000,01,"삼국시대 원효대사에 의해 창건되었던 백산사가 그 효사라고 구전으로 전해내려 오고 있음.


현재 옥련암은 1935년 중건되었다가 1976년 대웅전을 시작으로 불사가 이루어졌고 옥련선원으로 개칭함. ",옥련선원,0517579066,393597.836305646    ,186864.431462704    ,부산광역시 수영구 민락동 327-2번지 ,A,,,삼국,2011-10-30 15:05:38
6260000,6260000-020,1988-07-19,,영업/정상,,,,,,범어사,I,2025-12-15 16:15:28,부산광역시 금정구 범어사로 250 (청룡동),,BBBB,,,01,문무왕 18년(678) 의상스님이 건립한 것으로 추정하고 있으며 선조 25년(1592) 임진왜란으로 재해를 입었다가 선조 35년 재건하였으나 소실되고 광해군 5년(1613)중건하여 오늘에 이름.,범어사,0515083127,388128.926433953    ,200280.928194332    ,부산광역시 금정구 청룡동 546 ,A,,,679,2016-04-26 19:26:01
6260000,6260000-021,1988-07-19,,영업/정상,,,,,,선암사,I,2026-01-31 21:01:30,,,BBBB,8,1500,01,"신라 문무왕 15년 원효대사가 창건하여 견강사라 하였다가 768년에 선암사라 부르게 되었다. 


1581년 4차에 걸쳐 중수하였고 1868년 동운, 신겸 두 스님이 중건하였음. ",선암사,0518037573,,,부산직할시 부산진구 부암3동 ,A,,,674,2026-01-30 16:36:45
6260000,6260000-022,1988-06-10,,영업/정상,,,,,,척판암,I,2025-12-15 16:15:28,,,BBBB,,,01,원효대사가 현재의 불공산 바위 틈에 부처를 모시고 수도중이었고 그위치를 절을 지어 척판암이라고 함.,척판암,0517273547,,,부산광역시 기장군 장안읍 장안리 산53-1 ,A,,,659,2005-11-21 11:29:27
6260000,6260000-023,1988-12-05,,영업/정상,,,,,,금수사,I,2025-12-15 16:15:28,부산광역시 동구 망양로 533-1 (초량동),,BBBB,,,01,,금수사,0514673316,384968.052973518    ,182004.720236456    ,부산광역시 동구 초량동 843 ,A,,,1910,2017-03-27 15:23:26
6260000,6260000-024,1988-07-19,,영업/정상,,,,,,광명사,I,2025-12-15 16:15:28,,,BBBB,,,01,월당 노스님이 지나다 물맛이 특이해서 토굴을 지어 기거하다가 1962년 동사찰을 범어사에 기증.,광명사,0516460843,,,부산광역시 부산진구 범천동 1534-1번지 ,A,,,1920,2005-11-18 16:55:58
6260000,6260000-025,1988-06-10,,영업/정상,,,,,,안적사,I,2025-12-15 16:15:28,,,BBBB,,,01,신라 문무왕 2년(569년) 화엄종조인원효대사가 창건하였고 임진왜란으로 전소된 것을 묘전화상이 복원함.,안적사,0515433400,,,부산광역시 기장군 기장읍 내리 692번지 ,A,,,569,2005-11-22 11:41:24
6260000,6260000-026,1988-10-19,,영업/정상,,,,,,월명사,I,2025-12-15 16:15:28,,,BBBB,,,01,지금으로 부터 100여년 전 범어사에서 수도하시던 김법성 선사가 이곳으로 와서 중건하여 수양도량 창건.,월명사,0517210123,,,부산광역시 기장군 일광면 횡계리 산28-1번지 ,A,,,연대미상,2005-11-21 11:30:38
6260000,6260000-027,2008-01-15,,영업/정상,,,,,,묘관음사,I,2025-12-15 16:15:28,부산광역시 기장군 장안읍 해맞이로 253-38,,BBBB,,,01,,묘관음사,,405992.351024014    ,205000.348340729    ,부산광역시 기장군 장안읍 임랑리 15 묘관음사 ,,,,1943,2019-05-03 15:34:53
6260000,6260000-030,2009-01-30,,영업/정상,,,,,,복천사,I,2025-12-15 16:15:28,부산광역시 영도구 산정길 41 (신선동3가),,BBBB,,,01,,복천사,,386887.657786975    ,177898.255878769    ,부산광역시 영도구 신선동3가 산 6 ,,,,,2024-10-17 17:13:26
6260000,6260000-031,2015-01-22,,영업/정상,,,,,,해운정사,I,2025-12-15 16:15:28,부산광역시 해운대구 우동2로 40-6 (우동),,BBBB,22,17000,01,,해운정사,0517462256,396640.154618759    ,187593.974378418    ,부산광역시 해운대구 우동 410 ,,,,1971,2015-02-16 10:48:18
6260000,6260000-032,2017-01-11,,영업/정상,,,,,,고불사,I,2025-12-15 16:15:28,부산광역시 기장군 철마면 고촌로28번길 77,,BBBB,3,500,01,,고불사,0517212927,397418.331356015    ,196178.679041943    ,부산광역시 기장군 철마면 고촌리 319 ,A,,,1944,2017-01-04 14:47:41
6260000,6260000-033,2020-08-13,,영업/정상,,,,,,정수암,I,2025-12-15 16:15:28,"부산광역시 금정구 북문로 160-0, 0동 (금성동,정수암)",,BBBB,,,01,,정수암,0515175300,386348.848243151    ,197602.46424356     ,부산광역시 금정구 금성동 5 - 0 정수암 0호,,,,,2020-08-13 00:00:00
6260000,6260000-034,2023-02-06,,영업/정상,,,,,,옥정사,I,2025-12-15 16:15:28,부산광역시 기장군 일광읍 달음길 101-0 (옥정사),,BBBB,3,1193,01,,옥정사,,402040.487429124    ,203600.649212069    ,부산광역시 기장군 일광읍 원리 705 - 11 ,A,,,1980,2023-02-06 00:00:00
6260000,6260000-035,2023-02-06,,영업/정상,,,,,,해동용궁사,I,2025-12-15 16:15:28,부산광역시 기장군 기장읍 용궁길 86-0 (해동용궁사),,BBBB,5,,01,,해동용궁사,,402433.284322473    ,189941.509634098    ,부산광역시 기장군 기장읍 시랑리 416 - 3 ,A,,,1930,2023-02-06 00:00:00
6260000,3260000-001,2009-01-22,,영업/정상,,,,,,내원정사,I,2025-12-15 16:15:28,부산광역시 서구 엄광산로40번길 121-22 (서대신동3가),,BBBB,,,01,,내원정사,,383285.989091589    ,182915.814585857    ,부산광역시 서구 서대신동3가 산 3 ,A,,,1972,2025-05-07 17:01:29
6260000,3330000-003,2015-01-22,,영업/정상,,,,,,인지사,I,2025-12-15 16:15:28,부산광역시 해운대구 재반로282번길 113 (반여동),,BBBB,3,1450,01,,인지사,0517830876,394507.720318238    ,191266.971684702    ,부산광역시 해운대구 반여동 1575 - 62 ,,,,1975,2016-05-09 16:25:45
6260000,3350000-001,1989-03-15,,영업/정상,,,,,,국청사,I,2025-12-15 16:15:28,"부산광역시 금정구 북문로 42-0, 1동 1층 1호 (금성동,국청사)",,BBBB,3,2000,01,신라시대 의상대사가 범어사 창건시에 암자로 건립하였다고 하나 기록은 없으며 현재 건물은 조선중기 우랑선사에 의하여 건립.,국청사,0515175003,386948.250409725    ,196868.805187358    ,부산광역시 금정구 금성동 ,A,,,1662,2025-07-17 17:03:01
6260000,6260000-001,1988-12-30,,영업/정상,,,,,,묘심사,I,2025-12-15 16:15:28,,,BBBB,10,200,01,"정확한 기원은 전해지지 않으며 지금부터 약 200여년전에 창건되었으며, 일제시대때에는 일본스님이 주지로 있으면서 석조물인 지장보살상과 범종을 조성하였고, 대웅전을 중수하였음.",묘심사,0514672390,,,부산광역시 동구 수정동 1174-8번지 ,A,,,1888,2005-11-18 15:28:04
6270000,3420000-006,1988-07-28,,영업/정상,,,,,,관암사,I,2025-12-15 16:15:28,,,BBBB,,,01,신라고찰터에 전 종정 백암스님이 1962년 기도중 본 사찰을 복원함.  ,관암사,0539820505,356116.380180229    ,276567.038969836    ,대구광역시 동구 능성동 산 1 - 2 ,A,,,1962(중수),2012-12-13 10:15:29
6270000,3420000-004,1988-07-28,,영업/정상,,,,,,부인사,I,2025-12-15 16:15:28,대구광역시 동구 팔공산로 967-28 (신무동),,BBBB,,,01,신라 선덕여왕(632~647)이 팔공도인으로 부터 이 자리에 호국대가람을 창건할 것을 계시받고 창건.  ,부인사,0539825006,350755.990556293    ,278514.970334409    ,대구광역시 동구 신무동 356 - 1 ,A,,,신라시대,2012-12-13 10:19:18
6270000,3420000-003,1988-07-28,,영업/정상,,,,,,북지장사,I,2025-12-15 16:15:28,대구광역시 동구 도장길 243 (도학동),,BBBB,,,01,고려명종 22년 보조국사 지눌이 창건한 것으로 전해짐. ,북지장사,0539820511,354570.520602343    ,276486.005139972    ,대구광역시 동구 도학동 620 ,A,,,1192,2015-11-05 19:28:34
6270000,3420000-002,1988-07-28,,영업/정상,,,,,,동화사,I,2025-12-15 16:15:28,대구광역시 동구 동화사1길 1 (도학동),,BBBB,,,01,493년 극달화상이 창건하고 유가사라 하였으며 그 후 신라42대 832년 신지왕사가 중창하고 겨울에 오동나무 꽃이 상서롭게 피어 동화사라 이름을 고쳤다.  ,동화사,0539820101,353559.370847129    ,278336.223851661    ,대구광역시 동구 도학동 35 ,A,,,493,2020-05-18 09:43:20
6270000,3420000-001,1988-09-13,,영업/정상,,,,,,관음사,I,2025-12-15 16:15:28,대구광역시 동구 둔산로 535 (도동),,BBBB,,,01,신라문무왕 670년 의상대사가 창건  ,관음사,0539849940,350157.187813659    ,270023.293347098    ,대구광역시 동구 도동 672 ,A,,,670,2015-04-03 10:18:45
6270000,3410000-001,1993-02-02,,영업/정상,,,,,,대성사,I,2025-12-15 16:15:28,대구광역시 중구 북성로 19-1 (서야동),,BBBB,,,01,1922년 3월에 창건된 것으로 추정되며 창건자 및 유래는 미상임.  ,대성사,0532569651,343018.505397128    ,264890.836446056    ,대구광역시 중구 서야동 1 - 1 ,A,,,1922,2012-12-13 10:20:32
6270000,6270000-002,2024-09-19,,영업/정상,,,,,,성주사,I,2025-12-15 16:15:28,"대구광역시 달성군 다사읍 서재로 200-0, 1동 (성주사)",,BBBB,,,01,,성주사,0535850450,335416.918375722    ,265590.34391621     ,대구광역시 달성군 다사읍 서재리 1 - 8 성주사 1동 ,,,,1950,2024-09-19 00:00:00
6270000,6270000-001,2022-01-06,,영업/정상,,,,,,서봉사,I,2025-12-15 16:15:28,"대구광역시 남구 명덕로54길 34-0 (이천동,서봉사)",,BBBB,4,1200,01,,서봉사,,344223.992292203    ,262722.760663608    ,대구광역시 남구 이천동 439 - 2 서봉사 ,,,,1920,2022-01-06 00:00:00
6270000,5141000-007,1988-07-21,,영업/정상,,,,,,석굴암,I,2025-12-15 16:15:28,대구광역시 군위군 부계면 남산4길 24,,BBBB,,,01,,석굴암,,347758.342725128    ,284269.087581095    ,대구광역시 군위군 부계면 남산리 297 ,A,,,,2025-07-17 08:14:42
6270000,3420000-005,1988-07-28,,영업/정상,,,,,,파계사,I,2025-12-15 16:15:28,대구광역시 동구 파계로 741 (중대동),,BBBB,,,01,신라 애장왕 5년 심지왕사가 창건하고 그 후 조선 선조 때 임진왜란으로 소실된 원통전을 1605년 계관법사가 중건하였으며 1695년 현웅조사가 다시 고쳐 오늘에 이르고 있음. ,파계사,0539844550,347843.237936958    ,279147.544284792    ,대구광역시 동구 중대동 7 ,A,,,804,2020-03-31 15:17:03
6270000,3420000-007,2023-01-10,,영업/정상,,,,,,정법사,I,2025-12-15 16:15:28,대구광역시 동구 동북로 397-0 (신암동),,BBBB,3,500,01,,정법사,,347242.705121027    ,266445.627003257    ,대구광역시 동구 신암동 45 - 5 ,,,,1960,2023-01-10 00:00:00
6270000,3440000-001,1988-08-19,,영업/정상,,,,,,안일사,I,2025-12-15 16:15:28,대구광역시 남구 앞산순환로 440 (대명동),,BBBB,4,6000,01,옛날에 어느 임금이 길가다가 물좋고 정자 좋은곳이라 앉아서 쉬어간자리라 해서 안일사라 명하였다고 함 ,안일사,0536650225,342290.305769355    ,259308.722436363    ,대구광역시 남구 대명동 산 225 ,A,,,927,2019-03-12 09:43:32
6270000,3440000-002,1988-09-13,,영업/정상,,,,,,은적사,I,2025-12-15 16:15:28,대구광역시 남구 앞산순환로 574-120 (봉덕동),,BBBB,,,01,"서기926년 신라55대 경애왕 3년 고려태조 8년에 창건한 유서 깊은 고찰로서 많은 불자들에게 영험삼찰로 이름이 나 있는 절이다. 
후삼국말 후백제의 견훤이 신라를 침공, 국운이 위태로워 지자 경애왕이 왕건에게 도움을 청하나 왕건이 견훤에게 대패 한후 이곳에서 피신하여 생명을 구한 인연으로 후일 영조대사에게 발원하여 은적사를 창건하게 됨",은적사,0536531572,343579.525206675    ,259328.124765097    ,대구광역시 남구 봉덕동 1572 ,A,,,926,2006-12-08 10:27:16
6270000,3440000-003,1988-05-28,,영업/정상,,,,,,법장사,I,2025-12-15 16:15:28,대구광역시 남구 고산3길 96-4 (봉덕동),,BBBB,,,01,"신라말 어느 임금이 왕자가 없음을 근심하여 고산사를 창건하여 기도도량으로 기도후 두 왕자를 탄생한 기념으로 3층 석탑을 건립. 임진왜란으로 고산사는 불타버리고 석탑만 남아있음.

1961년경 폐허가 된 절터위에 불자들에 의해 석탑을 재건하고 범당과 승방을 건립하여 법장사로 개칭",법장사,0534710414,344232.429014652    ,259296.038620833    ,대구광역시 남구 봉덕동 산 148 ,A,,,연대미상(신라말추정),2009-01-06 10:58:10
6270000,3470000-001,1988-07-21,,영업/정상,,,,,,임휴사,I,2025-12-15 16:15:28,대구광역시 달서구 앞산순환로 12-25 (상인동),,BBBB,4,3500,01,월배달비골 대덕산 중턱에 있으며 신라54대 경명왕 5년에 영조선사가 창건. 고려태조 왕건이 팔공산에서 견훤과 싸움에서 대패하여 반야원과 안일암을 거쳐 이곳에서 쉬어 갔다함. ,임휴사,0536324844,340972.072821381    ,257793.023578442    ,대구광역시 달서구 상인동 ,A,,,921,2025-09-08 09:36:00
6270000,3480000-001,1988-07-21,,영업/정상,,,,,,남지장사,I,2025-12-15 16:15:28,대구광역시 달성군 가창면 남지장사길 127,,BBBB,,,01,"신라 문무왕때 양개조사가 창건. 당시에는 대웅전, 극락전, 명부전, 만세루, 사천왕문 등과 8동의 암자가 있어 규모가 컸다고 함.
고려 충숙왕 복위 2년(1333) 왕사인 보각국사가 중수하였으며 조선시대 고승 무학대가사 수도하였고 임진왜란때에는 사명대사가 승병들의 훈련장으로 사용했으나 병화로 소실되었다. 그 후 효종4년(1653년)부터 영조 45년까지 인혜, 모계, 지월대사 등이 재건 및 중수하였음.
이 남지장사에 대해서 북지장사가 팔공산 동화사 부근",남지장사,0537687373,347429.163283181    ,249504.706289666    ,대구광역시 달성군 가창면 우록리 ,A,,,684,2016-07-12 15:00:45
6270000,3480000-002,1988-07-21,,영업/정상,,,,,,운흥사,I,2025-12-15 16:15:28,대구광역시 달성군 가창면 헐티로 1068,,BBBB,,,01,"정확한 창건 연혁은 전해지지 않고 있으나 조선 광해군 12년(1620년)에 무념스님이 중건하였고 영조 27년(1757)에 치화스님이 다시 재건하였다고 전해지고 있음. 
첫 이름은 동림사였으나 수암사라고도 불리었으며 외말사가 되면서 운흥사로 불리게 되었음.",운흥사,0537673883,344870.203207296    ,254464.698413919    ,대구광역시 달성군 가창면 오리 151 ,A,,,826,2017-10-11 19:27:10
6270000,3480000-003,1988-10-21,,영업/정상,,,,,,화장사,I,2025-12-15 16:15:28,,,BBBB,,,01,"1525년에 김보연이 부처님의 계시를 받아 동화사 화원포교당으로 삼았다가 화장사로 했음. 꿈속에서 나타난  노인이 김보연에게 어느 산밑에 돌 일곱개가 있는데 제일 끝에 있는 돌 근처에 절을 지으라고 일러주어 그곳에 지체없이 절을 지어 열심히 불공을 올리며 일생을 보냈으며 죽은후 일곱개의 사리가 나왔다고 함. 
화장이란 화장세계를 뜻하며 극락세계란 의미이다. 건물규모는 원통전 정면 3칸 측면2칸 팔작지붕으로 되어있음. ",화장사,0536325516,,,대구광역시 달성군 화원읍 천내리 ,A,,,1525,2017-11-07 14:10:03
6270000,3480000-004,1988-12-07,,영업/정상,,,,,,용문사,I,2025-12-15 16:15:28,대구광역시 달성군 화원읍 화원휴양림길 132,,BBBB,,,01,"즐비하게 흩어져 있는 기와편이나 주위에 심어지 감나무, 추자나무의 연륜으로 보아 인흥사와도 관계 깊은 고찰로 추측할 수 있음. 

이 절에 간직된 유물은 법고뿐이데 법고의 몸통인 나무의 결이나 만든 솜씨로 보아 상당희 오래된 것으로 짐작됨.

절로 들어가는 오른쪽 산기슭에 부도 두기가 놓여있다. 극락전쪽으로 놓인 부도에는 용연사 창건주 수월당대사라고 기록되어 있어 이 절을 지은 수님의 부도임을 알 수 있음.",용문사,0536319390,339089.278771323    ,253176.944325158    ,대구광역시 달성군 화원읍 본리리 ,A,,,1930,2017-07-13 19:46:37
6270000,3480000-005,1988-07-21,,영업/정상,,,,,,용연사,I,2025-12-15 16:15:28,대구광역시 달성군 옥포면 용연사길 260,,BBBB,,,01,"옛날 이 절터의 동구에 용추가 있어 등천했다 하여 붙인 용연사는 신라 신덕왕때 보양국사가 창건하였으며 세종1년(1419)에 해운당  천일대사가 중건하였음. 

그 후 임란때 완전히 소실하게 되어 청하당인잠, 탄옥, 경천등에 명하여 재건한 바 있으나 다시 효종 1년에 종각만 남기고 소실되었음. 

그 후 노숙이, 홍묵, 계홍등 24인과 함께 10년이 걸려 재건하고 지금의 건물은 영조 4년(1728)에 세워진 것이다.  ",용연사,0536160408,337962.791503826    ,250716.388818294    ,대구광역시 달성군 옥포면 반송리 882 ,A,,,912,2017-04-04 20:07:32
6270000,3480000-007,1988-07-21,,영업/정상,,,,,,유가사,I,2025-12-15 16:15:28,대구광역시 달성군 유가면 유가사2길 62,,BBBB,,,01,"신라 흥덕왕 2년 도성국사가 창건하였고 진성여왕 3년(899)에 탐잔선산가 중건, 영조 48년(1772) 낙암선사에 의해 중수되었다. 

대웅전은 정면 4칸, 측면 2칸의 맞배 지붕이며 취적루는 정면 4칸, 측면2칸의 맞배지붕임. 속암으로는 수도암, 청신암, 도성암이 있음.",유가사,0536145115,336229.210915719    ,246866.926934683    ,대구광역시 달성군 유가면 양리 ,A,,,827,2021-05-10 18:03:58
6270000,3480000-008,1988-07-21,,영업/정상,,,,,,소재사,I,2025-12-15 16:15:28,대구광역시 달성군 유가면 휴양림길 228,,BBBB,,,01,"신라시대에 창건되었다고 전해오며 그 후 고려 공민왕 7년(1358)에 진보법사가 중창하였고 조선 세조 3년(1457)에 활륜선사가, 중조 5년(1510)에 선주 외암선사가, 철종 8년(1857)에 법로화상이 중수하였음. 

경내에는 대웅전, 명부전, 산령각이 있음. 대웅전은 정면 3칸, 측면 3칸의 단층맞배집으로 내삼출목, 외이출목의 다포식 건축이고 명부전은 정면 3칸, 측면 2칸의 단층 맞배짐으로 이익공양식의 건축임.",소재사,0536146637,,,대구광역시 달성군 유가면 용리 4 ,A,,,1358,2008-09-12 11:48:02
6270000,3480000-009,1988-10-12,,영업/정상,,,,,,현풍포교당,I,2025-12-15 16:15:28,대구광역시 달성군 현풍면 현풍동로27길 54-6,,BBBB,,,01,"1908년 변설호스님이 유가사와 도성암을 왕래하면서 중계지 포교당을 설립하였음.

한국 동란때에도 소실되지 않은 현풍면의 유일한 사찰이며 1958년 7월15일 김해운 스님이 대웅전과 요사를 중수하였음.
소유자는 유가사로 되어있음.   ",현풍포교당,0536143115,330723.051179288    ,245205.639345565    ,대구광역시 달성군 현풍면 부리 ,A,,,1908,2016-06-22 17:56:08
6270000,5141000-001,1988-07-21,,영업/정상,,,,,,인각사,I,2025-12-15 16:15:28,대구광역시 군위군 삼국유사면 삼국유사로 250,,BBBB,,700,01,,인각사,0543831161,360110.45228975     ,293388.965723824    ,대구광역시 군위군 삼국유사면 화북리 612 ,A,,,642,2017-12-14 16:29:38
6270000,5141000-002,1988-07-21,,영업/정상,,,,,,지보사,I,2025-12-15 16:15:28,대구광역시 군위군 군위읍 상곡길 233,,BBBB,,500,01,,지보사,0543832898,343924.805331481    ,307534.421677592    ,대구광역시 군위군 군위읍 상곡리 280 ,A,,,,2017-07-04 00:00:00
6270000,5141000-003,1988-07-21,,영업/정상,,,,,,법주사,I,2025-12-15 16:15:28,대구광역시 군위군 소보면 달산3길 215,,BBBB,,400,01,,법주사,0543824618,329214.980627228    ,308960.369440621    ,대구광역시 군위군 소보면 달산리 773 ,A,,,480,2025-06-09 13:16:46
6270000,5141000-004,1988-07-21,,영업/정상,,,,,,압곡사,I,2025-12-15 16:15:28,대구광역시 군위군 삼국유사면 현리낙전길 836-144,,BBBB,,17,01,,압곡사,0543835989,362959.45510659     ,300317.199742877    ,대구광역시 군위군 삼국유사면 낙전리 674 ,A,,,677,2021-06-02 10:48:40
6270000,5141000-005,1988-07-21,,영업/정상,,,,,,수태사,I,2025-12-15 16:15:28,대구광역시 군위군 의흥면 지호2길 202,,BBBB,,130,01,,수태사,0543837495,360346.75030806     ,299642.074377925    ,대구광역시 군위군 의흥면 지호리 465 ,A,,,681,2021-06-01 09:20:07
6270000,5141000-006,1988-07-21,,영업/정상,,,,,,신흥암,I,2025-12-15 16:15:28,대구광역시 군위군 우보면 고산길 262,,BBBB,,300,01,,신흥암,0543823698,346482.255051091    ,295631.242766157    ,대구광역시 군위군 우보면 달산리 1690 ,A,,,661,2021-05-10 19:15:47
6280000,3570000-001,1962-10-03,,영업/정상,,,,,,전등사,I,2025-12-15 16:15:28,,,BBBB,,,01,,전등사,0329370125,,,인천광역시 강화군 길상면 온수리 ,A,,,381년 고구려 소수림왕 11년,2016-06-21 16:48:50
6280000,6280000-001,2021-01-22,,영업/정상,,,,,,흥륜사,I,2025-12-15 16:15:28,,,BBBB,7,37000,01,,흥륜사,0328321133,,,인천광역시 연수구 동춘동 806 - 12 ,,,,1376,2021-01-22 00:00:00
6280000,3570000-007,1962-10-30,,영업/정상,,,,,,적석사,I,2025-12-15 16:15:28,인천광역시 강화군 내가면 연촌길 181,,BBBB,,,01,,적석사,0329326191,147968.549218197    ,470800.987371885    ,인천광역시 강화군 내가면 고천리 ,A,,,416년 고구려 장수왕4년,2012-11-06 09:20:19
6280000,3570000-006,1962-11-16,,영업/정상,,,,,,청련사,I,2025-12-15 16:15:28,인천광역시 강화군 강화읍 고비고개로188번길 112,,BBBB,,,01,,청련사,0329320886,151280.530638802    ,471713.729096482    ,인천광역시 강화군 강화읍 국화리 ,A,,,416 고구려 장수왕4년,2016-08-08 14:10:52
6280000,3491000-002,1989-12-09,,영업/정상,,,,,,용궁사,I,2026-07-06 16:08:34,,,BBBB,,,01,,용궁사,0327461361,,,인천광역시 영종구 운남동 ,A,,,670,2011-12-26 11:10:23
6280000,3570000-004,1962-10-13,,영업/정상,,,,,,백련사,I,2025-12-15 16:15:28,,,BBBB,,,01,,백련사,0329335082,,,인천광역시 강화군 하점면 부근리 ,A,,,1905,2013-01-09 18:16:45
6280000,3570000-003,1962-10-02,,영업/정상,,,,,,정수사,I,2025-12-15 16:15:28,인천광역시 강화군 화도면 해안남로1258번길 142-0,,BBBB,,,01,,정수사,0329373611,151001.319721347    ,456382.725902575    ,인천광역시 강화군 화도면 사기리 ,A,,,639년 신라 선덕여왕 8년,2023-11-30 09:14:50
6280000,3570000-002,1962-10-02,,영업/정상,,,,,,보문사,I,2025-12-15 16:15:28,,,BBBB,,,01,,보문사,0329338271,,,인천광역시 강화군 삼산면 매음리 ,A,,,635년 신라 선덕여왕 4년,2011-12-22 16:28:21
6280000,3570000-005,1962-10-13,,영업/정상,,,,,,청수암,I,2025-12-15 16:15:28,,,BBBB,,,01,,청수암,0329342661,,,인천광역시 강화군 강화읍 신문리 681-1 ,A,,,1936,2005-11-08 13:31:01
6300000,6300000-001,1988-09-20,,영업/정상,,,,,,복전선원,I,2025-12-15 16:15:28,대전광역시 중구 부사로 70 (석교동),,BBBB,20,4000,01,서기 1669년 창건으로 전함  ,복전선원,0422710029,238864.314707171    ,311853.828230991    ,대전광역시 중구 석교동 ,A,,,1669,2024-07-19 18:11:06
6300000,3640000-001,1988-06-18,,영업/정상,,,,,,고산사,I,2025-12-15 16:15:28,대전광역시 동구 대전로 316-205 (대성동),,BBBB,5,3000,01,"o 신라 헌강왕 원년(886) 도국선사가 창건하고 조선 인조 14년(1636) 중건한 우리시에서 가장 오래된 고찰임
o 대한불교 조계종 제6교구 마곡사의 말사
o 조선시대까지 6차례 중건되었음에도 대웅전(대전광역시 유형문화재 제10호)은 옛 형태 그대로 보존되었음 ",고산사,0422822263,,,대전광역시 동구 대성동 ,A,,,통일신라말,2013-12-16 15:28:38
6300000,6300000-004,2017-01-17,,영업/정상,,,,,,비래사,I,2025-12-15 16:15:28,대전광역시 대덕구 비래골길 47-74 (비래동),,BBBB,2,2500,01,,비래사,,240401.448285962    ,319218.787602115    ,대전광역시 대덕구 비래동 468 ,A,,,1639,2017-04-12 09:19:44
6300000,6300000-003,1988-09-20,,영업/정상,,,,,,내원사,I,2025-12-15 16:15:28,대전광역시 서구 배재로197번길 200 (도마동),,BBBB,,,01,,내원사,0425313901,232271.805164258    ,313593.007145007    ,대전광역시 서구 도마동 424-1 ,A,,,1928,2013-12-16 15:31:16
6300000,6300000-002,1988-09-20,,영업/정상,,,,,,심광사,I,2025-12-15 16:15:28,대전광역시 동구 대전로 592-20 (천동),,BBBB,3,4500,01,1931년 창건됨,심광사,0422829270,239646.478512087    ,312671.322957679    ,대전광역시 동구 천동 106 ,A,,,1931,2024-07-08 14:40:18
6310000,3690000-003,1999-04-21,,영업/정상,,,,,,관음사,I,2025-12-15 16:15:28,울산광역시 중구 신기16길 62 (태화동),,BBBB,1,,01,"1945년 일본패전 광복을 축복하는 의미에서 건립, 광복암이라고 하였고, 1953년 과객 선각스님의 말씀이 사찰명은 불교이어야 한다하여 마음에 주저하고 있든 바, 어느날 밤 관세음 보살의 현몽을 입어 1953년 10월 부터 관음사라 개칭하여 현재에 이르고 있음.  ",관음사,0522111083,408195.698394437    ,230929.476915202    ,울산광역시 중구 태화동 404 ,A,,,조선말기,2018-05-04 11:02:00
6310000,3710000-001,1999-04-21,,영업/정상,,,,,,동축사,I,2025-12-15 16:15:28,울산광역시 동구 옥류로 93 (동부동),,BBBB,3,,01,"신라24대 진흥왕34(573년)에 아소카왕은 인도 천하를 평정하여 팔만 사천 대보탑을 세우는 대작을  하였으나, 인도는 전국에 명을 내려 황철 오만칠 천근과 황금 삼만근을 배에 실어 띄우면서 불산조성을 하였으나, 세번이나 실패하여 진흥왕은 황철과 황금을 경주로 운반하여 미포만 부근 개상한 곳에 절을 세우고 삼존불상을 배에서 옮겨 모시면서 사명을 서축나라에서 해동 조선국으로 왔다하여 동축사라 이름하여 지금까지 1420년의 역사를 지닌 고찰이다. 신라 경순왕 2년에 중건하여 고려 정종때 3창, 세조3년에4창, 왜정때 5창, 박대통령 말기에 6차에 걸쳐서 중수함.   ",동축사,0522510410,419290.115550889    ,230306.68952996     ,울산광역시 동구 동부동 565 ,A,,,573,2018-05-04 11:08:25
6310000,3710000-002,1999-04-21,,영업/정상,,,,,,월봉사,I,2025-12-15 16:15:28,울산광역시 동구 봉수로 55 (화정동),,BBBB,3,,01,"1,000여년전 신라 경순왕 4년(704)에 성도율사가 창건하였으며, 그 후 중건을 거듭하다 현재 대웅전, 요사채, 종각등 상운스님에 의하여 재건하여 대중 포교의 선봉으로 신력을 일신하고 있다.   ",월봉사,0522354602,419244.57187711     ,224212.622118582    ,울산광역시 동구 화정동 60 ,A,,,936,2018-05-04 11:09:31
6310000,3720000-001,2003-01-10,,영업/정상,,,,,,도솔암,I,2025-12-15 16:15:28,울산광역시 북구 화동15길 77 (화봉동),,BBBB,2,600,01,"창건년대에 대한 정확한 기록은 없지만 도솔암의 역사를 증명하듯 경내에 조선말기나 일제초기에 건립된 것으로 보이는 삼성각 건물이 남아있고, 제작시기가 1890년으로 보이는 산신도와 1904년으로 추정되는 독성도를 소장하고 있으며, 특히 삼성각의 건축년대나 전해 내려오는 탱화등의 흔적으로 보아 적어도 19세기에서 20세기초에 창건되어 암울했던 일제침략기에 울산 북구 지역의 중심도량 역할을 해온 사찰임.   ",도솔암,0522873308,415133.355458922    ,235391.427749919    ,울산광역시 북구 화봉동 ,A,,,조선말기,2018-05-04 11:14:14
6310000,3720000-002,1999-04-21,,영업/정상,,,,,,옥천암,I,2025-12-15 16:15:28,울산광역시 북구 무룡로 225 (연암동),,BBBB,3,,01,,옥천암,0522870068,416108.266959533    ,233778.240356191    ,울산광역시 북구 연암동 ,A,,,931,2018-11-27 16:37:36
6310000,3690000-002,1999-04-21,,영업/정상,,,,,,해남사,I,2025-12-15 16:15:28,울산광역시 중구 기상대길 13 (북정동),,BBBB,2,,01,"서기 1910년 사월 창건, 당시 통도사김구하 대종사께서 우리 국민들이 왜정 치하에서 갖은 학대를 받으면서 망국의 서러움에 시달리고 있을 때. 불법으로 민생구제 할 것을 서원하여 이곳에 설법전을 짓게 되었고 절 용도를 통도사 [울산 포교당]으로하여 지금까지 이 지역사회의 불법의 심오한 진리를 홍포하여 수 많은 불자를 교화하는 도량이다.    ",해남사,0522113340,410329.149154664    ,231368.124314428    ,울산광역시 중구 북정동 ,A,,,1910,2018-11-27 16:38:55
6310000,3690000-001,1999-04-21,,영업/정상,,,,,,백양사,I,2025-12-15 16:15:28,울산광역시 중구 백양로 67 (성안동),,BBBB,3,,01,"신라 마지막 임금인 경순왕 6년(932)백양선사가 처음 세웠으며, 백양선사의 행적에 관해서는 알려지지 않고 있으며, 그 후 이조 19년 숙종 4년에 연전선사가 중건하고, 영조 29년에 설인선사가 다시 중건하였으며 1922년 보현스님이 새로지어 현재에 이르고 있음.   ",백양사,0522438712,409680.407752455    ,232988.134434395    ,울산광역시 중구 성안동 819 ,A,,,신라경순왕6년(932),2018-05-04 11:24:36
6310000,3730000-003,1999-04-21,,영업/정상,,,,,,석남사,I,2025-12-15 16:15:28,울산광역시 울주군 상북면 석남로 557,,BBBB,70,300,01,"1,200여년전 신라 원성왕(789-798)때 연희국사에 의해 창건되었고, 삼국유사에 의하면 영축사 주위 토굴에 연희스님이 은거하면서 수행을 하고 있었다. 원성왕이 이 사연을 듣고 청하여 국사에 봉하려하자 연희스님이 암자를 등지고 가던길에 문수보살과 변재 천녀를 만나 인연을 어길수 없음을 깨닫고 국사가 되었다. 노인(문수보살)응 만났던 곳에 지은 암자를 보현암이라 하였다.     ",석남사,0522643900,384459.983733963    ,237406.513045158    ,울산광역시 울주군 상북면 덕현리 1064 ,A,,,신라 헌덕왕 16년(824),2022-11-15 14:47:47
6310000,3720000-003,1999-04-21,,영업/정상,,,,,,신흥사,I,2025-12-15 16:15:28,울산광역시 북구 대안4길 280 (대안동),,BBBB,2,512,01,"신라 제27대 선덕여왕 4년(645) 3월 명랑조사가 창건하여 건흥사라 칭하다가 후에 신흥사로 하였으며, 사기에 의하면 문무왕 16년(678) 신라가 만리장성을 축성당시 승병 100여명이 이 절에 숙영하면서 무술을 연마하던 도장이었고, 임진왜란 때 불타버리고 당시 도호부사 정공이 재건하고 영조 28년(1752) 통도사 사봉스님이 중창하고 단청은 경상좌병사 이상국이 하였다. 이 절에는 탑이나 부도등은 다 볼 수 없고 근방에 주춧돌과 깨어진 기와장들이 여기저기 흩어져 있어 &#50660;날에는 큰 규모의 절이 었음을 말해주고 있다.    ",신흥사,0522957522,416415.088129432    ,242773.995877602    ,울산광역시 북구 대안동 ,A,,,선덕여왕 4년(635),2018-02-06 09:57:10
6310000,3730000-001,1999-04-21,,영업/정상,,,,,,내원암,I,2025-12-15 16:15:28,울산광역시 울주군 온양읍 대운상대길 382,,BBBB,1,3035,01,"신라 후기 고봉화상 창건으로 구전 되고 있으며, 현 대운산 산명이 불광산이라 불릴 당시 불광사의 현 내원암아래 산내 암자로 창건되었으나, 불광사가 화재로 소실되어 현 장소에 재건하여 현재에 이름.  ",내원암,0522385088,402627.606384259    ,213333.046195508    ,울산광역시 울주군 온양읍 운화리 ,A,,,신라후기,2023-09-15 09:22:27
6310000,3730000-002,1999-04-21,,영업/정상,,,,,,문수사,I,2025-12-15 16:15:28,울산광역시 울주군 청량면 문수산길 514,,BBBB,6,5000,01,"1200여년전 신라 원성왕(789~798)때 연희국사에 의해 창건되었고, 삼국유사에 의하면 영축사 주위 토굴에 연희스님이 은거하면서 수행을 하고 있었다. 원성왕이 이 사연을 듣고 청하여 국사에 봉하려하자 연희스님이 암자를 등지고 가던길에 문수보살과 변재 천녀를 만나 인연을 어길 수 없음을 깨닫고 국사가 되었다. 노인(문수보살)을 만났던 곳에 지은 암자를 보현암이라 하였다.  ",문수사,0522475458,400811.480119095    ,227901.396119597    ,울산광역시 울주군 청량면 율리 산 342 ,A,,,신라제27대선덕여왕15년(646),2012-06-25 20:27:09
6410000,3990000-201,1962-10-04,,영업/정상,,,,,,봉선사,I,2025-12-15 16:15:28,경기도 남양주시 진접읍 봉선사길 32,,BBBB,,,01,,봉선사,0315275974,216147.767375913    ,471640.377309754    ,경기도 남양주시 진접읍 부평리 ,A,,,969,2015-11-06 08:06:46
6410000,3990000-203,1962-12-26,,영업/정상,,,,,,견성암,I,2025-12-15 16:15:28,경기도 남양주시 진건읍 진건오남로390번길 284,,BBBB,,,01,,견성암,0315738900,219432.166156338    ,463700.124518186    ,경기도 남양주시 진건면 송능리 3 ,A,,,고려중엽,2011-12-07 15:47:44
6410000,3990000-204,1962-12-26,,영업/정상,,,,,,봉영사,I,2025-12-15 16:15:28,경기도 남양주시 진접읍 내각2로 84-77,,BBBB,,,01,,봉영사,0315710555,214000.440748658    ,467805.455855134    ,경기도 남양주시 진접읍 내각리 ,A,,,599,2011-12-07 16:08:58
6410000,3990000-205,1962-12-26,,영업/정상,,,,,,묘적사,I,2025-12-15 16:15:28,경기도 남양주시 와부읍 수레로661번길 174,,BBBB,,,01,,묘적사,0315670784,222982.064683981    ,457916.734890479    ,경기도 남양주시 와부읍 월문리 222 ,A,,,661,2011-12-07 15:45:09
6410000,3990000-206,1962-12-26,,영업/정상,,,,,,내원암,I,2025-12-15 16:15:28,경기도 남양주시 별내면 순화궁로909번길 104,,BBBB,,,01,,내원암,0318418794,207581.187844839    ,466404.94074244     ,경기도 남양주시 별내면 청학리 ,A,,,1794,2015-01-30 09:27:21
6410000,3990000-207,1963-01-19,,영업/정상,,,,,,수종사,I,2025-12-15 16:15:28,경기도 남양주시 조안면 북한강로433번길 186,,BBBB,,,01,,수종사,0315768411,226628.139625632    ,452061.668833225    ,경기도 남양주시 조안면 송촌리 ,A,,,1459,2011-12-07 11:04:25
6410000,3990000-208,1962-12-26,,영업/정상,,,,,,불암사,I,2025-12-15 16:15:28,경기도 남양주시 별내면 불암산로 190,,BBBB,,,01,,불암사,0315278345,208639.74625583     ,461820.134493443    ,경기도 남양주시 별내면 화접리 ,A,,,824,2016-02-16 09:06:46
6410000,3990000-209,1988-10-25,,영업/정상,,,,,,보광사,I,2025-12-15 16:15:28,경기도 남양주시 화도읍 가곡로 198,,BBBB,,,01,,보광사,0315941316,225483.961486521    ,465433.764417286    ,경기도 남양주시 화도읍 가곡리 ,A,,,1851,2014-07-28 17:08:14
6410000,3990000-210,1988-10-25,,영업/정상,,,,,,석천암,I,2025-12-15 16:15:28,,,BBBB,,,01,,석천암,0315278988,,,경기도 남양주시 별내면 화접리 산 97 ,A,,,1882,2012-07-23 16:52:41
6410000,3990000-211,2005-01-25,,영업/정상,,,,,,천보사,I,2025-12-15 16:15:28,경기도 남양주시 별내면 불암산로97번길 32-200,,BBBB,,,01,,천보사,0315288780,,,경기도 남양주시 별내면 화접리 ,A,,,조선후기,2012-03-06 10:09:45
6410000,4000000-101,1988-07-28,,영업/정상,,,,,,보적사,I,2025-12-15 16:15:28,경기도 오산시 독산성로269번길 144 (지곶동),,BBBB,,,01,,보적사,0313723433,201662.859401236    ,409100.181807777    ,경기도 오산시 지곶동 ,A,,,삼국시대,2015-11-17 17:45:49
6410000,4020000-101,1988-10-25,,영업/정상,,,,,,수리사,I,2025-12-15 16:15:28,경기도 군포시 속달로 347-181 (속달동),,BBBB,,,01,"&#8226;신라 진흥왕 (539~575)때 세워졌으며, 대웅전 외에 36동의 건물과 산내에 132개 암자가 있는 대찰이었으나 임진왜란 때 전소
&#8226;6.25전쟁으로 다시 전소
&#8226;1955년 부터 중창",수리사,0314381823,190787.984671568    ,428017.685146918    ,경기도 군포시 속달동 ,A,,,신라진흥왕,2014-03-19 15:42:57
6410000,4030000-101,1988-07-28,,영업/정상,,,,,,청계사,I,2025-12-15 16:15:28,경기도 의왕시 청계로 475 (청계동),,BBBB,,,01,,청계사,0314262221,203035.821822053    ,434412.389425017    ,경기도 의왕시 청계동 11 ,A,,,1202,2011-10-31 17:29:06
6410000,4040000-101,2005-01-24,,영업/정상,,,,,,선법사,I,2025-12-15 16:15:28,경기도 하남시 서하남로588번길 125 (교산동),,BBBB,,,01,,선법사,0317922654,218374.88593949     ,446230.571303611    ,경기도 하남시 교산동 ,A,,,백제시대,2021-01-18 16:52:11
6410000,4050000-101,1988-07-28,,영업/정상,,,,,,백련사,I,2025-12-15 16:15:28,경기도 용인시 처인구 포곡읍 에버랜드로456번길 290,,BBBB,,,01,,백련사,0313386640,215545.347990923    ,421517.235612952    ,경기도 용인시 처인구 포곡읍 가실리 산 43 ,A,,,801,2011-12-07 15:38:02
6410000,4050000-102,1988-07-28,,영업/정상,,,,,,용덕사,I,2025-12-15 16:15:28,경기도 용인시 처인구 이동면 이원로 471-41,,BBBB,,,01,,용덕사,0313320426,221736.908333322    ,407571.344971517    ,경기도 용인시 처인구 이동면 묵리 산 57 ,A,,,860,2015-03-11 17:07:46
6410000,4060000-201,1962-12-28,,영업/정상,,,,,,검단사,I,2025-12-15 16:15:28,경기도 파주시 탄현면 필승로 292-33,,BBBB,,,01,,검단사,,172356.741916617    ,474189.694206882    ,경기도 파주시 탄현면 성동리 ,A,,,1940,2011-12-07 11:09:40
6410000,4060000-202,1967-06-09,,영업/정상,,,,,,보광사,I,2025-12-15 16:15:28,경기도 파주시 광탄면 보광로474번길 87,,BBBB,,,01,,보광사,0319487700,192858.503406053    ,472279.458692551    ,경기도 파주시 광탄면 영장리 ,A,,,894,2015-07-27 17:14:43
6410000,4060000-203,1988-10-25,,영업/정상,,,,,,용암사,I,2025-12-15 16:15:28,경기도 파주시 광탄면 혜음로 742-28,,BBBB,,,01,,용암사,0319420265,187996.798165468    ,472385.384022197    ,경기도 파주시 광탄면 용미리 ,A,,,1840,2015-04-15 17:34:29
6410000,4070000-101,1988-07-28,,영업/정상,,,,,,영월암,I,2025-12-15 16:15:28,경기도 이천시 경충대로2709번길 388 (관고동),,BBBB,,,01,,영월암,0316353457,236781.836941127    ,420024.85810267     ,경기도 이천시 관고동 ,A,,,신라시대,2011-12-07 13:07:41
6410000,4070000-102,1988-07-28,,영업/정상,,,,,,신흥사,I,2025-12-15 16:15:28,경기도 이천시 장호원읍 경충대로519번길 246-314,,BBBB,,,01,,신흥사,0316410156,249424.736331855    ,405004.007919552    ,경기도 이천시 장호원읍 선읍리 산93-1 ,A,,,연대미상,2011-12-07 13:49:15
6410000,4070000-103,1988-07-28,,영업/정상,,,,,,영원사,I,2025-12-15 16:15:28,경기도 이천시 백사면 원적로869번길 309-52,,BBBB,,,01,,영원사,0316324404,240977.503269112    ,428037.178796266    ,경기도 이천시 백사면 송말리 436 ,A,,,638,2011-12-07 13:55:39
6410000,4070000-104,1988-07-28,,영업/정상,,,,,,연화정사,I,2025-12-15 16:15:28,경기도 이천시 설성면 설성로570번길 50-319,,BBBB,,,01,,연화정사,0316436441,249612.122529775    ,407078.503368832    ,경기도 이천시 설성면 자석리 산 51 ,A,,,연대미상,2011-12-07 17:01:37
6410000,4080000-101,1988-07-28,,영업/정상,,,,,,석남사,I,2025-12-15 16:15:28,경기도 안성시 금광면 배티로 193-218,,BBBB,,,01,,석남사,0316761444,227277.966489833    ,382063.595281895    ,경기도 안성시 금광면 상중리 508 ,A,,,680,2011-10-31 17:12:31
6410000,4080000-102,1988-07-28,,영업/정상,,,,,,청룡사,I,2025-12-15 16:15:28,경기도 안성시 서운면 청룡길 140,,BBBB,,,01,,청룡사,0316729103,225671.727313218    ,379162.622970944    ,경기도 안성시 서운면 청용리 28 ,A,,,1265,2011-10-31 17:31:39
6410000,4080000-103,1988-07-28,,영업/정상,,,,,,용화사,I,2025-12-15 16:15:28,경기도 안성시 미양면 법전길 260-31,,BBBB,,,01,,용화사,0316728248,218515.149136532    ,382716.958011508    ,경기도 안성시 미양면 법전리 181 ,A,,,1902,2011-10-31 17:25:52
6410000,4080000-104,1988-07-28,,영업/정상,,,,,,운수암,I,2025-12-15 16:15:28,경기도 안성시 양성면 성하길 80-63,,BBBB,,,01,,운수암,0316737372,215044.628623388    ,392736.562177716    ,경기도 안성시 양성면 방신리 85 ,A,,,1750,2020-03-22 16:02:03
6410000,4080000-105,1988-07-28,,영업/정상,,,,,,청원사,I,2025-12-15 16:15:28,경기도 안성시 원곡면 통심길 16-102,,BBBB,,,01,,청원사,0316556924,215391.167004479    ,396644.341370341    ,경기도 안성시 원곡면 성은리 397 ,A,,,삼국시대,2011-10-31 17:28:27
6410000,4080000-106,1988-07-28,,영업/정상,,,,,,칠장사,I,2025-12-15 16:15:28,경기도 안성시 죽산면 칠장로 399-18,,BBBB,,,01,,칠장사,0316730776,235319.653516051    ,391709.684048394    ,경기도 안성시 죽산면 칠장리 764 ,A,,,7세기중엽,2011-10-31 17:24:51
6410000,4090000-101,1988-07-28,,영업/정상,,,,,,문수사,I,2025-12-15 16:15:28,,,BBBB,,,01,,문수사,0319871733,,,경기도 김포시 월곶면 성동리 산 37 ,A,,,876,2011-05-03 17:49:12
6410000,4170000-102,1988-07-28,,영업/정상,,,,,,사나사,I,2025-12-15 16:15:28,경기도 양평군 옥천면 사나사길 329,,BBBB,,,01,,사나사,0317725182,244678.753907319    ,448559.491061078    ,경기도 양평군 옥천면 용천리 304 ,A,,,923,2015-03-19 11:12:02
6410000,4170000-103,1988-07-28,,영업/정상,,,,,,상원사,I,2025-12-15 16:15:28,경기도 양평군 용문면 상원사길 292,,BBBB,,,01,,상원사,0317734634,248871.789258832    ,449757.810518339    ,경기도 양평군 용문면 연수리 산 73 ,A,,,연대미상,2016-11-22 14:58:37
6410000,5530000-101,1988-07-28,,영업/정상,,,,,,용주사,I,2025-12-15 16:15:28,경기도 화성시 용주로 136 (송산동),,BBBB,,,01,,용주사,0312340040,,,경기도 화성시 태안읍 송산리 ,A,,,854,2018-10-29 13:52:45
6410000,5530000-102,1988-07-28,,영업/정상,,,,,,봉림사,I,2025-12-15 16:15:28,경기도 화성시 주석로80번길 139 (북양동),,BBBB,,,01,,봉림사,0313562060,,,경기도 화성시 북양동 642 ,A,,,1300,2011-12-07 11:18:15
6410000,5530000-103,1988-07-28,,영업/정상,,,,,,만의사,I,2025-12-15 16:15:28,경기도 화성시 동탄면 풀무골로 219-0,,BBBB,,,01,,만의사,0313766005,,,경기도 화성시 동탄면 중리 140 ,A,,,1360,2018-10-29 11:14:55
6410000,5530000-104,1988-07-28,,영업/정상,,,,,,신흥사,I,2025-12-15 16:15:28,경기도 화성시 서신면 신흥사길 17-34,,BBBB,,,01,,신흥사,0313572695,,,경기도 화성시 서신면 상안리 72-11 ,A,,,1934,2011-12-07 11:16:31
6410000,5540000-101,1988-07-28,,영업/정상,,,,,,장경사,I,2025-12-15 16:15:28,경기도 광주시 중부면 남한산성로 676,,BBBB,,,01,,장경사,0317436548,217428.524936668    ,441478.276526216    ,경기도 광주시 중부면 산성리 22 - 1 ,A,,,1628,2015-04-09 14:42:26
6410000,5540000-102,1988-07-28,,영업/정상,,,,,,명성암,I,2025-12-15 16:15:28,경기도 광주시 남종면 산수로 1876-34,,BBBB,,,01,,명성암,0317629026,227906.138066173    ,444866.766303183    ,경기도 광주시 남종면 귀여리 ,A,,,고려시대,2016-04-25 15:10:29
6410000,5540000-103,1988-10-25,,영업/정상,,,,,,백련암,I,2025-12-15 16:15:28,경기도 광주시 도척면 도척로 982-118,,BBBB,,,01,,백련암,0317625180,226081.407294473    ,420943.735175834    ,경기도 광주시 도척면 추곡리 산 25 - 1 ,A,,,1325,2014-03-27 13:24:27
6410000,5540000-104,1988-10-25,,영업/정상,,,,,,극락사,I,2025-12-15 16:15:28,경기도 광주시 오포읍 양촌길 268-1,,BBBB,,,01,,극락사,0317663549,,,경기도 광주시 오포읍 양벌리 825 ,A,,,신라시대,2011-12-06 16:23:07
6410000,5540000-105,1988-10-25,,영업/정상,,,,,,망월사,I,2025-12-15 16:15:28,경기도 광주시 중부면 남한산성로 680,,BBBB,,,01,,망월사,0317436612,217275.339528699    ,441786.225102102    ,경기도 광주시 중부면 산성리 ,A,,,919,2011-10-31 16:49:22
6410000,5540000-106,1996-10-23,,영업/정상,,,,,,개원사,I,2025-12-15 16:15:28,경기도 광주시 중부면 남한산성로 731-73,,BBBB,,,01,,개원사,0317436568,216339.959349662    ,441367.831601022    ,경기도 광주시 중부면 산성리 195-5 ,A,,,신라시대,2011-10-31 15:58:17
6410000,5590000-201,1963-09-26,,영업/정상,,,,,,회암사,I,2025-12-15 16:15:28,경기도 양주시 회암사길 281 (회암동),,BBBB,,,01,,회암사,0318660355,209424.777921803    ,483115.375062489    ,경기도 양주시 회암동 ,A,,,1328,2012-12-27 08:57:15
6410000,5590000-202,1988-10-25,,영업/정상,,,,,,백화암,I,2025-12-15 16:15:28,경기도 양주시 부흥로 1325-194 (유양동),,BBBB,,,01,,백화암,0318401582,,,경기도 양주시 유양동 ,A,,,898,2012-05-15 17:44:26
6410000,5590000-203,1998-09-24,,영업/정상,,,,,,석굴암,I,2025-12-15 16:15:28,경기도 양주시 장흥면 북한산로878번길 519-149,,BBBB,,,01,,석굴암,0318263573,,,경기도 양주시 장흥면 교현리 산1 ,A,,,조선초기,2011-10-31 17:23:28
6410000,5600000-101,1988-10-25,,영업/정상,,,,,,흥룡사,I,2025-12-15 16:15:28,경기도 포천시 이동면 포화로 236-73,,BBBB,,,01,,흥룡사,0315357363,235912.270835347    ,507718.985981528    ,경기도 포천시 이동면 도평리 38 ,A,,,1903,2016-12-16 17:25:36
6410000,5600000-202,1963-07-15,,영업/정상,,,,,,원통사,I,2025-12-15 16:15:28,경기도 포천시 일동면 화동로 738-1,,BBBB,,,01,,원통사,0315363818,228267.935002165    ,492511.107635065    ,경기도 포천시 일동면 유동리 산12 ,C,전통사찰지정해제,2014-07-07,1944,2014-07-07 15:32:46
6410000,5600000-203,1988-10-25,,영업/정상,,,,,,왕산사,I,2025-12-15 16:15:28,경기도 포천시 호병골길 193 (신읍동),,BBBB,,,01,,왕산사,0315352268,215054.920911509    ,488544.391265171    ,경기도 포천군 포천읍 신읍리 ,A,,,신라말,2012-02-28 14:30:46
6410000,6410000-101,2010-02-22,,영업/정상,,,,,,원심원사,I,2025-12-15 16:15:28,경기도 연천군 신서면 동내로970번길 32-268,,BBBB,,,01,,원심원사,0318348467,213331.659871836    ,513949.276582991    ,경기도 연천군 신서면 내산리 354 ,,,,647,2015-06-24 16:26:55
6410000,6410000-102,1988-10-25,,영업/정상,,,,,,용상사,I,2025-12-15 16:15:28,경기도 파주시 월롱면 용상골길 403,,BBBB,1,500,01,,용상사,0319454489,179367.207915149    ,477324.266599536    ,경기도 파주시 월롱면 덕은리 산 137 - 1 ,A,,,1108,2011-12-08 00:00:00
6410000,6410000-103,2014-01-03,,영업/정상,,,,,,중흥사,I,2025-12-15 16:15:28,경기도 고양시 덕양구 대서문길 393 (북한동),,BBBB,3,500,01,"&#8226;12세기 창건
&#8226;1498년 地井, &#20879;晧, 性倫 중건
&#8226;1904년 화재로 전소
&#8226;1974년부터 연등행사개최
&#8226;2001년부터 중흥사 복원 ",중흥사,024136060,197867.145192404    ,460410.116558876    ,경기도 고양시 덕양구 북한동 259 ,,,,고려시대,2014-01-03 16:18:27
6410000,6410000-104,2016-01-14,,영업/정상,,,,,,성불사,I,2025-12-15 16:15:28,경기도 의정부시 호국로1114번길 142 (가능동),,BBBB,3,150,01,,성불사,0318723535,201811.32892475     ,469598.8938186      ,경기도 의정부시 가능동 산 81 - 2 ,,,,1894,2016-01-14 00:00:00
6410000,3940000-201,1988-07-08,,영업/정상,,,,,,무량사,I,2025-12-15 16:15:28,경기도 고양시 덕양구 대서문길 184 (북한동),,BBBB,,,01,,무량사,023857777,196331.321707736    ,461253.142020691    ,경기도 고양시 덕양구 북한동 464-1 ,A,,,1904,2011-10-31 16:09:43
6410000,3940000-202,1977-03-06,,영업/정상,,,,,,태고사,I,2025-12-15 16:15:28,경기도 고양시 덕양구 대서문길 406 (북한동),,BBBB,,,01,,태고사,023845589,198013.053104331    ,460352.170764926    ,경기도 고양시 덕양구 북한동 15 ,A,,,1341,2020-04-30 13:32:12
6410000,3940000-203,1966-04-12,,영업/정상,,,,,,흥국사,I,2025-12-15 16:15:28,경기도 고양시 덕양구 흥국사길 82 (지축동),,BBBB,,,01,,흥국사,023817970,194625.229443062    ,462369.735017366    ,경기도 고양시 덕양구 지축동 ,A,,,661,2014-10-07 18:02:19
6410000,3940000-204,1967-07-03,,영업/정상,,,,,,상운사,I,2025-12-15 16:15:28,경기도 고양시 덕양구 대서문길 197-22 (북한동),,BBBB,,,01,,상운사,023874731,197201.924505977    ,461566.086013892    ,경기도 고양시 덕양구 북한동 370 ,A,,,1713,2011-12-07 14:41:45
6410000,3940000-205,2001-01-17,,영업/정상,,,,,,노적사,I,2025-12-15 16:15:28,경기도 고양시 덕양구 대서문길 311-35 (북한동),,BBBB,,,01,,노적사,023535016,197560.370528526    ,460800.405414299    ,경기도 고양시 덕양구 북한동 331 ,A,,,1942,2011-12-07 14:43:20
6410000,3940000-206,2003-01-25,,영업/정상,,,,,,국녕사,I,2025-12-15 16:15:28,경기도 고양시 덕양구 대서문길 268 (북한동),,BBBB,,,01,,국녕사,023870743,196636.240752914    ,460507.416533399    ,경기도 고양시 덕양구 북한동 416-8 ,A,,,1916,2012-01-04 16:29:28
6410000,3940000-207,2005-01-25,,영업/정상,,,,,,아미타사,I,2025-12-15 16:15:28,경기도 고양시 덕양구 대서문길 145-63 (북한동),,BBBB,,,01,,아미타사,023558897,196337.152467167    ,461550.615309245    ,경기도 고양시 덕양구 북한동 ,A,,,646,2016-01-20 16:47:45
6410000,3970000-101,1988-07-28,,영업/정상,,,,,,연주암,I,2025-12-15 16:15:28,경기도 과천시 자하동길 63 (중앙동),,BBBB,,,01,,연주암,025023234,196886.544899127    ,437737.706941232    ,경기도 과천시 중앙동 85-1 ,A,,,677,2011-10-31 17:33:27
6410000,3970000-102,1988-07-28,,영업/정상,,,,,,보광사,I,2025-12-15 16:15:28,경기도 과천시 교육원로 41 (갈현동),,BBBB,,,01,,보광사,025022262,198607.612935746    ,435611.008242439    ,경기도 과천시 갈현동 산126-21 ,A,,,1929,2011-10-31 17:48:53
6410000,3990000-101,1988-07-28,,영업/정상,,,,,,흥국사,I,2025-12-15 16:15:28,경기도 남양주시 별내면 덕릉로1071번길 58,,BBBB,3,200,01,"599년(신라 진평왕 21년) 원광법사가 당나라에서 유학을 마치고 귀국 후 창건, 수락사라 함
1568년(선조 1년) 선조가 아버지 덕흥대원군의 원당을 건립, 흥덕사라는 편액 하사
1626년(인조 4년) 흥국사로 개명 ",흥국사,0315278010,208625.919691728    ,464694.424622848    ,경기도 남양주시 별내면 덕송리 331 ,A,,,599,2011-12-07 16:04:06
6410000,3740000-101,1988-07-28,,영업/정상,,,,,,청련암,I,2025-12-15 16:15:28,경기도 수원시 장안구 수일로 335 (조원동),,BBBB,,,01,,청련암,0312551020,201965.285388958    ,422092.625967781    ,경기도 수원시 장안구 조원동 474-1 ,A,,,1777,2011-12-07 14:58:40
6410000,3740000-102,1988-07-28,,영업/정상,,,,,,봉녕사,I,2025-12-15 16:15:28,경기도 수원시 팔달구 창룡대로 236-54 (우만동),,BBBB,,,01,,봉녕사,0312564127,203303.89041615     ,420996.888336699    ,경기도 수원시 팔달구 우만동 ,A,,,1208,2011-12-07 15:10:02
6410000,3740000-103,1988-07-28,,영업/정상,,,,,,수원사,I,2025-12-15 16:15:28,경기도 수원시 팔달구 수원천로 300 (남수동),,BBBB,,,01,,수원사,0312552692,201611.120713175    ,419832.190699523    ,경기도 수원시 팔달구 남수동 ,A,,,1920,2014-10-27 17:18:08
6410000,3740000-104,1988-07-28,,영업/정상,,,,,,묘수사,I,2025-12-15 16:15:28,경기도 수원시 팔달구 화서문로71번길 2-6 (북수동),,BBBB,,,01,,묘수사,0312553657,201357.588538341    ,420467.424122245    ,경기도 수원시 장안구 북수동 72 ,A,,,1920,2011-10-31 15:47:03
6410000,3740000-105,1988-10-25,,영업/정상,,,,,,팔달사,I,2025-12-15 16:15:28,경기도 수원시 팔달구 행궁로 68 (팔달로3가),,BBBB,,,01,"1895년(고종32)에 비구니 윤홍자 스님이 창건하였다고 한다. 약 100년의 역사를 지니고 있으나 창건무렵의 인연이나 자세한 과정은 전하지 않는다. 한편 1922년에 처음 절을 세웠다는 이야기도 있으나 정확하 것은 알 수 없다. 절의 역사가 전하는 것은 1934년 12월 15일 선학원에 등록하면서 부터이다. 선학원은 불법의 정통인 선을 탐구하고 선풍을 선양함으로써 불교의 중흥을 이룩하고자 만공, 용성, 혜월, 도봉, 석두, 남천, 상월 등 여러 고승대덕들이 중심이 되어 1920년 설립하였다. 선학원 소속사찰인 팔달선원은 1986뇬 9월에 이범행 스님이 중창하여 가람을 새롭게 하였다.  출처 : 전통사찰총서3 경기도Ⅰ, 사찰문화연구원, 1993  ",팔달사,0312515222,201276.715998789    ,419383.895635822    ,경기도 수원시 팔달구 팔달로3가 116 ,A,,,1895,2014-12-04 14:10:43
6410000,3780000-101,1988-07-28,,영업/정상,,,,,,봉국사,I,2025-12-15 16:15:28,경기도 성남시 수정구 태평로 79 (태평동),,BBBB,,,01,,봉국사,0317550329,211895.937741875    ,438733.948719838    ,경기도 성남시 수정구 태평동 216 - 2 ,A,,,1674,2014-12-23 10:05:09
6410000,3780000-102,1988-10-19,,영업/정상,,,,,,망경암,I,2025-12-15 16:15:28,경기도 성남시 수정구 태평로55번길 72 (복정동),,BBBB,,,01,,망경암,0317368448,212064.261961439    ,439038.703718898    ,경기도 성남시 수정구 복정동 553-1 ,A,,,여말선초(연대미상),2011-12-07 15:01:51
6410000,3780000-104,2003-02-03,,영업/정상,,,,,,약사사,I,2025-12-15 16:15:28,경기도 성남시 중원구 산성대로625번길 22 (은행동),,BBBB,,,01,,약사사,0317343205,215741.308851902    ,440554.969810296    ,경기도 성남시 중원구 은행동 산 7 - 2 ,A,,,,2015-01-15 16:25:08
6410000,3820000-201,1988-07-28,,영업/정상,,,,,,회룡사,I,2025-12-15 16:15:28,경기도 의정부시 전좌로155번길 262 (호원동),,BBBB,,,01,"&#8226;신라 신문왕 원년(681)에 의상대사가 창건
&#8226;경순왕4년(930년) 동진국사가 재창
&#8226;고려문종때 해거국사, 고려우왕10년(1384)에 무학대사가 개축
&#8226;한국전쟁중 완전소실되었다가 1971년 큰법당을 신축하여 오늘에 이르고 있음",회룡사,0318733391,,,경기도 의정부시 호원동 ,A,,,681,2013-09-05 12:53:39
6410000,3820000-202,1963-01-18,,영업/정상,,,,,,망월사,I,2025-12-15 16:15:28,경기도 의정부시 망월로28번길 211-500 (호원동),,BBBB,,,01,,망월사,0318737744,201816.598752856    ,466921.872952973    ,경기도 의정부시 호원동 413 ,A,,,639,2011-12-07 15:13:56
6410000,3820000-203,1988-10-25,,영업/정상,,,,,,미륵암,I,2025-12-15 16:15:28,경기도 의정부시 고산로65번길 94 (고산동),,BBBB,,,01,,미륵암,0318418001,208747.616888476    ,470001.762273245    ,경기도 의정부시 고산동 ,A,,,1460,2016-11-15 16:34:11
6410000,3820000-204,1988-10-25,,영업/정상,,,,,,원효사,I,2025-12-15 16:15:28,경기도 의정부시 망월로28번길 356 (호원동),,BBBB,,,01,,원효사,0318736083,,,경기도 의정부시 호원동 229-149 ,A,,,신라시대(연대미상),2011-12-07 15:18:09
6410000,3820000-205,2001-11-02,,영업/정상,,,,,,석림사,I,2025-12-15 16:15:28,경기도 의정부시 동일로122번길 177 (장암동),,BBBB,,,01,,석림사,0318725110,205793.559929593    ,466528.211822823    ,경기도 의정부시 장암동 ,A,,,1676,2013-09-27 10:57:46
6410000,3860000-101,2005-01-24,,영업/정상,,,,,,석왕사,I,2025-12-15 16:15:28,경기도 부천시 원미구 소사로 367 (원미동),,BBBB,,,01,,석왕사,0326637771,,,경기도 부천시 원미구 원미동 산29-30 ,A,,,조선말기,2020-04-03 16:25:53
6410000,3910000-101,1988-07-28,,영업/정상,,,,,,만기사,I,2025-12-15 16:15:28,경기도 평택시 진위면 진위로 181-82,,BBBB,,,01,,만기사,0316647336,208894.530068788    ,400703.800514665    ,경기도 평택시 진위면 동천리 ,A,,,942,2016-04-25 11:21:06
6410000,3910000-102,1988-07-28,,영업/정상,,,,,,보국사,I,2025-12-15 16:15:28,경기도 평택시 서탄면 장등안길 38,,BBBB,,,01,,보국사,0316668370,201841.720459086    ,397077.659060297    ,경기도 평택시 서탄면 장등리 621 ,A,,,1910,2011-12-07 16:39:57
6410000,3910000-103,1988-07-28,,영업/정상,,,,,,약사사,I,2025-12-15 16:15:28,경기도 평택시 안중읍 용성3길 120-10,,BBBB,,,01,,약사사,0316835820,194162.477870703    ,389640.8588264      ,경기도 평택시 안중면 용성리 ,A,,,842,2014-11-21 11:04:36
6410000,3910000-104,1988-07-28,,영업/정상,,,,,,수도사,I,2025-12-15 16:15:28,경기도 평택시 포승읍 호암길 58,,BBBB,,,01,,수도사,0316817732,184078.26239797     ,389011.707352887    ,경기도 평택시 포승면 원정리 산119-1 ,A,,,852,2011-12-07 10:50:05
6410000,3910000-105,1988-07-28,,영업/정상,,,,,,심복사,I,2025-12-15 16:15:28,경기도 평택시 현덕면 덕목5길 47-24,,BBBB,,,01,,심복사,0316825588,,,경기도 평택시 현덕면 덕목리 ,A,,,연대미상,2015-11-27 13:22:14
6410000,3910000-106,1988-10-25,,영업/정상,,,,,,자비사,I,2025-12-15 16:15:28,경기도 평택시 팽성읍 동서촌로 137,,BBBB,2,600,01,"구전에 의하면 약 1,600여년전 중국의 고승 명장이 타고 있던 배가 풍랑으로 서해안에 도착, 고향이 바라보이는 이곳에 절을 지어 고향을 그리는 마음을 담아 望漢寺라 했다. 1974년 전 주지이신 법성스님이 중건히고 慈悲寺로 바꿈",자비사,0316918559,205855.22436291     ,384879.960369142    ,경기도 평택시 팽성읍 객사리 ,A,,,백제중기(연대미상),2014-03-05 13:24:15
6410000,3830000-101,1988-07-28,,영업/정상,,,,,,삼막사,I,2025-12-15 16:15:28,경기도 안양시 만안구 삼막로 478 (석수동),,BBBB,,,01,"삼막사 창건은 677년에 이루어졌다고 전한다. 신라의 원효, 의상 두 고승과 윤필거사 등 세 분이 이 곳에 띠집을 엮어 수행처를 마련한 것이 창건의 시초라는 것이다. 이같은 사실은 1771년 설암이라는 분이 작성한 ＜삼성산삼막사사적＞에 기록되어 있다. 이 자료는 삼막사의 창건과 근대 이전까지의 역사를 전하는 유일한 것으로 신빙성 여부는 단언할 수 없으나 매우 소중한 자료임은 분명하다.  한편 삼막사의 창건에 대하여 다른 사실을 전하는 자료가 있어 눈길을 끈다. 《범우고》의 금천조에 실린 삼막사 관련 기록에는 고려말에 지공, 나옹, 무학이 삼막사를 창건하였으며, 세분의 상이 사찰에  봉안되어 있었다는 내용이 실려있는 것이다. 하지만 이 기록을 그대로 믿기는 어려우며,＜삼성산삼막사사적＞의 내용으로 볼 때 이들이 삼막사에 거주했던 사실이 창건주로 잘못 인식된 것이 아닐까 추측된다. 이 지역 일대의 여타 사찰에서도 원효, 의상, 윤필거사 또는 지공, 나옹, 무학 등 세 분의 성현과 얽힌 설화가 널리 전승되고 있다는 사실은 삼성산이라는 지리적 배경이 관계된 것으로 이해할 필요가 있다. 출처:『전통사찰총서3 경기도1』,1993,사찰문화연구원 ",삼막사,0314715978,,,경기도 안양시 만안구 석수동 241-54 ,A,,,677,2011-12-07 15:34:50
6410000,3830000-102,1988-07-28,,영업/정상,,,,,,안양사,I,2025-12-15 16:15:28,경기도 안양시 만안구 예술공원로131번길 103 (석수동),,BBBB,,,01,,안양사,0314714193,,,경기도 안양시 만안구 석수동 242 - 3 안양사 ,A,,,901,2012-03-27 14:51:23
6410000,3830000-103,1988-10-25,,영업/정상,,,,,,망해암,I,2025-12-15 16:15:28,경기도 안양시 만안구 임곡로 245 (안양동),,BBBB,,,01,"망해암의 창건 연도와 창건주에 대해서는 서술이 어려운 상태이다. 사찰 경내에 세워진 안양망해암사적비에는 665년 원효스님이 미륵불을 봉안하면서 이 사찰을 창건하였다고 며기하였으나 그대로 믿기는 어렵기 때문이다. 아마도 사적비의 이러한 내용은 ＜봉은본말지＞에 기록된 원효스님이 창건하였다고 하나 자세하지 않음이라는 내용을 확대하여 서술한 것이 아닐까 생각된다. 하지만 ＜봉은본말지＞역시 1940년대에 편찬된 자료로 원효 창건설을 뒷받침할만한 어떠한 논거도 제시하지 못했다. 따라서 망해암의 원효 창건설은 사실적인 측면보다 원효스님을 창건주로 설정하려 했던 후대 불교인들의 뜻을 헤아리는 정도로 받아들여야 할 것이다.
망해암의 사적이 뚜렷하게 나타나는 시기는 조선 초기 태종대로 보인다. 태종은 수도 한양의 백호에 해당하는 관악산의 산천기맥을 누르기 위해 명을 내려 이 지역 일대의 사찰을 중건하였는데, 망해암도 이 때에 중건되었다는 기록이 전하는 것이다. (이하생략) 
출처 : 전통사찰총서3 경기도1, 1993, 사찰문화연구원 ",망해암,0314435559,,,경기도 안양시 만안구 안양동 19 - 4 ,A,,,신라시대,2011-12-07 15:32:04
6410000,3830000-104,1988-10-25,,영업/정상,,,,,,염불사,I,2025-12-15 16:15:28,경기도 안양시 만안구 예술공원로245번길 150 (석수동),,BBBB,,,01,,염불사,0314719330,,,경기도 안양시 만안구 석수동 ,A,,,926,2016-03-28 15:56:01
6410000,3910000-108,2004-02-21,,영업/정상,,,,,,서천사,I,2025-12-15 16:15:28,경기도 평택시 고덕면 방축4길 22-49,,BBBB,,,01,,서천사,0316638250,203861.321087675    ,390445.373161614    ,경기도 평택시 고덕면 방축리 103 - 1 ,A,,,1352,2011-12-07 16:47:07
6410000,3920000-201,1988-10-25,,영업/정상,,,,,,자재암,I,2025-12-15 16:15:28,경기도 동두천시 평화로2910번길 406-65 (상봉암동),,BBBB,,,01,,자재암,0318654045,207526.685287618    ,493667.822400908    ,경기도 동두천시 상봉암동 1 ,A,,,645,2020-04-30 13:31:05
6410000,3930000-101,1988-07-28,,영업/정상,,,,,,쌍계사,I,2025-12-15 16:15:28,경기도 안산시 단원구 대부황금로 1171 (대부북동),,BBBB,,,01,,쌍계사,0328862110,162570.348694539    ,418002.232309643    ,경기도 안산시 단원구 대부북동 1058 ,A,,,1689,2011-12-07 15:22:02
6410000,3930000-102,1988-10-25,,영업/정상,,,,,,화림선원,I,2025-12-15 16:15:28,경기도 안산시 상록구 도매시장로 140 (일동),,BBBB,,,01,,화림선원,0314192335,188075.92254695     ,424002.14508106     ,경기도 안산시 상록구 일동 ,A,,,고려시대(연대미상),2015-07-30 15:44:40
6410000,3940000-101,2016-01-08,,영업/정상,,,,,,봉성암,I,2025-12-15 16:15:28,경기도 고양시 덕양구 대서문길 443 (북한동),,BBBB,2,200,01,,봉성암,,198276.508801323    ,460363.612367187    ,경기도 고양시 덕양구 북한동 18 ,A,,,1713,2016-01-08 10:48:11
6410000,4030000-102,1988-07-28,,영업/정상,,,,,,백운사,I,2025-12-15 16:15:28,경기도 의왕시 왕곡로 323 (왕곡동),,BBBB,,,01,,백운사,0314542311,200645.718081267    ,427541.648749324    ,경기도 의왕시 왕곡동 ,A,,,1370,2016-06-08 14:12:47
6410000,4170000-104,1988-10-25,,영업/정상,,,,,,대성사,I,2025-12-15 16:15:28,경기도 양평군 지평면 역말4길 58,,BBBB,,,01,,대성사,0317737328,255216.046673322    ,443007.83446277     ,경기도 양평군 지평면 송현리 산 91 ,A,,,1917,2016-07-25 08:59:08
6410000,4090000-102,1988-07-28,,영업/정상,,,,,,금정사,I,2025-12-15 16:15:28,경기도 김포시 승가로 125 (풍무동),,BBBB,,,01,,금정사,0319843235,174174.843317399    ,456128.955560717    ,경기도 김포시 풍무동 산669 ,A,,,1627,2011-12-07 13:51:57
6410000,4090000-103,1988-07-28,,영업/정상,,,,,,용화사,I,2025-12-15 16:15:28,경기도 김포시 금포로 1487-5 (운양동),,BBBB,,,01,,용화사,0319843234,171306.928043428    ,462494.531909407    ,경기도 김포시 운양동 ,A,,,1405,2014-11-28 09:20:35
6410000,4090000-104,1988-10-25,,영업/정상,,,,,,광은사,I,2025-12-15 16:15:28,경기도 김포시 대곶면 약암로 872-80,,BBBB,,,01,,광은사,0319872796,160966.479148039    ,458864.91542769     ,경기도 김포시 대곶면 약암리 산108-3 ,A,,,1922,2011-12-07 13:14:44
6410000,4110000-101,1988-07-28,,영업/정상,,,,,,신륵사,I,2025-12-15 16:15:28,경기도 여주군 여주읍 신륵사길 73,,BBBB,,,01,"&#8226;신라 진평왕때 원효가 창건
&#8226;조선 성종 3년(1472년)  세종대왕 능을 천장하면서 영릉의 원찰이 되면서 중창",신륵사,0318852505,,,경기도 여주군 북내면 천송리 ,A,,,신라 진평왕,2014-12-17 10:51:45
6410000,4110000-102,1988-07-28,,영업/정상,,,,,,흥왕사,I,2025-12-15 16:15:28,경기도 여주군 북내면 당전로 345-4,,BBBB,3,400,01,고달사 창건연대와 경내 탑재 등으로 보아 신라시대 창건 추정,흥왕사,0318820631,,,경기도 여주군 북내면 중암리 ,A,,,1880,2014-01-24 11:27:47
6410000,4110000-103,1988-07-28,,영업/정상,,,,,,대법사,I,2025-12-15 16:15:28,경기도 여주군 가남면 안금3길 3-43,,BBBB,,,01,,대법사,0318823121,,,경기도 여주군 가남면 안금리 98 ,A,,,1850,2011-12-07 16:52:53
6410000,4110000-105,2005-01-19,,영업/정상,,,,,,대성사,I,2025-12-15 16:15:28,경기도 여주군 금사면 발림길 89-47,,BBBB,,,01,"&#8226; 현존하는 미륵불로 보아 고려시대 창건된 것으로 추정
&#8226; 1950년대 당시 최주희 스님이 현재의 불상을 발굴하고 중창",대성사,0318829846,,,경기도 여주군 금사면 외평리 453 ,A,,,1949,2014-09-24 09:49:27
6410000,4050000-103,1990-04-21,,영업/정상,,,,,,동도사,I,2025-12-15 16:15:28,경기도 용인시 처인구 이동면 경기동로1024번길 9-49,,BBBB,,,01,,동도사,0313337747,219099.325359976    ,401219.177537022    ,경기도 용인시 처인구 이동면 어비리 산 99 - 2 ,A,,,신라말,2011-12-07 16:59:53
6410000,4160000-201,1988-07-28,,영업/정상,,,,,,현등사,I,2025-12-15 16:15:28,경기도 가평군 하면 운악청계로589번길 73,,BBBB,,,01,"&#8226;신라 법흥왕때 창건하였으나 폐사
&#8226;고려 희종6년 (1210년)에 보조국사 지눌이 중창, 현등사라 하였다고 전해짐
&#8226;조선 태종11년(1411년) 함허화상 중건",현등사,0315850707,,,경기도 가평군 하면 하판리 ,A,,,514,2014-09-24 09:46:26
6410000,4170000-101,1988-07-28,,영업/정상,,,,,,용문사,I,2025-12-15 16:15:28,경기도 양평군 용문면 용문산로 782,,BBBB,,,01,,용문사,0317733797,250366.387559719    ,449925.053981827    ,경기도 양평군 용문면 신점리 625 ,A,,,913,2014-12-23 10:02:12
6430000,4420000-003,1988-05-28,,영업/정상,,,,,,동암,I,2026-01-14 17:13:09,충청북도 보은군 속리산면 법주사로 405-56,,BBBB,,,01,"법주사 동북방 200미터 지점에 위치.
신라 진흥왕 14년 의신조사가 창건하였으며 언제 동암이 폐사되었는지 모르나 60여년전까지만 해도 본 암자가 조금 남아 있었다고 함.   ",동암,0435432955,275354.665326451    ,339144.819094245    ,충청북도 보은군 속리산면 사내리 산 1 - 1 ,A,,,553,2019-10-11 16:02:45
6430000,4420000-004,1988-05-28,,영업/정상,,,,,,중사자암,I,2026-01-14 17:13:09,충청북도 보은군 속리산면 법주사로 832,,BBBB,,,01,"신라 성덕왕 19년에 창건되었음.
조선 인조때 중건하였으며 영조33년(1757) 현종3년(1837) 고종24년(1887)에 각각 중수함.
1949년 상효선사가 중창하였음.
원래 이 부근에는 상사자암과 하사자암이 있었다고 하나 100여년전 폐사되고 중사자암만 남아있음.
   ",중사자암,0435425093,276362.940409248    ,340352.834167755    ,충청북도 보은군 속리산면 사내리 산 1 - 16 ,A,,,720,2019-11-21 16:04:42
6430000,4420000-005,1988-05-28,,영업/정상,,,,,,상고암,I,2026-01-14 17:13:09,충청북도 보은군 속리산면 사내1길 175-4,,BBBB,,,01,"신라 성덕왕 19년에 창건되었으며 조선 고종 13년(1876)에 인명대사가 중건.
1897년 진붕대사가 중건.
일설에는 법주사를 초창할 때 제반자재를 보관하였던 창고인데 역사를 마친후 상고암이라 부르게 됨.
원래는 상고, 중고, 하고가 있었는데 중고, 하고는 70여년전 폐사되었다고 함.  ",상고암,0435434995,275354.665326451    ,339144.819094245    ,충청북도 보은군 속리산면 사내리 산 1 - 1 ,A,,,720,2024-11-26 15:49:59
6430000,4420000-006,1988-05-28,,영업/정상,,,,,,탈골암,I,2026-01-14 17:13:09,충청북도 보은군 속리산면 법주사로 569-72,,BBBB,,,01,"신라 성덕왕 19년에 창건.
인조 2년(1624)벽암대사가 중건.
이곳에는 약수가 있는데 법주사에 소장된 사적기에 의하면 경주김씨의 시조인 김알지의 머리모습이 닭모양으로 생겼는데 이곳 약수를 마시고 사람형상의 머리로 바뀌어졌다하여 탈골암이라 전함.    ",탈골암,0435434780,275786.719091442    ,338919.293326881    ,충청북도 보은군 속리산면 사내리 산 1 - 12 ,A,,,720,2019-10-10 19:52:25
6430000,4420000-007,1988-05-28,,영업/정상,,,,,,수정암,I,2026-01-14 17:13:09,충청북도 보은군 속리산면 법주사로 379,,BBBB,,,01,"최초의 창건연대는 전하는 바가 없고 옛터에 창건된 근세의 암자임.
수정암 선방의 성량문에서 나온 기록을 보면 이곳의 암자에 살던 장태수 비구니가 탄웅화상을 도와 퇴락한 법주사를 중건한후에 현수정암터에 내선방을 중건하였다고 전해지고 있음.   ",수정암,0435433713,274534.565752255    ,338193.317476284    ,충청북도 보은군 속리산면 사내리 209 ,A,,,1914,2022-03-18 10:53:52
6430000,4420000-008,1988-05-28,,영업/정상,,,,,,여적암,I,2026-01-14 17:13:09,충청북도 보은군 속리산면 사내1길 175-4,,BBBB,,,01,"조선 숙종 20년에 여적대사가 창건하였으며 고종 9년(1905) 남응익대사가 중창하였고 순종 3년에 삼성각을 창건함.
그후 한국동란 당시 전소되고 초암을 지어 수도하던 보안스님이 1964년에 중건하여 오늘에 이르고 있음.   ",여적암,0435435920,275354.665326451    ,339144.819094245    ,충청북도 보은군 속리산면 사내리 산 1 - 1 ,A,,,1694,2019-10-11 09:09:15
6430000,4420000-009,1988-05-28,,영업/정상,,,,,,관음암,I,2026-01-14 17:13:09,충청북도 보은군 속리산면 법주사로 658-191,,BBBB,,,01,,관음암,0435424780,277581.435873249    ,339955.052584996    ,충청북도 보은군 속리산면 사내리 산 1 - 17 ,A,,,663,2019-11-21 15:42:00
6430000,4420000-010,1988-10-10,,영업/정상,,,,,,상환암,I,2026-01-14 17:13:09,충청북도 보은군 속리산면 법주사로 658-22,,BBBB,,,01,신라 성덕왕 19년에 창건되었으며 1391년(고려 공민왕 3년)이 태조가 즉위하기전에 이곳에 백일기도를 드렸다는 이야기가 전해오며 세조대왕이 이곳에서 7일간 기업제를 하고 선조 태조의 유적을 추모하는 즐거움에 비할데 없다며 이 암자를 상환암이라 칭했다는 구전.    ,상환암,0435432659,275354.665326451    ,339144.819094245    ,충청북도 보은군 속리산면 사내리 산 1 - 1 ,A,,,720,2025-05-02 13:17:00
6430000,4430000-001,1988-05-28,,영업/정상,,,,,,용암사,I,2026-01-14 17:13:09,충청북도 옥천군 옥천읍 삼청2길 400,,BBBB,,,01,"552년 신라 24대 진흥왕 13년경 의신조사가 창건하였으며, 경내에 용처럼 생긴 바위가 있어 龍자와 바위의 岩자를 붙여 龍岩寺라 명명하였음.    ",용암사,0437321400,250610.250521245    ,306668.231495215    ,충청북도 옥천군 옥천읍 삼청리 산 51 - 4 ,A,,,552,2020-02-19 07:59:54
6430000,4430000-002,1988-10-10,,영업/정상,,,,,,가산사,I,2026-01-14 17:13:09,충청북도 옥천군 안내면 안내회남로 671,,BBBB,,,01,"720년 신라 33대 성덕왕 19년에 창건하여 임진왜란 때 영규대사가 중봉조헌선생의 연락 때문에 주거하면서부터 가산사가 세상에 알려짐.
그후 1675년 숙종 원년에 기허 영규대사의 전공을 높이 인정하여 가산사를 호국사찰로 지정함.      ",가산사,0437326755,253533.828344602    ,322463.877105028    ,충청북도 옥천군 안내면 답양리 543 ,A,,,720,2021-09-03 14:52:03
6430000,4430000-003,1988-05-28,,영업/정상,,,,,,문수암,I,2026-01-14 17:13:09,충청북도 옥천군 청성면 도장1길 33,,BBBB,,,01,"1931년 도장마을에 살던 김용덕씩 불교에에 관심을 가지고 사찰을 창건.
그후 신기순주지가 법당, 요사를 정비하여 현재에 이르고 있음.   ",문수암,0437329228,265533.412707527    ,320068.540041321    ,충청북도 옥천군 청성면 도장리 127 - 1 ,A,,,1930,2025-02-28 16:50:37
6430000,4430000-004,1988-05-28,,영업/정상,,,,,,구절사,I,2026-01-14 17:13:09,충청북도 옥천군 군서면 상중길 226,,BBBB,,,01,1393년 조선 태조 2년 무학대사가 창건하였으며 조선말엽에 폐사되었다가 일제말기에 다시 스님과 신도들에 의해 재건되어 사찰이름을 구절사라 부름.    ,구절사,0437325888,244825.033402816    ,311712.447676452    ,충청북도 옥천군 군서면 상중리 산 31 - 4 ,A,,,1393,2019-11-21 16:14:14
6430000,4430000-005,1988-05-28,,영업/정상,,,,,,대성사,I,2026-01-14 17:13:09,충청북도 옥천군 옥천읍 지용로 142,,BBBB,,,01,1936년 4월 30일 오기덕이라는 사람이 불교에 관심을 가지고 사찰을 건립하고 대성사라고 사찰이름을 지음.    ,대성사,0437325560,252978.060254115    ,313045.890622175    ,충청북도 옥천군 옥천읍 교동리 297 - 6 ,A,,,1922,2019-11-21 17:02:20
6430000,4430000-006,1970-10-15,,영업/정상,,,,,,대성사,I,2026-01-14 17:13:09,충청북도 옥천군 이원면 강청길 36-9,,BBBB,,,01,"1930년 흥룡사의 김승인스님에 의해 창건되었으며, 신증동국여지승람 충청도 옥천 사찰조에 ‘건천사와 대성사는 모두 동림산(東林山)에 있다’는 기록이 나오는데, 두 사찰 모두 조선 초기에 유명했던 사찰인 동림산(대성산이라고도 함) 대성사의 명맥을 잇기 위해 건립되었다",대성사,0437322274,255087.203475178    ,305186.714780572    ,충청북도 옥천군 이원면 강청리 98 - 4 ,A,,,1932,2019-11-21 16:31:54
6430000,4430000-007,1988-05-28,,영업/정상,,,,,,송림사,I,2026-01-14 17:13:09,충청북도 옥천군 옥천읍 문정1길 41,,BBBB,,,01,1920년 최모씨라는 스님이 사찰을 건립하고 유현성이 松林寺라는 사찰 이름을 지음.   ,송림사,0437323303,251608.901386194    ,311557.706327793    ,충청북도 옥천군 옥천읍 문정리 408 - 4 ,A,,,1920,2019-11-21 15:44:30
6430000,4440000-001,1988-05-28,,영업/정상,,,,,,영국사,I,2026-01-14 17:13:09,충청북도 영동군 양산면 영국동길 225-35,,BBBB,,,01,"ㅇ 신라 문무왕(文武王) 8년에 원각국사(圓覺國師)가 창건하였으며, 제32대 효소왕(孝昭王)이 신하들을 거느리고 피난하였던 곳으로 알려져 있는데, 고려 제23대 고종(高宗) 때 감역(監役) 안종필(安鍾弼)이 왕명으로 탑 ·부도 ·금당(金堂)을 중건하고, 절 이름을 국청사(國淸寺)라고 하였다.
ㅇ 영국사로 부르게 된 것은 고려 제31대 공민왕 때에 원(元)나라의 홍건적(紅巾賊)이 개성까지 쳐들어와 왕이 신하들을 거느리고 이곳에 몽진(蒙塵)하여 국태민안의 기도를 계속하였다. 마침내 근위병들이 홍건적을 무찌르고 개경(開京)을 수복하게 되자 왕이 기뻐하며 부처에게 감사드리고 떠나면서 절 이름을 영국사로 바꾸었다. 일설에는 조선 태조 때 세사국사(洗師國師)가 산명을 지륵, 절 이름을 영국이라 명명하였다고도 전한다.   ",영국사,0437438843,254865.27239107     ,295458.095825987    ,충청북도 영동군 양산면 누교리 1397 ,A,,,669,2024-04-03 16:05:20
6430000,4440000-002,1988-05-28,,영업/정상,,,,,,중화사,I,2026-01-14 17:13:09,충청북도 영동군 영동읍 화신로 529,,BBBB,,,01,"신라 진평왕 때 의상조사가 창건.
고려 공민왕(1352) 때 보각선사가 중창.
임진병화로 소실되었다가 조선 순조(1908)때 백의선사가 삼창하여 현재에 이름.  ",중화사,0437422057,275456.005521648    ,294513.153368441    ,충청북도 영동군 영동읍 화신리 32 - 1 ,A,,,676,2025-08-25 17:53:48
6430000,4440000-003,1988-05-28,,영업/정상,,,,,,반야사,I,2026-01-14 17:13:09,충청북도 영동군 황간면 백화산로 652,,BBBB,,,01,"신라 성덕왕 27호(서기728)에 원효대사의 제자 상원대덕이 창건.
고려 충렬왕 12년(1325) 학조대사가 다시 중창.   ",반야사,0437424199,281581.334742226    ,309230.625969277    ,충청북도 영동군 황간면 우매리 151 - 1 ,A,,,728,2022-06-28 11:36:53
6430000,4440000-004,1988-05-28,,영업/정상,,,,,,지장사,I,2026-01-14 17:13:09,충청북도 영동군 황간면 황간동로 284-28,,BBBB,,,01,"광무 2년 (1898) 토굴에서 석불을 봉안. 안치하였고 현 주지의 부친(오호준)이 창건.
1978년 현 주지가 법당 및 요사 일부를 보수.
1987년 대웅전 신축함. ",지장사,0437455738,282699.712372986    ,305545.906175184    ,충청북도 영동군 황간면 난곡리 524 - 4 ,A,,,1898,2023-03-16 18:00:05
6430000,4440000-005,1988-05-28,,영업/정상,,,,,,영천사,I,2026-01-14 17:13:09,충청북도 영동군 황간면 신흥2길 12-127,,BBBB,,,01,"1912년 이칠만씨 조부가 창건.
1969년 육아지 주지가 사찰보수 및 법당 재건립. 1992년 범준스님이 요사채 중수하고, 2003년 대웅전 신축   ",영천사,0437424344,281466.718497091    ,304949.36406305     ,충청북도 영동군 황간면 신흥리 132 - 1 ,A,,,1912,2023-05-10 09:13:44
6430000,4440000-006,1988-05-28,,영업/정상,,,,,,금성사,I,2026-01-14 17:13:09,충청북도 영동군 영동읍 난계로 1120-28,,BBBB,,,01,"신라 무열왕때 품일장군과 그 아들이 관창이 백제정복을 위해 이곳에  야숙.
관창이 황산벌에서 전사하자 품일장군이 명복을 비는 마음에서 창건.
임진왜란 때 소실, 1946년 박남파 스님이 법당을 건립하고 금성사라 칭함.     ",금성사,0437431110,268939.660858847    ,297665.252918914    ,충청북도 영동군 영동읍 부용리 436 - 2 ,A,,,670,2025-04-23 14:24:29
6430000,4440000-007,1988-05-28,,영업/정상,,,,,,영암사,I,2026-01-14 17:13:09,충청북도 영동군 심천면 심천로2길 59,,BBBB,,,01,"1938년 8월 10일 대지 100편에 김언연보살이 여암사 창건함.
1962년 조계종으로 승인과 동시 등록하였고 현재는 일붕 선교종으로 종단을 변경, 현재는 혜삼스님이 이곳에 와 관리하고 있음. ",영암사,0437426678,265131.604171499    ,304677.285847502    ,충청북도 영동군 심천면 심천리 238 ,A,,,1938,2019-11-21 17:10:04
6430000,4470000-003,1988-05-28,,영업/정상,,,,,,가섭사,I,2026-01-14 17:13:09,충청북도 음성군 음성읍 가섭길 494,,BBBB,,,01,"고려 공민왕 때 왕사였던 나옹화상이 창건.
조선인조 2년 벽암대사 중수함.
1938년 화재로 소실된 것을 당시 주지 윤원근이 중건.
1989년 극락보전 중건.
1990년 요사 중건.          ",가섭사,0438723104,262535.680197298    ,385249.5764249      ,충청북도 음성군 음성읍 용산리 1 - 2 ,A,,,1934,2019-11-21 16:13:33
6430000,4470000-004,1988-10-10,,영업/정상,,,,,,대경사,I,2026-01-14 17:13:09,충청북도 음성군 소이면 소이로143번길 16,,BBBB,,,01,본 사찰은 50년이 넘은 고사찰이라고 하나 근거자료가 없으며 1921년 최동호 지가 창건함.     ,대경사,0438725332,265985.633124589    ,382587.058660453    ,충청북도 음성군 소이면 비산리 566 ,A,,,1921,2019-11-21 17:04:22
6430000,4470000-005,1988-10-10,,영업/정상,,,,,,수도사,I,2026-01-14 17:13:09,충청북도 음성군 소이면 충도로86번길 61-0,,BBBB,1,,01,"ㅇ음성 수도사의 창건은 정확하게 알려져 있지 않으나, 1930년에 조헌창스님이 창건했다고 전한다
ㅇ이후 1970년에 청운스님이 수도사 주지로 부임하면서 야산에 농가형태로 창건된 사찰을 보수하고 도량을 정비했다. 
ㅇ이때 창건 당시 초가로 지어진 법당과 요사를 개수하면서 사찰로서의 면모를 갖추게 되었으며, 이후 1994년에 거의 폐사가 될 뻔한 가람을 다시 정비하고 근래에 산신각을 새로 지어 지금에 이르고 있다.
ㅇ사찰 내의 법당은 정면 2간 측면 1간의 맞배지붕 건물로, 창건 당시의 건물 그대로이다. 산신각은 자연암반을 둘러싸고 지은 건물로, 산신상과 산신탱화가 봉안되어 있다.",수도사,0438721072,265344.158222561    ,379993.826215578    ,충청북도 음성군 소이면 충도리 78 ,A,,,1934,2021-01-11 20:06:41
6430000,4480000-001,1988-10-10,,영업/정상,,,,,,원통암,I,2026-01-14 17:13:09,충청북도 단양군 대강면 황정산로 463-152,,BBBB,,,01,"고려 나옹국사가 창건하였다 하며, 임진왜란때 전소되어 1949년 재건하였으며 1965년 주지 남도각이 중건하였음.
현재 화재로 전소됨.    ",원통암,0434225735,319512.979373775    ,373285.889232964    ,충청북도 단양군 대강면 황정리 산 28 ,A,,,1353,2022-06-22 17:57:53
6430000,4480000-002,2010-03-11,,영업/정상,,,,,,대한불교천태종 총본산 구인사,I,2026-01-14 17:13:09,충청북도 단양군 영춘면 구인사길 73-0 (구인사),,BBBB,,,01,"ㅇ원각 상월(圓覺上月, 1911~1974)이 1945년 5월 ‘억조창생 구제중생 구인사(億兆蒼生救濟衆生救仁寺)’라는 이름으로 창건하였다. 
ㅇ1만여 명을 동시에 수용할 수 있는 5층짜리 현대식 콘크리트 건물인 대법당 설법보전(說法寶殿)과 목조 대강당인 광명당(光明堂), 관음전 등 50여 동의 전각을 건립하였다. 
ㅇ1976년 삼보당에 청동으로 조성한 상월 조사상을 봉안하였고, 1977년에 상월대조사비를 세웠다. 2008년에 천태종 역대조사전 건립하였음
ㅇ2013년 사찰 입구에 불교천태중앙박물관을 건립·개관하였다.      ",대한불교천태종 총본산 구인사,0434237100,331664.115854682    ,393338.339752841    ,충청북도 단양군 영춘면 백자리 132 - 1 1호,A,,,1945,2023-10-21 15:50:50
6430000,4480000-003,2017-01-19,,영업/정상,,,,,,미륵대흥사,I,2026-01-14 17:13:09,"충청북도 단양군 대강면 황정산로 423-0, 1동 (대흥사미륵석불)",,BBBB,,,01,"ㅇ 서기 646년(신라 선덕여왕 15년) 자장율사가 양산 통도사를 창건할 시기 함께 창건하였다고 전해지며, 한때 건물이 200칸을 넘었으며 오백나한을 모신 사찰로 유명했고,
    수도승만 천여명이 있던 대가람이었다 하나, 1876년(조선 고종 13년) 불에 탄 이후 폐사되었던 것으로 추정된다.   ",미륵대흥사,0434229108,320109.116106682    ,373602.751013672    ,충청북도 단양군 대강면 황정리 365 - 6 1호,A,,,646,2023-05-10 09:14:21
6430000,5570000-001,1988-10-10,,영업/정상,,,,,,광덕사,I,2026-01-14 17:13:09,충청북도 증평군 도안면 상그린로 239,,BBBB,,,01,"광덕사창건은 고려시대 경으로 추정되며 1949년 석불의 몽조를 얻어 이묘연 보살이 석불옆에 초암 3칸을 세우고 광덕리 이동명을 따라 광덕사라 함.
대웅전은 1949년 초옥 3칸으로 세워, 1978년에 시멘트 기와 3칸으로 중수했고 요사채는 1949년 초옥 6칸으로 세워, 1978년에 스레트기와로 중창, 1994년 말끔히 다시 단장했다.    ",광덕사,0438368379,255645.956792282    ,370331.302594308    ,충청북도 증평군 도안면 광덕리 산 21 - 2 ,A,,,1949,2019-10-10 19:18:43
6430000,5570000-002,1988-05-28,,영업/정상,,,,,,미륵사,I,2026-01-14 17:13:09,충청북도 증평군 증평읍 미륵댕이1길 13-5,,BBBB,,,01,"1938년 서정옥씨가 현재 석조관세음보살 입상 옆에 작은 암자를 세웠으며 한국동란으로 소실된 후 미륵사를 건립하여 사찰을 유지하여 왔음.
그후 김맹석시가 89~90년까지 20평의 법당과 180평의 요사를 3층 현대식 건물로 건립하여 사찰로 면모를 갖추고 있음.  ",미륵사,0438363689,252202.556119944    ,366118.674080599    ,충청북도 증평군 증평읍 송산리 산 1 - 5 ,A,,,1938,2019-11-21 17:11:09
6430000,5570000-003,1988-05-28,,영업/정상,,,,,,보타사,I,2026-01-14 17:13:09,충청북도 증평군 증평읍 초평로 1571,,BBBB,,,01,1875년 두타산 칠부능선에 암자를 창건 계승하다가 1968년 김영옥스님이 계승하고 1976년 취약성 독립가옥으로 철거된 후 800미터 쯤 내려와서 현재의 위치에 사찰을 창건하고 불법승 삼보의 보자와 두타산의 타자를 따서 보타살 명명 현재에 이르고 있음.     ,보타사,0438363832,248777.93012986     ,367162.929853241    ,충청북도 증평군 증평읍 연탄리 산 63 - 34 ,A,,,1875,2019-11-21 17:01:47
6430000,5710000-001,1988-05-28,,영업/정상,,,,,,안심사,I,2026-01-14 17:13:09,충청북도 청주시 서원구 남이면 사동길 169-28,,BBBB,,,01,"ㅇ 신라 헤공왕 11년(775)에 진표율사가 절을 짓고 그의 제자 수입인의 마음을 편하게 한다는 의미에서 안심사라 칭하였음
ㅇ 고려 충숙와 12년에 중수하고 조선 인조4년 송암대사가 충장하였다고 함   ",안심사,0432606165,247890.360324395    ,347603.215833535    ,충청북도 청주시 상당구 용암동 7 ,A,,,775,2025-04-23 14:34:41
6430000,5710000-002,1988-05-28,,영업/정상,,,,,,월리사,I,2026-01-14 17:13:09,"충청북도 청주시 상당구 문의면 염티소전로 55-100, 1동 (월리사)",,BBBB,,,01,"ㅇ월리사의 창건주는 신라의 고승 의상대로 구름을 벗 삼아 이곳 샘봉산 아래 절을 짓고는 보름달의 청정함에 큰 깨달음을 얻어 월리사라는 이름을 남겼다 하나 문헌상으로는 확인되지 않으며, 
ㅇ1632년(인조 10)경에 제작한 것으로 추정되는 호서승람 불우편에 월리초막(月裡草幕)이 등장하는 것을 시작으로 『여지도서』, 『호서읍지』 등에도 잇따라 등장한다.
ㅇ 따라서 조선후기에는 법등을 유지했던 것으로 보인다. 이를 증명하듯 월리사에는 1665년(현종 8) 절을 중건한 것을 기념하기 위해 세운 『월리사사적비』가 남아 있다.   ",월리사,0432217600,247523.700574963    ,329452.488885159    ,충청북도 청주시 상당구 문의면 문덕리 5 - 0 월리사 1호,A,,,신라무열왕,2019-11-21 16:22:59
6430000,5710000-003,1988-05-28,,영업/정상,,,,,,현암사,I,2026-01-14 17:13:09,충청북도 청주시 서원구 현도면 대청호반로 151-0,,BBBB,,,01,"ㅇ407년(백제 전지왕 3) 고구려 승려 선경(仙鏡)이 창건하였다. 선경은 달솔해충(達率解忠)의 발원을 받아서 창건하였다고 전해지며, 창건 설화에 의하면 선경이 노루가 앉았던 자리에 절을 세웠다고 한다. 
ㅇ665년(신라 문무왕 5) 원효가 중창하였다. 《신증동국여지승람》과 《여지도서》·《충청도읍지》 등에는 견불사(見佛寺) 또는 견불암(見佛庵)으로 나온다. 《문의읍지》에는 현사(懸寺)로도 기록되어 있으며, 현지에서는 다람절이라고도 한다. 1928년 동인(東寅)이 김상익(金相益)의 발원을 받아서 옛 절터에 중창하였다. 1945년 중건하였고, 1978년 종현(宗玄)이 2층 요사를 세웠다. 1986년 도공(道空)이 주지로 부임한 이후 대대적인 불사를 진행하여 오늘에 이르렀다. ",현암사,0439322749,242664.259554361    ,331149.403254672    ,충청북도 청주시 서원구 현도면 하석리 39 - 1 ,A,,,407,2019-11-21 16:22:08
6430000,5710000-004,1988-05-28,,영업/정상,,,,,,동화사,I,2026-01-14 17:13:09,"충청북도 청주시 서원구 남이면 척산화당로 444-0, 1호 (동화사)",,BBBB,,,01,"ㅇ구전에 따르면 신라 때 창건되었다고 한다. 실제로 이곳에서 출토된 유물이 통일신라 말에서 조선 중기에 이르기까지 다양하여 구전을 뒷받침한다.
ㅇ각종 지리지나 역사서에는 절 이름이 나오지 않지만, 《여지도서(輿地圖書)》에는 남수원불당(南水院佛堂)이라고 기록되어 있다. 지금도 인근에서는 남수원절이라는 이름으로 통하는 것을 보면 예전에는 남수원사라고 불렀음을 알 수 있다. 《여지도서》가 편찬된 조선 후기 영조 때에는 승려 2명이 머물던 작은 암자였다.
ㅇ1592년 임진왜란 때 불에 타 없어진 것을 약 100년 뒤 성(成)씨 문중에서 중창하고 매몰된 불상을 발굴하여 모셨다고 전한다. 이후 연혁은 전하지 않으며, 1949년 중수하여 오늘에 이른다.     ",동화사,0432609477,243381.396737244    ,338389.299549424    ,충청북도 청주시 서원구 남이면 문동리 150 - 0 동화사 1호,A,,,552,2019-11-21 17:06:08
6430000,5710000-005,1988-05-28,,영업/정상,,,,,,백족사,I,2026-01-14 17:13:09,충청북도 청주시 상당구 가덕면 은행상야로 441-122,,BBBB,,,01,"ㅇ근처에서 발굴된 유물로 보아 고려시대에 창건된 것으로 보이며, 본래 이름은 심진암(尋眞庵)이었으나 뒤에 산 이름을 따서 지금의 이름으로 바꾸었다함.
ㅇ 백족산이라는 이름은, 세조가 이 지역을 지나가다가 냇가에서 발을 씻었는데 발이 하얗게 보였다고 해서 백족(白足)이라고 하였다는 일화에서 유래하며, 
   조선 후기에 폐사된 것을 1930년에 대웅전을 지으며 중창하였음   ",백족사,0432685601,252194.260925818    ,343705.761155873    ,충청북도 청주시 상당구 가덕면 한계리 1 - 0 ,A,,,고려중기,2019-11-21 17:07:37
6430000,5710000-006,1988-05-29,,영업/정상,,,,,,화림사,I,2026-01-14 17:13:09,충청북도 청주시 상당구 가덕면 병암2길 101-0,,BBBB,,,01,"ㅇ전하는 유물로 보아 고려 초기에 창건된 것으로 보인다. 대웅전에 모셔진 약사불은 1940년에 계곡에서 발굴된 것으로 보주를 받들고 있는 모습을 하고 있으며 제작기법상 고려 초기의
    유물로 보인다. 법당 서쪽 숲의 2층 옥개석까지 남아 있는 석탑 1기 역시 고려시대 유행하던 양식을 하고 있다. 
ㅇ1978년에는 요사채 부근 기와더미에서 ‘청주(淸州)’라는 명문이 새겨진 수키와가 출토되었는데, 청주라는 지명은 940년경(고려 태조 23)의 이 지역 지명으로 절의 역사를 보다 확실히 알
   수 있게 되었다.  ",화림사,0432975321,252022.795633778    ,341383.47209699     ,충청북도 청주시 상당구 가덕면 병암리 69 - 1 ,A,,,고려시대,2019-11-21 16:23:18
6430000,6430000-001,2021-01-11,,영업/정상,,,,,,옥천사,I,2026-01-14 17:13:09,충청북도 제천시 수산면 월악로 3739-30,,BBBB,4,500,01,,옥천사,0434232085,311973.314487102    ,383577.366808187    ,충청북도 제천시 수산면 성리 7 - 0 ,,,,통일신라시대,2024-04-03 15:56:55
6430000,4440000-008,2001-11-14,,영업/정상,,,,,,영축선원,I,2026-01-14 17:13:09,충청북도 영동군 매곡면 해평길 240-29,,BBBB,,,01,,영축선원,0437438300,285228.115291595    ,294440.798261697    ,충청북도 영동군 매곡면 강진리 704 - 5 ,A,,,780,2019-10-11 11:11:35
6430000,4450000-002,1988-05-28,,영업/정상,,,,,,문수암,I,2026-01-14 17:13:09,충청북도 진천군 진천읍 금사로 252-106,,BBBB,,,01,"고려시대 창건 후 조선시대 없어졌던 것을 1962년 10월 공열우가 불당을 건축하였으며 1966년 3월 승려 변만규가 요사를 건축후 1970년 태고종에 등록하였고, 2003년 송담스님이 대웅전을 개축하였다.        ",문수암,0435329350,234909.236416658    ,368937.935423577    ,충청북도 진천군 진천읍 지암리 267 - 1 ,A,,,고려시대,2019-11-21 16:17:40
6430000,4450000-003,1988-05-28,,영업/정상,,,,,,대흥사,I,2026-01-14 17:13:09,충청북도 진천군 진천읍 문진로 1300-80,,BBBB,,,01,"고려시대 창건되었다가 폐쇄된 후 찬의 조중우가 신축하였고, 광무 11년 조창호가 중건, 1945년 승려 김학수가 다시 중수하였음.
1993년 차대술이 산신각, 대웅전을 신축하고 요사를 중수하였으며 88년도 극락전 신축, 99년 대웅전과 요사를 개축하였다.    ",대흥사,0435332696,237654.098837347    ,371117.120001162    ,충청북도 진천군 진천읍 원덕리 산 33 - 8 ,A,,,고려시대,2024-04-03 16:04:36
6430000,4450000-004,1988-05-28,,영업/정상,,,,,,성림사,I,2026-01-14 17:13:09,충청북도 진천군 덕산면 인화길 83,,BBBB,,,01,고려시대(1380년경)의 것으로 추정되는 마애여래조상이 있으며 주변에서 통일신라시대 이후의 기와조각이 수습되고 있어 옛 사지임을 알 수 있다. 현재의 사찰은 1970년 승려 전해산이 이곳에 사찰을 건축하고 성림사로 등록하였다.    ,성림사,0435364617,243511.588853209    ,375640.859721265    ,충청북도 진천군 덕산면 산수리 39 ,A,,,1965,2023-04-04 16:36:54
6430000,4450000-005,1988-05-28,,영업/정상,,,,,,영수사,I,2026-01-14 17:13:09,충청북도 진천군 초평면 영구리길 60-125,,BBBB,,,01,"고려태조 원년에 왕자 증통국사가 창건하였고 1624년 벽암대사가 중건하였다.
조선 순조 30년(1831) 지방민의 후원으로 규승 묘익이 중수하고, 고종 5년에 이한이 또다시 고쳤다.
1980년 헤철스님이 대웅전, 극락전, 선방을 새로이 지어 오늘에 이르고 있다.      ",영수사,0435346288,249117.769676091    ,370570.175628353    ,충청북도 진천군 초평면 영구리 542 ,A,,,918,2019-11-21 16:15:58
6430000,4450000-006,1988-05-28,,영업/정상,,,,,,용화사,I,2026-01-14 17:13:09,"충청북도 진천군 진천읍 소강정1길 83-0, 1동 1층 1호 (용화사)",,BBBB,,,01,,용화사,0435333204,240169.917264304    ,372751.367355078    ,충청북도 진천군 진천읍 신정리 584 - 1 용화사 1호,A,,,720,2019-11-21 16:19:57
6430000,4460000-001,1988-05-28,,영업/정상,,,,,,각연사,I,2026-01-14 17:13:09,충청북도 괴산군 칠성면 각연길 451,,BBBB,,,01,"신라 법흥왕 때 유일대사가 창건.
까치들이 톱밥과 나무조각을 물고가는 것을 뒤따라가니 연못에 톱밥을 떨어뜨리는데 못속을 보니 부처님이 있어 꺼내고 사찰을 지어 각연사라 칭하였음.
전 주지인 노유근 스님이 91~98년도까지 법당보수 및 요사, 삼성각, 종각, 선원 등을 신축.  ",각연사,0438326148,282759.720221833    ,361889.940683531    ,충청북도 괴산군 칠성면 태성리 38 ,A,,,515,2019-11-21 16:18:46
6430000,4460000-002,1988-05-28,,영업/정상,,,,,,보광사,I,2026-01-14 17:13:09,충청북도 괴산군 사리면 모래재로시동2길 231,,BBBB,,,01,"봉학사라는 사찰이 폐쇄된 후 봉학사지 남쪽에 보광산의 산이름을 따서 보광사를 건립함.
1925년 봉학사 폐사지에 권봉주 스님이 암자를 건립.
1936년 김봉삼 스님이 석불을 봉안하고 사찰을 건축함.   ",보광사,0438334538,,,충청북도 괴산군 사리면 사담리 산 2 - 30 ,A,,,1925,2019-11-21 17:03:58
6430000,4460000-003,1988-05-28,,영업/정상,,,,,,공림사,I,2026-01-14 17:13:09,충청북도 괴산군 청천면 괴산로공림길 104,,BBBB,,,01,"신라 경문왕이 자정국사를 흠모하여 경문왕 국령으로 창건하고 공림사라 칭함.
임진왜란때 소실되었으나 숙종 14년 중건, 1950년도 공비토벌시 전소, 1954년도 주지 강법화 스님이 극락전을 신축한 후 1990년대에 탄성스님이 법당, 요사, 선원 등을 신축하였음.    ",공림사,0438331029,272673.094506357    ,345691.371427563    ,충청북도 괴산군 청천면 사담리 산 11 ,A,,,874,2024-04-03 16:05:47
6430000,4460000-004,1988-05-28,,영업/정상,,,,,,개심사,I,2026-01-14 17:13:09,충청북도 괴산군 괴산읍 역말길 22,,BBBB,,,01,괴산군 괴산읍 서부리에 살던 김경림이 칠성면 두천리 도덕암이 폐사됨에 따라 1935년경 현재의 개심사로 불상2구를 옮겨와 불상을 안치하고 사찰을 건립함.   ,개심사,0438322633,270818.214103351    ,368471.110351644    ,충청북도 괴산군 괴산읍 동부리 428 - 1 ,A,,,조선,2019-11-21 15:40:02
6430000,4460000-005,1988-10-10,,영업/정상,,,,,,석천암,I,2026-01-14 17:13:09,충청북도 괴산군 청천면 삼송길 205-182,,BBBB,,,01,"1300년경 나옹대사가 창건하였다는 유래가 있으나 확실한 연대는 없음.
1987년 대웅전이 파손되고 요사가 전소되었으나 다시 복원되었음.      ",석천암,0438338275,280509.404698037    ,352761.759171964    ,충청북도 괴산군 청천면 삼송리 산 24 ,A,,,1300,2019-11-21 15:43:39
6430000,4460000-006,1988-05-28,,영업/정상,,,,,,채운암,I,2026-01-14 17:13:09,충청북도 괴산군 청천면 화양동2길 30,,BBBB,,,01,"고려 충렬왕 3년(1277) 도일선사기 수도암을 창건하고 광해군 2년 혜식선사가 중창 채운암이라 칭함.
현위치는 효종 3년 헤일선사가 환장사를 창건한 곳으로 1948년 큰홍수로 채운암이 파손되자 그 요사채 일부를 이곳으로 옮기고  환장사를 합쳐 채운암이라 함.     ",채운암,0438324330,272768.764889733    ,352223.317683653    ,충청북도 괴산군 청천면 화양리 412 ,A,,,1277,2024-08-28 08:38:46
6430000,4460000-007,1988-05-28,,영업/정상,,,,,,백운사,I,2026-01-14 17:13:09,"충청북도 괴산군 사리면 사리로소매2길 125-146, 1동 (백운사)",,BBBB,,,01,"고려 충숙왕 8년에 창건. 조선 영조때 소실.
1930년 중건, 1960년 소실 후 같은해 중건하고 현재에 이름.
산신각, 용왕전 등을 신축하고, 1996년 이래 법당, 요사채 등을 신축중임.       ",백운사,0438368813,259507.248968377    ,372829.185506738    ,충청북도 괴산군 사리면 소매리 산 20 ,A,,,1930,2025-06-17 10:22:59
6430000,4470000-001,1988-05-28,,영업/정상,,,,,,미타사,I,2026-01-14 17:13:09,충청북도 음성군 소이면 소이로61번길 164,,BBBB,,,01,"사찰의 창건연대는 뚜렷하지 않으나 전하는 말에 의하면 고려때에 창건되고 조선초 폐사되었다 함.
그후 영조때 화재로 인하여 전소되고 사지만 전하여 오다가 1965년현주지 및 신도들의 도움으로 임시 법당을 지어 석불을 봉안함.
1979년 극락전과 삼성각 건립
1980년 선신을, 1996년 요사를 건립   ",미타사,0438720522,264975.092011838    ,383989.721340923    ,충청북도 음성군 소이면 비산리 874 - 2 ,A,,,고려중기,2019-11-21 16:11:05
6430000,4470000-002,1988-05-28,,영업/정상,,,,,,화암사,I,2026-01-14 17:13:09,충청북도 음성군 원남면 보덕로 330,,BBBB,,,01,"화암사는 고찰사이었으나 폐허가 되어 오다가 1938년 김승원이 청진암굴을 재건하였음.
재건 당시에는 바위굴 속에 법당이 있었음.
1976년 석굴 앞 좌측에 원통보전, 우측에 요사를 중건함.     ",화암사,0438727689,256505.137155419    ,377736.544049634    ,충청북도 음성군 원남면 덕정리 442 - 2 ,A,,,1938,2019-11-21 15:39:12
6430000,4360000-001,1988-05-28,,영업/정상,,,,,,용화사,I,2026-01-14 17:13:09,충청북도 청주시 흥덕구 무심서로 565 (사직동),,BBBB,,,01,,용화사,0432742159,,,충청북도 청주시 흥덕구 사직동 216 - 1 ,A,,,1902,2019-10-10 17:36:23
6430000,4360000-002,1992-08-28,,영업/정상,,,,,,청룡사,I,2026-01-14 17:13:09,충청북도 청주시 흥덕구 청정로 116 (수의동),,BBBB,1,,01,"ㅇ절 주변에는 신라, 고려시대의 많은 절터가 남아 있다. 이러한 까닭으로 통일신라시대인 767년(혜공왕 3)에 이곳에도 대가람이 있었다고 전하고 있으나 확인할 바가 없다.
ㅇ지금의 청룡사는 1925년 청신녀 박문수행(朴文殊行)이 수숫대에 흙을 발라 띠집을 짓고 구도를 시작하면서 비롯됐다. 그 뒤 1964년 이해송(李海松)스님, 1970년 김보안(金保安)스님을
   거쳐 1987년부터는 현재의 주지 월담(月潭)스님이 주석하고 있다.
ㅇ절의 연혁은 1975년에 건립된 『창건주박문수행공덕비(創建主朴文殊行功德碑)』를 참고할 수 있다. 비문에 의하면 절은 처음 1925년에 3칸의 토굴로 시작했다가 1961년에 3칸의 초가로 
   법당을 지으면서 청룡암이라 절 이름을 짓고, 1967년에 다시 지금의 법당을 지었으며, 1968년에는 산신각을 지었다고 한다.",청룡사,0432336078,233880.881875479    ,345079.141306059    ,충청북도 청주시 흥덕구 수의동 507 ,A,,,1925,2019-11-21 16:35:40
6430000,4360000-003,1988-05-28,,영업/정상,,,,,,용암사,I,2026-01-14 17:13:09,,,BBBB,1,,01,도로명주소 부존재(청주대학교내)  ,용암사,0432210534,,,충청북도 청주시 상당구 우암동 4-1 ,C,청주용암사비로사나불좌상(지방유형문화재 200400036)  전통사찰 취소 후 청주대 박물관 소장,2009-04-15,신라시대,2019-11-21 16:37:07
6430000,4360000-004,1992-01-29,,영업/정상,,,,,,복천암,I,2026-01-14 17:13:09,충청북도 청주시 상당구 교동로71번길 120 (수동),,BBBB,1,,01,,복천암,0432594043,244646.875389844    ,349240.451783544    ,충청북도 청주시 상당구 수동 5 - 2 ,A,,,1928,2019-11-21 16:32:34
6430000,4360000-005,1988-05-28,,영업/정상,,,,,,보살사,I,2026-01-23 21:01:30,충청북도 청주시 상당구 낙가산로 168 (용암동),,BBBB,1,,01,"ㅇ 낙가산기슭에 현존하는 고찰로 사기에 의하면 신라 진흥왕 28년 창건하였다 함
ㅇ숙종9년(1683)에 세운 사중수비에 의하면 세조4년(1458)어명으로 연기인 벽암의 고제경특에 의거 관리함
ㅇ 임진왜란 후에 대폭 중수하여 오다가 고종9년(1872)2월 26일 일륜대사가 중수하여 오늘에 이름 ",보살사,0432977526,247890.360324395    ,347603.215833535    ,충청북도 청주시 상당구 용암동 7 ,A,,,567,2026-01-22 14:30:53
6430000,4360000-006,1992-08-23,,영업/정상,,,,,,보현사,I,2026-01-14 17:13:09,"충청북도 청주시 청원구 우암산로 190-37 (우암동,보현사)",,BBBB,1,,01,보현사 건물 철거로 전통사찰 기능 상실로 지정해제(2024. 1.18.) ,보현사,0432594926,244718.917173816    ,350053.658241422    ,충청북도 청주시 상당구 우암동 산 25 ,C,보현사 건물 철거로 전통사찰 기능 상실,2024-02-01,1935,2024-01-31 13:29:33
6430000,4360000-007,1992-08-24,,영업/정상,,,,,,연화사,I,2026-01-14 17:13:09,충청북도 청주시 흥덕구 부모산로 134 (비하동),,BBBB,1,,01,,연화사,0432323807,236772.252950242    ,348259.342045713    ,충청북도 청주시 흥덕구 비하동 395 - 29 ,A,,,1928,2019-11-21 16:33:37
6430000,4390000-001,1988-05-28,,영업/정상,,,,,,단호사,I,2026-01-14 17:13:09,충청북도 충주시 충원대로 201 (단월동),,BBBB,,,01,단호사는 철불좌상으로 보아 11세기경에 창건된 것으로 추정되나 현판의 기록에는 조선 숙종때 창건하고 약사로 불리던 것을 1954년에 단호사라 개칭      ,단호사,0438517879,280174.533300945    ,383177.506109127    ,충청북도 충주시 단월동 455 ,A,,,1700,2024-07-18 16:10:07
6430000,4390000-002,1988-05-28,,영업/정상,,,,,,봉학사,I,2026-03-12 21:01:32,충청북도 충주시 중앙탑면 장천윗말1길 173,,BBBB,,,01,"약 200여년전 여승 임광세가 창건.
봉선암을 1974년 장연사로 사찰명을 개명하고 1991년 다시 봉선암의 봉자와 산세가 학이 날아가는 형세라 하여 봉학사로 사찰명을 변경하였음.       ",봉학사,0438435723,276225.509132378    ,394880.267425955    ,충청북도 충주시 가금면 장천리 산 73 ,A,,,1924,2026-03-11 09:10:19
6430000,4390000-003,1988-05-28,,영업/정상,,,,,,대원사,I,2026-01-14 17:13:09,충청북도 충주시 사직산12길 55 (지현동),,BBBB,,,01,창룡사 주지였던 김추월선사가 충주시내에 불교포교당을 건립하기 위한 시민의 협조를 얻어 1929년 2월 11일 기공하여 동년 9월 18일 준공.     ,대원사,0438474059,282676.598447259    ,385700.674720696    ,충청북도 충주시 지현동 269 ,A,,,1929,2019-10-10 17:18:11
6430000,4390000-004,1988-05-28,,영업/정상,,,,,,창룡사,I,2026-01-14 17:13:09,충청북도 충주시 고든골길 63-89 (직동),,BBBB,,,01,"신라 문무왕때  원효대사가 창건함.
고려 공민왕때 나옹화상이 중수. 조선 선조때 서산대사가 다시 중수. 1870년 조병로 목사가 수비청 건립을 위하여 철거후 1905년에 신도박씨에 의해 중수.   ",창룡사,0438472702,285430.222269327    ,383785.898199436    ,충청북도 충주시 직동 366 ,A,,,680,2019-11-21 10:34:22
6430000,4390000-005,1988-05-28,,영업/정상,,,,,,백운암,I,2026-01-14 17:13:09,충청북도 충주시 엄정면 내창로 617-80,,BBBB,,,01,파평윤씨의 장녀인 무당이 충주에 피난온 명성황후에게 얼마후면 환도할 것이라고 예언하였는데 황후가 환궁하게되자 진령군 여대감의 벼슬을 내렸는데 윤씨는 1886년 백의철 불몽현으로 현위치에 철불을 안치후 절을 세웠다고 함.       ,백운암,0438523414,281796.403850919    ,401841.710692997    ,충청북도 충주시 엄정면 괴동리 223 - 2 ,A,,,1884,2019-11-21 15:23:24
6430000,4390000-006,1988-05-28,,영업/정상,,,,,,정심사,I,2026-01-14 17:13:09,충청북도 충주시 유주막로 248 (단월동),,BBBB,,,01,"고려말에 월은사, 조선시대는 봉암사 또는 호암사라 불리고 일제때는 개운사로 되었다가 청심사로 됨     ",정심사,0438482072,282635.549564345    ,382243.89137146     ,충청북도 충주시 단월동 2 - 14 ,A,,,1600경,2019-11-21 16:30:26
6430000,4390000-007,1988-08-10,,영업/정상,,,,,,청룡사,I,2026-01-14 17:13:09,충청북도 충주시 소태면 청룡사지길 147,,BBBB,,,01,"고려말 소암자가 있었다고 하며 1665년(강회 4년) 중수함.
1921년 이옹성 주지가 암자를 다시 중건하였음.
1959년 다시 중수하여 현재에 이름.  ",청룡사,0438540633,274597.417649291    ,403714.322528468    ,충청북도 충주시 소태면 오량리 561 - 1 ,A,,,고려공민왕,2019-11-21 15:17:41
6430000,4390000-008,1988-05-28,,영업/정상,,,,,,신흥사,I,2026-01-14 17:13:09,충청북도 충주시 엄정면 족동2길 197,,BBBB,,,01,"1890년 참봉을 지내던 오영근이 동민들에게 자재를 희사받아 창건함.
1905년 승려 이영월이 중창하고 1952년 재중창.
1976년 이각규 주지가 중수하여 현재에 이름.    ",신흥사,0438524261,283971.324645099    ,401510.641280507    ,충청북도 충주시 엄정면 신만리 산 3 - 6 ,A,,,1890,2019-11-21 15:15:32
6430000,4390000-009,1998-11-16,,영업/정상,,,,,,석종사,I,2026-01-14 17:13:09,충청북도 충주시 직동길 271-56 (직동),,BBBB,,,01,"고려시대, 사찰로  추정되는 죽정사터에 1986년 창건하고, 석종사로 개칭함.
충북 지유 제66호인 청년헌과 제67호인 제금당이 석종사의 전신인 죽정사의 목재로 건립.   ",석종사,0438544505,286247.333121307    ,383431.007217266    ,충청북도 충주시 직동 148 - 1 ,A,,,미상,2019-10-11 11:09:51
6430000,4390000-010,1988-05-28,,영업/정상,,,,,,미륵세계사,I,2026-01-14 17:13:09,"충청북도 충주시 수안보면 미륵리사지길 150-0, 1동 (미륵세계사)",,BBBB,,,01,"ㅇ전설에 의하면 신라 56대 경순왕의 딸 덕주공주와 마의태자가 신라의 멸망을 슬퍼하여 금강산으로 가는 도중에 누이인 덕주공주는 월악산에 덕주사를 조성하여
    남쪽을 바라보도록 마애불(磨崖佛)을 만들고, 마의태자는 석굴 가람을 조성하여 북쪽을 향해 덕주사를 바라보게 하였다고 한다. 
 ㅇ충주 미륵대원지는 현재 미륵세계사에 의해 불법의 등불을 이어가고 있다. 미륵세계사는 1960년에 창건되었음  ",미륵세계사,0438563987,297600.909472817    ,369535.872697499    ,충청북도 충주시 수안보면 미륵리 47 - 1 1호,A,,,연대미상,2024-06-18 19:01:18
6430000,4400000-002,1988-05-28,,영업/정상,,,,,,백련사,I,2026-01-14 17:13:09,충청북도 제천시 봉양읍 명암로5길 414,,BBBB,,,01,신라 문무왕2년 임술해에 의상조사가 장연지 동쪽에 소암자를 창건하고 백연암이라 하였다. 헌덕왕 11년(819)에 그 자리에 무착조사가 중수함.,백련사,0436534996,300987.446388919    ,414644.134059696    ,충청북도 제천시 봉양읍 명암리 325 ,A,,,1068,2019-11-21 16:06:17
6430000,4400000-003,1988-05-28,,영업/정상,,,,,,복천사,I,2026-01-14 17:13:09,충청북도 제천시 독순로21길 14 (교동),,BBBB,,,01,"현사찰은 칠성봉중에 하나인 독순봉에 1903년 산신당이 있던 자리에 창건함.
1780년에 조성한 복천사 석탑이 남아있음.    ",복천사,0436474165,308117.02354652     ,404798.993935108    ,충청북도 제천시 교동 140 - 25 ,A,,,1955,2019-11-21 17:10:28
6430000,4400000-004,1988-05-28,,영업/정상,,,,,,무암사,I,2026-01-14 17:13:09,충청북도 제천시 금성면 청풍호로39길 285,,BBBB,,,01,"신라 문무왕때 이상대사가 창건시 무림사였으나 무림사 남쪽으로 크기 5미터 정도의 바위가 있어 무암사로 개칭.
영조 16년(1740)에 중수한 것임.       ",무암사,0436520897,303773.948284417    ,393388.262904698    ,충청북도 제천시 금성면 성내리 산 1 - 1 ,A,,,821,2020-07-06 13:53:20
6430000,4400000-005,1988-05-28,,영업/정상,,,,,,원각사,I,2026-01-14 17:13:09,충청북도 제천시 의병대로 118 (남천동),,BBBB,,,01,"고려시대 나옹화상이 만든 목조관세음보살상을 보유하고 있는 사찰로 역사성이 있는 사찰임.
1936년 박태호스님이 단양군 대강면 대흥사가 소실되어 불상을 가지고 와서 현위치에 사찰을 건립.   ",원각사,0436472840,307772.272214075    ,404363.319310205    ,충청북도 제천시 남천동 967 ,A,,,1936,2019-11-21 17:02:43
6430000,4400000-006,1988-05-28,,영업/정상,,,,,,고산사,I,2026-01-14 17:13:09,충청북도 제천시 덕산면 월악로9길 113,,BBBB,,,01,"신라 헌강왕때 도총화상이 창건.
1956년 중수하였으며 신라말에 축성된 월형산성이 둘러싸고 있음.  ",고산사,0436460198,299315.146950038    ,381279.238046813    ,충청북도 제천시 덕산면 신현리 1653 ,A,,,886,2022-08-02 14:09:01
6430000,4400000-007,1988-05-28,,영업/정상,,,,,,정방사,I,2026-01-14 17:13:09,충청북도 제천시 수산면 옥순봉로12길 165,,BBBB,,,01,"신라 문무왕때 의상조사가 견성 성불하기 위하여 창건하더니 당에 유학하였다 함.(군지기록)
의상대사가 신통력을 얻어 절을 하나 창건하고자 지팡이를 공중으로 던지고 지팡이를 따라가 보니 현 정방사 자리에 꽂혀서 꽃이 되었다는 것임.",정방사,0436477399,307416.420779962    ,389287.258736021    ,충청북도 제천시 수산면 능강리 산 52 ,A,,,662,2023-07-13 13:13:36
6430000,4400000-008,1988-05-28,,영업/정상,,,,,,신륵사,I,2026-01-14 17:13:09,충청북도 제천시 덕산면 월악산로4길 180,,BBBB,,,01,신라 진평왕 4년(582년)에 아도화상이 창건하고 문무왕 때 원효대사가 중창하고 조선때 무학대사와 서산대사가 중수한 고찰임. ,신륵사,0436533803,300689.954295793    ,375900.053710444    ,충청북도 제천시 덕산면 월악리 803 - 5 ,A,,,582,2024-06-18 19:00:16
6430000,4400000-009,1988-05-25,,영업/정상,,,,,,강천사,I,2026-01-14 17:13:09,충청북도 제천시 송학면 옥천3길 56-10,,BBBB,,,01,산 79번지에 있는 3층석탑 자리에 신라시대의 절이 있었으며 현재의 강천사가 있는 곳은 암자터인데 이대암스님이  1946년 현위치에 건립.   ,강천사,0436422241,312382.052098246    ,412382.941141578    ,충청북도 제천시 송학면 시곡리 산 79 - 6 ,A,,,1962,2019-10-11 09:07:22
6430000,4400000-010,1988-05-28,,영업/정상,,,,,,월명사,I,2026-01-14 17:13:09,충청북도 제천시 송학면 시곡길 81,,BBBB,,,01,1929년 4월 이원성 처사가 창건 오늘에 이르고 있으며 유래를 알 수 없음.   ,월명사,0436434733,313192.006100787    ,411645.952465021    ,충청북도 제천시 송학면 시곡리 719 - 2 ,A,,,1929,2019-11-21 16:30:47
6430000,4400000-011,1988-10-10,,영업/정상,,,,,,덕주사,I,2026-01-14 17:13:09,충청북도 제천시 한수면 미륵송계로2길 87,,BBBB,,,01,신라 진평왕 9년(587년) 창건. 한국동란 당시 소실되고 그 후 1970년 현재의 덕주사 법당 5칸을 건축 오늘에 이름,덕주사,0436531773,297905.055116372    ,373946.14973254     ,충청북도 제천시 한수면 송계리 3 ,A,,,587,2021-06-01 11:18:42
6430000,4400000-012,2006-01-06,,영업/정상,,,,,,한산사,I,2026-01-14 17:13:09,충청북도 제천시 용두천로8길 27 (남천동),,BBBB,2,1000,01,"ㅇ고려 명종 24년(1194년)에 조혜사(照慧寺)로 창건 되어 법등을 밝혀오다가 1934년에 사찰의 면모를 일신하는 과정에서 한산사로 개칭하였다.1984년 현해스님이 법당과 요사체를 중창했고, 2003년에 주지로 부임한 동범스님이 경내에 모셔 있는 마애석불 부처님을 2004년 10월 ‘제천 한산사 석조여래입상(提川 寒山寺 石造如來立像)’으로 충청북도 문화재 자료 제45호 지정 받았다. ",한산사,0436463047,307742.933305158    ,404316.225384817    ,충청북도 제천시 남천동 1020 (7) ,A,,,1194,2025-04-24 09:04:46
6430000,4400000-013,2015-01-30,,영업/정상,,,,,,경은사,I,2026-01-14 17:13:09,충청북도 제천시 백운면 금봉로 276-0,,BBBB,,,01,"ㅇ조선 시대 승려 탄명(坦明)이 수행하였다고 전해지는 사찰로, 도덕암(道德庵) 혹은 백운암(白雲庵)이라고도 불렸다. 사찰에 전해지는 기록에 의하면, 
   사찰이 멸실된 터에 신심 있는 불자가 작은 토굴(土窟)을 마련하여 명맥을 이었으나 1939년 화재로 전소(全燒)되었다고 한다.
ㅇ이후 1940년 운경화상이 중창하여 백운사로 불렀으며, 1942년에 화재로 전소된 법당을 재건하면서 사찰 명칭을 경은사로 바꾸었다고 한다. 현재의 주차장 자리가
   옛 절터로 추정되고 있다. 1973년 대한불교 조계종에 사찰 등록을 하였으며, 1985년에 승려 수경이 대웅전(大雄殿)과 삼성각(三聖閣)을 이전하여 중건하였다.  ",경은사,0436526133,292820.925459898    ,405958.272501121    ,충청북도 제천시 백운면 평동리 107 - 1 ,A,,,1940중창,2019-11-21 16:25:15
6430000,4400000-001,1988-10-10,,영업/정상,,,,,,장락사,I,2026-01-14 17:13:09,충청북도 제천시 탑안로8길 24 (장락동),,BBBB,,,01,"모전탑은 주로 경북 안동지역에 분포한 것과 동일한 양식의 탑으로 경주 분황사탑에서 파생된 양식임.
1967년 옛사지를 해체보수후 1969년 7월 7일 창사함.     ",장락사,0436437502,309276.885320711    ,405831.445370971    ,충청북도 제천시 장락동 64 ,A,,,1968,2024-06-18 17:13:29
6430000,4410000-007,1988-10-10,,영업/정상,,,,,,운용사,I,2026-01-14 17:13:09,충청북도 청원군 미원면 운용길 27-9,,BBBB,,,01,"ㅇ현재는 토지와 건물의 소유권이 타인에게 이전(천주교 청주교구)되고, 폐쇄되어 빈터만 남았음

본래 운용마을에서 약 1km 떨어진 절터골의 태고종에 속하는 작은 암자였음
고사지에서 석불좌상이 발견되어 이를 봉안하고 1979년 독립가옥 철거시 현위치로 이전되었으나,
※ 불상은 전통사찰과 관련없는 동일명칭의 인근 사찰(운용사)에서 봉안하고 있음. ",운용사,0432250909,,,충청북도 청원군 미원면 운용리 274 - 2 ,A,,,,2021-03-11 14:49:00
6430000,4420000-001,1988-05-28,,영업/정상,,,,,,법주사,I,2026-01-14 17:13:09,충청북도 보은군 속리산면 법주사로 405,,BBBB,,,01,"법주사는 신라 진흥왕 14년 의신조사가 창건.
혜공왕 12년(776) 진표율사가 중수
조선조에 임진왜란을 소실되고 인조2년(1642)에 벽암대사가 재건 현재에 이름.        ",법주사,0435433615,274534.565752255    ,338193.317476284    ,충청북도 보은군 속리산면 사내리 209 ,A,,,553,2024-04-25 15:46:34
6430000,4420000-002,1988-05-28,,영업/정상,,,,,,복천암,I,2026-01-14 17:13:09,충청북도 보은군 속리산면 법주사로 702-5,,BBBB,,,01,"신라 성덕왕 19년에 창건.
조선 인조 2년(1624)에 벽암대사가 중창.
조선 세조 10(1464)년에 행차하시어 이 복천암의 고승인 신미대사와 학조대사등을 인견하고 3일간 기예하였으며 일면에 용형이 조각되고 사우에는 만년보역이라 쓴 사각 왕판을 하사하였으며 대암석이 있어 그 속에서 청명한 청수가 흘러나오고 있어 복천암이라 칭하였음.    ",복천암,0435434774,276253.947026222    ,339314.917420537    ,충청북도 보은군 속리산면 사내리 산 1 - 19 ,A,,,720,2019-11-21 15:59:46
6440000,4580000-002,1988-06-18,,영업/정상,,,,,,영수암,I,2025-12-15 16:15:28,충청남도 서천군 종천면 충서로143번길 64,,BBBB,,,01,"1500년경 창건으로 전함.
  ",영수암,0419533327,169703.922294537    ,287890.585136372    ,충청남도 서천군 종천면 장구리 1 ,A,,,1500,2014-01-28 17:34:26
6440000,4590000-001,1988-06-18,,영업/정상,,,,,,장곡사,I,2025-12-15 16:15:28,충청남도 청양군 대치면 장곡길 241,,BBBB,,,01,"백제 법왕 원년(599) 보조법사가 창건.
 ",장곡사,0419426769,187336.436435862    ,324053.346562444    ,충청남도 청양군 대치면 장곡리 15 ,A,,,599,2014-01-28 17:56:33
6440000,4590000-002,1988-06-18,,영업/정상,,,,,,정혜사,I,2025-12-15 16:15:28,충청남도 청양군 장평면 상지길 165-10,,BBBB,,,01,"신라 문성왕 3년 진감혜소가 창건
  ",정혜사,0419426623,186982.864593961    ,318719.678214557    ,충청남도 청양군 장평면 화산리 ,A,,,841,2014-01-28 19:30:22
6440000,4590000-003,1993-02-03,,영업/정상,,,,,,봉정사,I,2025-12-15 16:15:28,충청남도 청양군 비봉면 여의실길 367,,BBBB,,,01,"조선시대 창건으로 전함
  ",봉정사,0419422094,182990.567783694    ,331728.194956963    ,충청남도 청양군 비봉면 신원리 산113 ,A,,,조선,2014-01-28 15:27:49
6440000,4600000-001,1988-06-18,,영업/정상,,,,,,석련사,I,2025-12-15 16:15:28,충청남도 홍성군 구항면 구성북로160번길 76,,BBBB,,,01,"655년에 무렴국사의 창건으로 전함
  ",석련사,0416327506,165778.878458594    ,344873.699506374    ,충청남도 홍성군 구항면 오봉리 171-2 ,A,,,655,2014-01-28 17:59:23
6440000,4600000-002,1988-06-18,,영업/정상,,,,,,고산사,I,2025-12-15 16:15:28,충청남도 홍성군 결성면 만해로127번길 35-99,,BBBB,,,01,"신라말 연기도선이 창건 인조 6년(1628)설옥이 중창.
  ",고산사,0416428254,158499.773173003    ,338323.085298487    ,충청남도 홍성군 결성면 무량리 498 ,A,,,신라말,2014-01-28 18:01:09
6440000,4600000-003,1988-09-20,,영업/정상,,,,,,산혜암,I,2025-12-15 16:15:28,충청남도 홍성군 홍성읍 홍덕서로 185-22,,BBBB,,,01,"668년에 창건되었다고 전함.
  ",산혜암,0416323196,166484.279791174    ,345443.259317388    ,충청남도 홍성군 홍성읍 월산리 산1 ,A,,,668,2014-01-28 18:02:53
6440000,4600000-004,1988-09-20,,영업/정상,,,,,,용봉사,I,2025-12-15 16:15:28,충청남도 홍성군 홍북면 용봉산1길 109,,BBBB,,,01,"백제시대 창건으로 전함.
  ",용봉사,0416328917,169145.096691667    ,349929.703659084    ,충청남도 홍성군 홍북면 신경리 510-24 ,A,,,백제,2014-01-28 18:03:43
6440000,4600000-005,1988-09-20,,영업/정상,,,,,,정암사,I,2025-12-15 16:15:28,충청남도 홍성군 광천읍 오서길 625,,BBBB,,,01,"527년 창건으로 전함.
 ",정암사,0416410488,168257.387716632    ,330046.056758746    ,충청남도 홍성군 광천읍 담산리 산1 ,A,,,527,2014-01-28 18:04:41
6440000,4600000-006,1988-09-20,,영업/정상,,,,,,내원사,I,2025-12-15 16:15:28,충청남도 홍성군 장곡면 장곡길438번길 435,,BBBB,,,01,"백제시대 창건으로 전함.
  ",내원사,0416421809,169457.042688857    ,329467.905286455    ,충청남도 홍성군 장곡면 광성리 966 ,A,,,백제,2014-01-28 18:05:42
6440000,4600000-007,2005-01-20,,영업/정상,,,,,,구절암,I,2025-12-15 16:15:28,충청남도 홍성군 구항면 거북로218번길 163,,BBBB,,,01,,구절암,,166432.711886642    ,340969.544958138    ,충청남도 홍성군 구항면 지정리 570-1 ,A,,,백제,2014-01-28 19:13:58
6440000,4610000-001,1988-06-18,,영업/정상,,,,,,수덕사,I,2025-12-15 16:15:28,충청남도 예산군 덕산면 사천1길 79,,BBBB,,,01,"599년 백제 법왕때 지명법사 창건, 
대웅전은 1308년(충렬왕 34년)에 건립.
  ",수덕사,0413376565,,,충청남도 예산군 덕산면 사천리 20 ,A,,,599,2014-01-28 18:07:19
6440000,4610000-002,1988-06-18,,영업/정상,,,,,,향천사,I,2025-12-15 16:15:28,충청남도 예산군 예산읍 향천사로 117-20,,BBBB,,,01,"백제 의각선사가 창건.
",향천사,0413313556,187518.286816049    ,354355.019615384    ,충청남도 예산군 예산읍 향천리 57 ,A,,,656,2007-07-11 09:58:53
6440000,4610000-003,1988-06-18,,영업/정상,,,,,,보덕사,I,2025-12-15 16:15:28,충청남도 예산군 덕산면 가야산로 400-74,,BBBB,,,01,"조선 고종 8년 창건함.
  ",보덕사,0413374350,167379.400254418    ,357564.310831782    ,충청남도 예산군 덕산면 상가리 227 ,A,,,1871,2014-01-28 18:08:20
6440000,4610000-004,1988-06-18,,영업/정상,,,,,,대련사,I,2025-12-15 16:15:28,충청남도 예산군 광시면 동산2길 119,,BBBB,,,01,656년에 도침선사가 창건.  ,대련사,0413320408,180260.805976824    ,342942.397681066    ,충청남도 예산군 광시면 동산리 산11 ,A,,,656,2014-01-28 18:09:46
6440000,4610000-005,2003-04-14,,영업/정상,,,,,,법륜사,I,2025-12-15 16:15:28,충청남도 예산군 예산읍 향천사로 835-83,,BBBB,,,01,"1945년 법인스님에 의해 창건.

석굴법당 우측 편에 볼 수 있는 마애불상은 이 절의 역사성을 보여줄 수 있는 귀중한 자료임.
  ",법륜사,0413376609,,,충청남도 예산군 삽교읍 313-35 ,A,,,1945,2014-01-28 15:38:56
6440000,4610000-006,1988-09-20,,영업/정상,,,,,,화암사,I,2025-12-15 16:15:28,충청남도 예산군 신암면 용궁1길 21-29,,BBBB,,,01,"1752년에 창건.
",화암사,0413329250,182104.003971926    ,359704.807451425    ,충청남도 예산군 신암면 용궁리 202 ,A,,,1752,2007-07-11 10:08:31
6440000,4620000-001,1988-06-18,,영업/정상,,,,,,태을암,I,2025-12-15 16:15:28,충청남도 태안군 태안읍 원이로 78-132,,BBBB,,,01,"연혁 및 유래가 전하지 않음.
  ",태을암,0416721440,,,충청남도 태안군 태안읍 동문리 817-2외 3필지 ,A,,,연대미상,2014-01-28 18:10:55
6440000,4620000-002,1988-06-18,,영업/정상,,,,,,흥주사,I,2025-12-15 16:15:28,충청남도 태안군 태안읍 속말1길 61-61,,BBBB,,,01,"백제 구수왕때 창건으로 전함. 

1421년 중건.
",흥주사,0416746473,138686.133897021    ,363548.58833803     ,충청남도 태안군 태안읍 상옥리 1154 ,A,,,222,2007-02-22 14:43:20
6440000,4620000-003,1988-06-18,,영업/정상,,,,,,태국사,I,2025-12-15 16:15:28,충청남도 태안군 근흥면 안흥성길 9-29,,BBBB,,,01,"연혁 및 유래가 전하지 않음. 

1420년 중건.
  ",태국사,0416751228,124675.128241229    ,353915.494528269    ,충청남도 태안군 근흥면 정죽리 1078 ,A,,,연대미상,2014-01-28 18:12:01
6440000,4630000-001,1988-06-18,,영업/정상,,,,,,영랑사,I,2025-12-15 16:15:28,충청남도 당진시 고대면 진관로 142-52,,BBBB,,,01,"664년 창건으로 전함.
  ",영랑사,0413538053,163774.6281881      ,379084.017423844    ,충청남도 당진군 고대면 진관리 ,A,,,664,2014-01-28 19:18:26
6440000,4630000-002,1988-06-18,,영업/정상,,,,,,보덕사,I,2025-12-15 16:15:28,충청남도 당진시 석문면 보덕포로 582-65,,BBBB,,,01,"1672년 창건으로 전함.
  ",보덕사,0413539306,166587.325738538    ,383866.397833806    ,충청남도 당진군 석문면 삼화리 39-2 ,A,,,1672,2014-01-28 18:14:22
6440000,4630000-003,1988-06-18,,영업/정상,,,,,,영탑사,I,2025-12-15 16:15:28,충청남도 당진시 면천면 성하로 139-33,,BBBB,,,01,"신라말 도선이 개산하고 고려 제25대 충렬왕때 보조지눌이 중창한 사찰임
  ",영탑사,0413563204,168697.042294439    ,367667.506521941    ,충청남도 당진군 면천면 성하리 560 ,A,,,신라말,2014-01-28 18:15:39
6440000,6440000-001,1988-06-18,,영업/정상,,,,,,관촉사,I,2025-12-15 16:15:28,충청남도 논산시 관촉로1번길 25 (관촉동),,BBBB,,,01,,관촉사,0417365700,210098.928019151    ,298631.340884891    ,충청남도 논산시 관촉동 254 ,A,,,1004,2013-08-13 10:58:06
6440000,4490000-001,1988-06-18,,영업/정상,,,,,,성불사,I,2025-12-15 16:15:28,충청남도 천안시 동남구 성불사길 144 (안서동),,BBBB,,,01,"고려 태조 4년 연기도선이 창건.
 ",성불사,0415654567,217494.963128491    ,369697.214443316    ,충청남도 천안시 안서동 178-8 ,A,,,921,2011-10-30 14:55:54
6440000,4490000-002,1988-06-18,,영업/정상,,,,,,은석사,I,2025-12-15 16:15:28,충청남도 천안시 동남구 북면 박문수길 174-1,,BBBB,,,01,"신라 문무왕 때 원효대사가 창건한 것으로 전함.
   ",은석사,0415583941,224489.196588469    ,364052.781531413    ,충청남도 천안시 북면 은지리 1-4 ,A,,,신라시대(연대미상),2014-01-28 15:44:26
6440000,4490000-003,1988-06-18,,영업/정상,,,,,,만일사,I,2025-12-15 16:15:28,충청남도 천안시 서북구 성거읍 천흥4길 503,,BBBB,,,01,,만일사,0415614799,219510.13942833     ,372165.897998617    ,충청남도 천안시 성거읍 천흥리 산 50 - 9 ,A,,,921,2014-01-28 18:13:03
6440000,4490000-004,1988-06-18,,영업/정상,,,,,,광덕사,I,2025-12-15 16:15:28,충청남도 천안시 동남구 광덕면 광덕사길 30,,BBBB,,,01,,광덕사,0415670050,203709.06502536     ,352727.524708016    ,충청남도 천안시 광덕면 광덕리 640 ,A,,,신라 진덕여왕 6년,2014-01-28 18:55:49
6440000,4500000-001,1988-06-18,,영업/정상,,,,,,영은사,I,2025-12-15 16:15:28,충청남도 공주시 공산성길 59-22 (금성동),,BBBB,,,01,"조선 세조 3년 임금의 명에 의하여 창건함.
",영은사,0418553976,211422.100178125    ,329142.136818108    ,충청남도 공주시 금성동 11-3 ,A,,,1457,2014-01-28 15:09:53
6440000,4500000-002,1988-06-18,,영업/정상,,,,,,마곡사,I,2025-12-15 16:15:28,충청남도 공주시 사곡면 마곡사로 966,,BBBB,,,01,"642년에 자장율사가 창건. 

1199년 보희국사가 중건. 

1650년 중건.
 ",마곡사,0418416221,201030.513862076    ,339776.332483289    ,충청남도 공주시 사곡면 운암리 ,A,,,642,2013-09-16 08:36:17
6440000,4500000-003,1988-06-18,,영업/정상,,,,,,신원사,I,2025-12-15 16:15:28,충청남도 공주시 계룡면 신원사동길 1,,BBBB,,,01,"652년에 보덕화상이 창건. 

928년에 무학대사가 중건. 

1873년 중수.
   ",신원사,0418524230,216455.107920885    ,314939.037501644    ,충청남도 공주시 계룡면 양화리 8 ,A,,,652,2014-01-28 17:57:57
6440000,4500000-004,1988-06-18,,영업/정상,,,,,,동학사,I,2025-12-15 16:15:28,충청남도 공주시 반포면 동학사1로 462,,BBBB,,,01,"신라 성덕왕 23년 상원조사가 암자를 짓고 수도하다가 입적한 곳에 그의 제자 회의화상이 절을 창건. 921년에 도선국사가 중건. 
1814년 월인선사가 중건. 
1864년 만화화상이 중건. 
1898년 만우화상이 중건.
",동학사,0418252570,219687.980965813    ,316952.445690783    ,충청남도 공주시 반포면 학봉리 789 ,A,,,724,2008-08-08 17:42:54
6440000,4500000-006,1988-06-18,,영업/정상,,,,,,갑사,I,2025-12-15 16:15:28,충청남도 공주시 계룡면 갑사로 567-3,,BBBB,,,01,"아도화상이 창건. 

1597년에 전소됨. 

1654년 중건.
  ",갑사,0418578981,216732.759271747    ,318284.500641106    ,충청남도 공주시 계룡면 중장리 52 ,A,,,420,2014-01-28 15:30:10
6440000,4500000-007,1988-06-18,,영업/정상,,,,,,동혈사,I,2025-12-15 16:15:28,충청남도 공주시 의당면 동혈사길 77,,BBBB,,,01,"백제시대 창건한 것으로 전함
  ",동혈사,0418542855,214181.261540243    ,339434.056675195    ,충청남도 공주시 의당면 월곡리 274 ,A,,,백제,2014-01-28 15:42:51
6440000,4510000-001,1988-06-18,,영업/정상,,,,,,선림사,I,2025-12-15 16:15:28,충청남도 보령시 오천면 충청수영로 521-64,,BBBB,,,01,"신라 진평왕 7년 담혜선사가 창건한 것으로 전함.
 ",선림사,0419324187,159573.653361284    ,326435.768991422    ,충청남도 보령시 오천면 소성리 산5 ,A,,,624,2014-01-28 16:05:54
6440000,4510000-002,1988-06-18,,영업/정상,,,,,,중대암,I,2025-12-15 16:15:28,충청남도 보령시 미산면 판미로 1178-39,,BBBB,,,01,"878년 도선국사의 창건으로 전함.
  ",중대암,0419331510,172174.359003171    ,307525.577425494    ,충청남도 보령시 미산면 용수리 81-1 ,A,,,878,2014-01-28 16:07:29
6440000,4510000-003,1988-07-18,,영업/정상,,,,,,윤창암,I,2025-12-15 16:15:28,충청남도 보령시 남포면 창동1길 233-25,,BBBB,,,01,"1841년에 참판 김광용의 창건으로 전함.
 ",윤창암,0419342142,166694.470321859    ,312630.76251489     ,충청남도 보령시 남포면 창동리 산41 ,A,,,1841,2011-10-30 14:54:00
6440000,4510000-004,1988-09-20,,영업/정상,,,,,,백운사,I,2025-12-15 16:15:28,충청남도 보령시 성주면 심원계곡로 259-200,,BBBB,,,01,"신라 때 무염(801~888)이 창건한 것으로 전함.
  ",백운사,,170629.063265851    ,316863.603394413    ,충청남도 보령시 성주면 성주리 35-2 ,A,,,신라,2014-01-28 16:08:53
6440000,4510000-005,1992-12-10,,영업/정상,,,,,,금강암,I,2025-12-15 16:15:28,충청남도 보령시 미산면 보령호로 1139-102,,BBBB,,,01,"조선 태종 12년 무학자초의 문인인 영암이 창건.
 ",금강암,0419317767,169120.764653186    ,306725.810933544    ,충청남도 보령시 미산면 용수리 산59 ,A,,,1412,2014-01-28 17:20:34
6440000,4520000-001,1988-06-18,,영업/정상,,,,,,인취사,I,2025-12-15 16:15:28,충청남도 아산시 신창면 서부남로790번길 20-52,,BBBB,,,01,"백제 무령왕 18년에 창건한 것으로 전함.
  ",인취사,0415426441,193357.142367256    ,364873.957232973    ,충청남도 아산시 신창면 읍내리 84 ,A,,,518,2014-01-28 16:27:50
6440000,4520000-002,1988-09-20,,영업/정상,,,,,,세심사,I,2025-12-15 16:15:28,충청남도 아산시 염치읍 산양길 180,,BBBB,,,01,"백제때 창건하고 신라 선덕여왕 14년 자장율사가 중창한 것으로 전함.
  ",세심사,0415432696,193417.487049272    ,371185.169180009    ,충청남도 아산군 염치면 산양리 221 ,A,,,백제,2014-01-28 16:33:09
6440000,4520000-003,2005-10-18,,영업/정상,,,,,,용담사,I,2025-12-15 16:15:28,충청남도 아산시 송악면 평촌길50번길 147-20,,BBBB,,,01,"법당 및 요사채 등은 1940년대경에 조영된 것으로 판단됨. 

사찰경내 보물 제536호로 지정된 석조약사여래입상이 있어 그 제작년대로 보아 고려시대의 대표적인 장육불상으로 고려시대에 창건된 것임을알 수 있음.
  ",용담사,0415434103,200641.430367191    ,360335.587957267    ,충청남도 아산시 송악면 평촌리 산2-11 ,A,,,1940,2014-01-28 19:07:28
6440000,4520000-004,1995-07-25,,영업/정상,,,,,,오봉사,I,2025-12-15 16:15:28,충청남도 아산시 순천향로 824-822 (장존동),,BBBB,,,01,"유물로 미루어보아 고려시대 이전에 창건한 것으로 추정.
  ",오봉사,0415440995,,,충청남도 아산시 장존동 50 ,A,,,고려시대이전,2014-01-28 19:24:26
6440000,4520000-005,1988-06-18,,영업/정상,,,,,,인취사,I,2025-12-15 16:15:28,충청남도 아산시 신창면 서부남로790번길 20-52,,BBBB,,,01,,인취사,0415426441,193404.029915336    ,364829.789918455    ,충청남도 아산시 신창면 읍내리 84 ,A,,,,2011-03-03 14:13:11
6440000,4530000-001,1988-06-18,,영업/정상,,,,,,개심사,I,2025-12-15 16:15:28,충청남도 서산시 운산면 개심사로 321-86,,BBBB,,,01,"백제 의자왕 14년에 혜감국사가 창건. 

1350년에 처능대사가 중건.
  ",개심사,0416882256,163343.387391015    ,360677.086506376    ,충청남도 서산시 운산면 신창리 1 ,A,,,654,2014-01-28 16:47:05
6440000,4530000-002,1988-06-18,,영업/정상,,,,,,부석사,I,2025-12-15 16:15:28,충청남도 서산시 부석면 부석사길 243,,BBBB,,,01,"신라 문무왕 17년 의상대사가 창건한 것으로 전함.
   ",부석사,0416623824,147356.453728448    ,356049.382834837    ,충청남도 서산시 부석면 취평리 160 ,A,,,677,2014-01-28 16:52:02
6440000,4530000-003,1988-06-18,,영업/정상,,,,,,서광사,I,2025-12-15 16:15:28,충청남도 서산시 부춘산1로 44 (읍내동),,BBBB,,,01,"신라 경순왕 2년 대경대사가 창건. 

최치원이 부성군(현서산) 태수역임 시 공부하던 곳임.
  ",서광사,0416642001,150431.828043821    ,365728.422417091    ,충청남도 서산시 읍내동 556 ,A,,,928,2014-01-28 17:05:36
6440000,4530000-004,1988-06-18,,영업/정상,,,,,,천장사,I,2025-12-15 16:15:28,충청남도 서산시 고북면 고요동1길 93-98,,BBBB,,,01,"백제 무왕 34년 담화선사가 제자와 함께 수도하기 위해 창건.

경허선사,송만공대사가 수도하던 사찰임
  ",천장사,0416632074,,,충청남도 서산시 고북면 장요리 ,A,,,633,2014-01-28 19:17:30
6440000,4530000-005,1988-06-18,,영업/정상,,,,,,망일사,I,2025-12-15 16:15:28,충청남도 서산시 대산읍 망일산로 831-134,,BBBB,,,01,"유물로 미루어보아 조선시대 창건한 것으로 추정.
  ",망일사,0416638441,150642.050558737    ,381940.262038552    ,충청남도 서산시 대산읍 대산리 ,A,,,,2014-01-28 19:33:18
6440000,4530000-006,1988-06-18,,영업/정상,,,,,,문수사,I,2025-12-15 16:15:28,충청남도 서산시 운산면 문수골길 201,,BBBB,,,01,"가람의 배치등으로 미루어보아 고려시대에 창건한 것으로 추정.
  ",문수사,0416633925,163300.326336523    ,364236.178305067    ,충청남도 서산시 운산면 태봉리 40 ,A,,,고려,2014-01-28 17:06:58
6440000,4530000-007,1988-06-18,,영업/정상,,,,,,일락사,I,2025-12-15 16:15:28,충청남도 서산시 해미면 일락골길 501,,BBBB,,,01,"신라 문무왕 3년 의현선사가 창건.
 ",일락사,0416880812,163182.483145995    ,358619.42738618     ,충청남도 서산시 해미면 황락리 3 ,A,,,663,2014-01-28 17:08:03
6440000,4530000-008,1988-06-18,,영업/정상,,,,,,송덕암,I,2025-12-15 16:15:28,충청남도 서산시 해미면 큰골로 11-84,,BBBB,,,01,"유물로 미루어보아 조선중기 이전에 창건된 것으로 추정.
  ",송덕암,0416882913,162373.860677636    ,353853.335444644    ,충청남도 서산시 해미면 대곡리 602 ,A,,,조선,2014-01-28 19:08:34
6440000,4530000-009,1988-09-20,,영업/정상,,,,,,죽사,I,2025-12-15 16:15:28,충청남도 서산시 인지면 갓고개길 242-24,,BBBB,,,01,"백제 의자왕때 도감국사가 창건한 것으로 전함
  ",죽사,0416622438,147497.030580947    ,365884.36896515     ,충청남도 서산시 인지면 성리 170 ,A,,,연대미상,2014-01-28 17:10:00
6440000,4540000-001,1988-06-18,,영업/정상,,,,,,쌍계사,I,2025-12-15 16:15:28,충청남도 논산시 양촌면 중산길 192,,BBBB,,,01,"창건연대는 확실치 않으나 백암으로 불리웠고, 여말 행촌 이암의 발원에 의해 중건되었다 함.
  ",쌍계사,0417412251,218469.26844089     ,289477.044352828    ,충청남도 논산시 양촌면 중산리 ,A,,,고려,2014-01-28 19:32:06
6440000,4540000-002,1988-06-18,,영업/정상,,,,,,개태사,I,2025-12-15 16:15:28,충청남도 논산시 연산면 계백로 2614-11,,BBBB,,,01,"고려 태조 19년 후백제를 정벌한 기념으로 창건, 

1930년에 김광영이 재건.
  ",개태사,0417350197,220555.034469897    ,304496.21856254     ,충청남도 논산시 연산면 천호리 ,A,,,936,2014-01-28 19:29:22
6440000,4540000-003,1988-09-20,,영업/정상,,,,,,송불암,I,2025-12-15 16:15:28,충청남도 논산시 연산면 황룡재로 92-18,,BBBB,,,01,"유물로 미루어보아 고려때 창건된 것으로 추정.
  ",송불암,0417336518,220144.967834326    ,300877.316099252    ,충청남도 논산시 연산면 연산리 489 ,A,,,고려,2014-01-28 17:16:11
6440000,4540000-004,1988-09-20,,영업/정상,,,,,,용암사,I,2025-12-15 16:15:28,충청남도 논산시 강경읍 강경로66번길 28,,BBBB,,,01,"백제말에 창건된 것으로 추정. 

의자왕 20년 무렵 용암사의 전신 낙음사가 있었음.
  ",용암사,0417454952,201417.062310796    ,294535.524107214    ,충청남도 논산시 강경읍 채산리 331-4 ,A,,,백제말,2014-01-28 17:11:32
6440000,4550000-001,1988-06-18,,영업/정상,,,,,,신안사,I,2025-12-15 16:15:28,충청남도 금산군 제원면 신안사로 970,,BBBB,,,01,"신라진덕여왕 5년 자장율사가 창건. 

신라 경순왕(927~935)이 주위의 경관과 어울려 몸과 마음이 편안하다하여 신안사라 함.
  ",신안사,0417527938,252333.825116265    ,296854.188156991    ,충청남도 금산군 제원면 신안리 52 ,A,,,651,2014-01-28 17:12:42
6440000,4550000-002,1988-06-18,,영업/정상,,,,,,태고사,I,2025-12-15 16:15:28,충청남도 금산군 진산면 청림동로 440,,BBBB,,,01,"618년에 원효대사가 창건하고 고려말 태고 보우가 중창했음.
 ",태고사,0417524735,229267.864276696    ,292754.034528642    ,충청남도 금산군 진산면 행정리 산29 ,A,,,618,2014-01-28 17:13:50
6440000,4550000-003,1988-06-18,,영업/정상,,,,,,보석사,I,2025-12-15 16:15:28,충청남도 금산군 남이면 보석사1길 30,,BBBB,,,01,"신라 헌강왕 11년 조구대사가 창건. 

당시 절 앞 산에서 채굴한 금으로 불상을 주조했기 때문에 보석사라 함.
  ",보석사,0417531523,242811.788977302    ,283864.600322585    ,충청남도 금산군 남이면 석동리 ,A,,,885,2014-01-28 19:16:29
6440000,4550000-004,1988-09-20,,영업/정상,,,,,,서대사,I,2025-12-15 16:15:28,충청남도 금산군 추부면 서대동기길 120,,BBBB,,,01,"1926년에 창건한 것으로 전함.
 ",서대사,0417526306,247399.604436165    ,302107.277906249    ,충청남도 금산군 추부면 서대리 33-1 ,A,,,1926,2011-10-30 14:58:59
6440000,4550000-005,1989-09-06,,영업/정상,,,,,,영천암,I,2025-12-15 16:15:28,충청남도 금산군 남이면 보석사1길 148,,BBBB,,,01,"886년에 조구대사가 창건.
  ",영천암,0417530095,242211.823355215    ,284542.43504748     ,충청남도 금산군 남이면 석동리 714 ,A,,,886,2014-01-28 17:14:58
6440000,4550000-006,2007-01-16,,영업/정상,,,,,,미륵사,I,2025-12-15 16:15:28,충청남도 금산군 복수면 동구들길 163,,BBBB,6,1500,01,,미륵사,0417513706,234470.525815986    ,305410.320580309    ,충청남도 금산군 복수면 지량리 345 ,,,,,2007-01-16 00:00:00
6440000,4570000-001,1988-06-18,,영업/정상,,,,,,고란사,I,2025-12-15 16:15:28,충청남도 부여군 부여읍 부소로 1,,BBBB,,,01,"언제 누가 창건했는지 알 수 없음. 백제때 왕들이 노닐기 위하여 건립한 정자였다는 설이 있음. 

현재의 건물은 1931년에 신축하여 1960년에 보수함.
",고란사,0418352062,,,충청남도 부여군 부여읍 쌍북리 ,A,,,연대미상,2012-11-28 16:42:49
6440000,4570000-002,1988-06-18,,영업/정상,,,,,,무량사,I,2025-12-15 16:15:28,충청남도 부여군 외산면 무량로 203,,BBBB,,,01,"신라말 통효국사 범일(810~889)이 창건. 

고려시대에 크게 중창했음. 조선시대에는 김시습이 이절에서 말년을 보내다가 1493년 입적했음.
 ",무량사,0418365066,172363.610053053    ,312959.268983562    ,충청남도 부여군 외산면 만수리 116 ,A,,,신라말,2014-01-28 17:22:00
6440000,4570000-003,1988-06-18,,영업/정상,,,,,,대조사,I,2025-12-15 16:15:28,충청남도 부여군 임천면 성흥로197번길 112,,BBBB,,,01,"성왕 4년 겸익이 창건함. 

고려 원종(1259~1274)때 진전이 중창.

",대조사,0418332510,190984.928668175    ,298937.494411864    ,충청남도 부여군 임천면 구교리 761 ,A,,,526,2007-07-11 10:12:41
6440000,4570000-004,1988-06-18,,영업/정상,,,,,,정각사,I,2025-12-15 16:15:28,충청남도 부여군 석성면 왕릉로정각사길 165,,BBBB,,,01,"백제때 창건된 것으로 추정하며 연혁은 전하지 않음.
",정각사,0418366413,198415.193965838    ,306179.637692239    ,충청남도 부여군 석성면 정각리 ,A,,,백제시대,2012-11-28 16:46:15
6440000,4570000-005,1988-06-18,,영업/정상,,,,,,오덕사,I,2025-12-15 16:15:28,충청남도 부여군 충화면 오덕로86번길 105,,BBBB,,,01,"신라 경덕왕 18년 원효가 창건한 것으로 전함.
  ",오덕사,0418348245,181662.604072261    ,295035.648018847    ,충청남도 부여군 충화면 오덕리 284 ,A,,,759,2014-01-28 17:23:02
6440000,4570000-006,1998-11-25,,영업/정상,,,,,,무진암,I,2025-12-15 16:15:28,충청남도 부여군 외산면 무량로 181-17,,BBBB,,,01,"무진암은 무량사의 암자로 매월당 김시습 부도 등 고승들의 부도를 지키기 위해 조선시대에 건립되었음. 

조선 중종 25년(1530)에 보현사로 개칭되었다가 선조 25년(1592)임진왜란 시 전소된 것을 조선말엽 중건하였으며 1890년대부터 대웅전 등을 복원 오늘에 이르고 있음.
  ",무진암,0418365023,172366.321941357    ,312630.606407938    ,충청남도 부여군 외산면 만수리 125-18 ,A,,,조선중기,2014-01-28 17:24:12
6440000,4570000-007,1988-06-18,,영업/정상,,,,,,조왕사,I,2025-12-15 16:15:28,충청남도 부여군 부여읍 계백로 334-47,,BBBB,,,01,"고려시대에 창건된 것으로 추정, 
1919년 김병준이 중창.
  ",조왕사,0418354091,192862.420353666    ,308566.828705231    ,충청남도 부여군 부여읍 동남리 ,A,,,고려,2014-01-28 19:15:22
6440000,4570000-008,2005-02-21,,영업/정상,,,,,,화암사,I,2025-12-15 16:15:28,충청남도 부여군 외산면 조령서로73번길 142-8,,BBBB,,,01,,화암사,,,,충청남도 부여군 외산면 화성리 478-1 ,A,,,1955,2014-01-28 19:12:57
6440000,4580000-001,1988-06-18,,영업/정상,,,,,,봉서사,I,2025-12-15 16:15:28,충청남도 서천군 한산면 건지산길 122,,BBBB,,,01,"1682년 창건으로 전함.
 ",봉서사,0419510255,181287.255004665    ,287510.000374623    ,충청남도 서천군 한산면 호암리 189 ,A,,,1682,2014-01-28 17:32:57
6470000,5020000-008,1988-07-21,,영업/정상,,,,,,일출선원,I,2025-12-15 16:15:28,경상북도 포항시 남구 동해면 정동길 551-74,,BBBB,,,01,,일출선원,,424553.200498921    ,277907.042382271    ,경상북도 포항시 남구 동해면 중산리 산 36 ,A,,,,2017-07-04 00:00:00
6470000,5020000-009,1988-07-21,,영업/정상,,,,,,법광사,I,2025-12-15 16:15:28,경상북도 포항시 북구 신광면 상읍길 290,,BBBB,,,01,,법광사,,401799.161881153    ,296332.042794218    ,경상북도 포항시 북구 신광면 상읍리 875 ,A,,,,2017-07-10 00:00:00
6470000,5020000-011,1988-07-21,,영업/정상,,,,,,진불사,I,2025-12-15 16:15:28,경상북도 포항시 남구 동해면 흥환길26번길 101,,BBBB,,,01,,진불사,,426305.551670895    ,281669.759031443    ,경상북도 포항시 남구 동해면 중흥리 335 ,A,,,,2017-07-10 00:00:00
6470000,5020000-012,1988-07-21,,영업/정상,,,,,,죽림사,I,2025-12-15 16:15:28,경상북도 포항시 북구 탑산길10번길 11-4 (용흥동),,BBBB,,,01,,죽림사,,412434.901251929    ,284351.989761583    ,경상북도 포항시 북구 용흥동 88 ,A,,,,2022-02-04 13:23:21
6470000,5020000-013,1988-07-21,,영업/정상,,,,,,선암사,I,2025-12-15 16:15:28,경상북도 포항시 남구 동해면 조항산길9번길 75,,BBBB,,,01,,선암사,,424234.509878012    ,276949.847800224    ,경상북도 포항시 남구 동해면 공당리 791 ,A,,,,2020-01-15 09:26:22
6470000,5050000-001,1988-07-21,,영업/정상,,,,,,불국사,I,2025-12-15 16:15:28,경상북도 경주시 불국로 385 (진현동),,BBBB,,2500,01,"신라 법흥왕 15년 법류사로 창건. 
신라 경덕왕 10년 재상 김대성이 현재 부모를 위해 발원 중창.
임진왜란시 소실되고 조선 효종 10년 일부 재건
1972~78 복원 정화 ",불국사,0547469912,410755.336224887    ,256930.278446275    ,경상북도 경주시 진현동 15 ,A,,,528,2013-12-31 16:43:26
6470000,5050000-002,1988-07-21,,영업/정상,,,,,,석굴암,I,2025-12-15 16:15:28,경상북도 경주시 물미길 22-6 (진현동),,BBBB,,1800,01,"신라 35대 경덕왕 10년 재상 김대성이 전생의 부몰르 위해 창건
조선 숙종때 중수
1913~17년 일제 시대 보수
1961~64년 전실건립 및 누수, 결로, 노기 제거 시설 설치 ",석굴암,0547469933,409678.445786862    ,255727.907830432    ,경상북도 경주시 진현동 752 ,A,,,751,2013-12-31 16:30:30
6470000,5050000-003,1988-10-12,,영업/정상,,,,,,금정사,I,2025-12-15 16:15:28,경상북도 경주시 서면 천촌원당길 232,,BBBB,,500,01,,금정사,0547512689,382565.186200874    ,263105.881939527    ,경상북도 경주시 서면 천촌리 852 ,A,,,716,2020-03-13 14:40:11
6470000,5050000-004,1988-07-21,,영업/정상,,,,,,분황사,I,2025-12-15 16:15:28,경상북도 경주시 분황로 94-11 (구황동),,BBBB,,2000,01,,분황사,0547429922,401813.747155277    ,262340.844338547    ,경상북도 경주시 구황동 634 ,A,,,634,2021-12-13 17:34:40
6470000,5050000-005,1988-07-21,,영업/정상,,,,,,백률사,I,2025-12-15 16:15:28,경상북도 경주시 산업로 4214-110 (동천동),,BBBB,,3000,01,,백률사,0547228634,401254.643068119    ,264282.823954596    ,경상북도 경주시 동천동 406 ,A,,,518,2013-12-31 16:52:34
6470000,5050000-006,1988-07-21,,영업/정상,,,,,,기림사,I,2025-12-15 16:15:28,경상북도 경주시 양북면 기림로 437-17,,BBBB,,3000,01,,기림사,0547442292,417041.404343699    ,262399.530047865    ,경상북도 경주시 양북면 호암리 417 ,A,,,,2018-06-19 16:29:45
6470000,5050000-007,1988-10-12,,영업/정상,,,,,,주사암,I,2025-12-15 16:15:28,경상북도 경주시 서면 도계서오길 251-355,,BBBB,,1400,01,,주사암,0547512816,385120.9580994      ,263392.995940826    ,경상북도 경주시 서면 천촌리 1195 ,A,,,,2013-12-31 16:59:18
6470000,5050000-008,1988-07-21,,영업/정상,,,,,,망월사,I,2025-12-15 16:15:28,경상북도 경주시 포석로 682-17 (배동),,BBBB,,,01,,망월사,0547457579,399727.055340149    ,257949.204226472    ,경상북도 경주시 배동 490 ,A,,,1935,2013-12-31 16:09:04
6470000,5050000-009,2000-11-27,,영업/정상,,,,,,도덕암,I,2025-12-15 16:15:28,경상북도 경주시 안강읍 옥산서원길 403-177,,BBBB,,,01,"대한불교조계종 제11교구 본사인 불국사(佛國寺)의 말사이다. 경상북도 경주시 안강읍 옥산리 도덕산(道德山) 중턱에 있다. 지금은 폐사된 신라 때의 절 정혜사(淨惠寺)의 12암자 중 하나로, 신라 경덕왕 때 건립되었다. 원래 두덕암(斗德庵)이라고 부르다가 조선 중종 때의 문신 회재(晦齋) 이언적(李彦迪)이 정혜사에 잠시 머물러 수학할 때 도덕암으로 고쳐 불렀다고 한다. 임진왜란 때 경주향교의 위패를 보관한 곳이기도 하다. 
[네이버 지식백과] 도덕암 [道德庵] (두산백과, 두산백과)  ",도덕암,0547629314,393352.942388382    ,282812.809415433    ,경상북도 경주시 안강읍 옥산리 1713 ,A,,,신라경덕왕,2014-03-10 16:51:09
6470000,5050000-010,1988-07-21,,영업/정상,,,,,,연지암,I,2025-12-15 16:15:28,경상북도 경주시 외동읍 활성길 120-5,,BBBB,,,01,,연지암,0547447314,410486.437920908    ,252882.988504388    ,경상북도 경주시 외동읍 활성리 378 ,A,,,신라시대,2022-04-14 13:52:50
6470000,5050000-011,2004-01-27,,영업/정상,,,,,,고위산 천룡사,I,2025-12-15 16:15:28,경상북도 경주시 내남면 백운대길 101-309,,BBBB,,,01,,고위산 천룡사,0547488815,400883.573669207    ,253935.809729901    ,경상북도 경주시 내남면 용장리 887 ,A,,,671,2013-08-08 20:16:29
6470000,5050000-012,1988-07-21,,영업/정상,,,,,,보리사,I,2025-12-15 16:15:28,경상북도 경주시 갯마을길 41-30 (배반동),,BBBB,,200,01,,보리사,,401957.145115269    ,259180.569686993    ,경상북도 경주시 배반동 산 67 ,A,,,,2017-07-04 00:00:00
6470000,5050000-013,1988-10-12,,영업/정상,,,,,,천룡사,I,2025-12-15 16:15:28,경상북도 경주시 내남면 백운대길 101-388,,BBBB,,,01,,천룡사,,401059.374243863    ,254132.520833722    ,경상북도 경주시 내남면 용장리 산 132 - 1 ,A,,,,2021-09-09 09:09:06
6470000,5050000-014,1988-10-12,,영업/정상,,,,,,보덕암,I,2025-12-15 16:15:28,경상북도 경주시 양남면 국구암길 222,,BBBB,,,01,,보덕암,,420207.494366879    ,249204.964403207    ,경상북도 경주시 양남면 나산리 848 - 1 ,A,,,,2020-05-12 09:00:23
6470000,5060000-001,1988-07-21,,영업/정상,,,,,,계림사,I,2025-12-15 16:15:28,경상북도 김천시 개령면 동부1길 212,,BBBB,,300,01,"계림사는 신라에 불교를 전한 묵호자 아도화상이 419년(신라 눌지왕 3)에 창건한 사찰이라고 한다. 신라에서 불교를 공인한 것이 514년(법흥왕 14)의 일임을 비추어 볼 때 계림사의 불연(佛緣)이 예사롭지 않았음에도 아쉽게도 그동안 제대로 이어지지 못하고 칡넝쿨에 덮이기를 몇 차례, 근래에 들어 새롭게 중창되었다. 신라 최초의 사찰인 도리사가 있는 선산 지역과 더불어 직지사, 고방사, 계림사가 있는 김천 지역은 514년(법흥왕 14) 신라에서 불교를 공인하기 훨씬 이전에 이미 불교를 받아들인 신라 불교의 초전지(初傳地)로 한국 불교의 역사와 그 맥을 함께 하는 불교 성지라고 할 수 있다
http://www.koreatemple.net/korea_temple/",계림사,0544365048,306236.695683223    ,297543.718439483    ,경상북도 김천시 개령면 동부리 434 ,A,,,419,2020-01-15 09:19:55
6470000,5060000-002,1988-07-21,,영업/정상,,,,,,봉곡사,I,2025-12-15 16:15:28,경상북도 김천시 대덕면 조룡길 1224-5,,BBBB,,,01,,봉곡사,0544371305,284918.33125274     ,273593.373040486    ,경상북도 김천시 대덕면 조룡리 879 ,A,,,640,2014-05-26 14:57:51
6470000,5060000-003,1988-07-21,,영업/정상,,,,,,직지사,I,2025-12-15 16:15:28,경상북도 김천시 대항면 직지사길 95-0,,BBBB,,,01,,직지사,0544366174,290336.878517672    ,291108.425030893    ,경상북도 김천시 대항면 운수리 216 ,A,,,,2023-02-16 16:55:38
6470000,5060000-004,2017-07-21,,영업/정상,,,,,,청암사,I,2025-12-15 16:15:28,경상북도 김천시 증산면 평촌2길 335-48,,BBBB,,5000,01,,청암사,0544399511,290470.98292957     ,266135.503969759    ,경상북도 김천시 증산면 평촌리 688 ,A,,,859,2017-07-04 00:00:00
6470000,5060000-005,1988-07-21,,영업/정상,,,,,,고방사,I,2025-12-15 16:15:28,경상북도 김천시 농소면 벽봉로 1444-143,,BBBB,,300,01,,고방사,0544316823,306522.350671028    ,284093.567259097    ,경상북도 김천시 농소면 봉곡리 485 ,A,,,418,2017-07-04 00:00:00
6470000,5060000-006,1988-07-21,,영업/정상,,,,,,신흥사,I,2025-12-15 16:15:28,경상북도 김천시 농소면 연명2길 257-212,,BBBB,,150,01,,신흥사,0544316915,307206.356891947    ,285688.93553306     ,경상북도 김천시 농소면 봉곡리 15 ,A,,,834,2021-11-01 15:31:26
6470000,5060000-007,1988-07-21,,영업/정상,,,,,,용화사,I,2025-12-15 16:15:28,경상북도 김천시 봉산면 봉산1로 160,,BBBB,,1030,01,,용화사,0544300111,293408.489137853    ,294655.436000394    ,경상북도 김천시 봉산면 덕천리 502-2 ,A,,,1927,2017-07-04 00:00:00
6470000,5070000-001,1988-07-21,,영업/정상,,,,,,용담사,I,2025-12-15 16:15:28,경상북도 안동시 길안면 미내소일길 138,,BBBB,,,01,,용담사,,372633.18741612     ,322698.751842169    ,경상북도 안동시 길안면 금곡리 83 ,A,,,,2019-11-29 18:03:57
6470000,5070000-002,1992-03-12,,영업/정상,,,,,,옥산사,I,2025-12-15 16:15:28,경상북도 안동시 북후면 벽절길 137,,BBBB,,200,01,"옥산사가 언제 누구에 의해 창건됐는지는 현재 파악되지 않고 있다. 최근까지 알려진 옥산사의 창건시기는 1965년 임추희(林秋姬)라는 불심 깊은 보살에 의해 창건한 것으로 알려져 있다. 그러나 우리나라에서 가장 이른 시기에 편찬된 지방지 중의 하나인 안동의 읍지 ‘영가지(永嘉誌, 1608년 편찬)’ 권 6 불우(佛宇) 조 고탑(古塔)에 의하면,  옥산사는 안동부의 북쪽으로 32리인 옥산에 있으며 그곳에서 5리 되는 곳에 바위굴이 있다. 월천(月川) 전탑은 옹천역(瓮泉驛) 남쪽에 있는 옥산의 북쪽에 있다. 오층탑인데 그 안에 석불상이 있다... 라는 내용으로 보아 옥산사는 이미 17세기에 유존하고 있었던 것으로 파악되고 있으며 창건시기는 통일신라시대 경으로 추정되고 있다. 
실제로 옥산사에는 신라시대 양식의 전탑지가 남아있어 영가지에서 언급한 월천전탑이 이 곳을 말하고 있는 것으로 보인다. 옥산사가 신라시대 사찰이라는 또 하나의 예로써 옥산사의 암벽에 아름답게 조각된 경북유형문화재 제181호 옥산사 마애약사여래좌상을 들 수 있다. 이 마애불은 전형적인 통일신라시대 양식으로 옥산사가 신라고찰임을 입증해 주는 좋은 자료임과 동시에 현재 옥산사의 귀중한 성보로 자리매김하고 있다.
http://www.koreatemple.net ",옥산사,0548595611,350773.720760871    ,354761.348611299    ,경상북도 안동시 북후면 장기리 837 - 1 ,A,,,,2014-03-10 08:35:19
6470000,5070000-003,1988-07-21,,영업/정상,,,,,,서악사,I,2025-12-15 16:15:28,경상북도 안동시 서악길 67-14 (태화동),,BBBB,,,01,,서악사,0548529162,352984.027240515    ,341453.266846422    ,경상북도 안동시 태화동 605 - 1 ,A,,,미상,2021-11-29 11:41:54
6470000,5070000-004,1988-07-21,,영업/정상,,,,,,연미사,I,2025-12-15 16:15:28,경상북도 안동시 제비원로 672 (이천동),,BBBB,,,01,,연미사,0548414413,352537.475243971    ,346366.907702959    ,경상북도 안동시 이천동 708 - 4 ,A,,,신라말기,2014-05-23 15:17:35
6470000,5070000-005,1988-07-21,,영업/정상,,,,,,개목사,I,2025-12-15 16:15:28,경상북도 안동시 서후면 개목사길 362,,BBBB,,300,01,,개목사,0548416304,349069.525047115    ,352044.866525435    ,경상북도 안동시 서후면 태장리 888 ,A,,,682,2018-12-12 18:47:58
6470000,5070000-006,1988-07-21,,영업/정상,,,,,,봉황사,I,2025-12-15 16:15:28,경상북도 안동시 임동면 봉황사길 152,,BBBB,,900,01,,봉황사,0548222562,372980.882710134    ,340144.2508276      ,경상북도 안동시 임동면 수곡리 563 ,A,,,,2021-12-16 13:39:04
6470000,5070000-007,1988-07-21,,영업/정상,,,,,,광흥사,I,2025-12-15 16:15:28,경상북도 안동시 서후면 광흥사길 105,,BBBB,,,01,,광흥사,0548416848,344251.692296972    ,350628.904364579    ,경상북도 안동시 서후면 재품리 813 ,A,,,672,2021-07-30 10:29:39
6470000,5070000-008,1988-07-21,,영업/정상,,,,,,유하사,I,2025-12-15 16:15:28,경상북도 안동시 와룡면 어은길 39,,BBBB,,1000,01,,유하사,0548570076,360210.462536255    ,347876.839664939    ,경상북도 안동시 와룡면 가구리 91 ,A,,,1903,2017-07-04 00:00:00
6470000,5070000-009,1988-07-21,,영업/정상,,,,,,봉서사,I,2025-12-15 16:15:28,경상북도 안동시 북후면 북평로 1057-114,,BBBB,,120,01,,봉서사,0548595996,351617.034300821    ,357165.375382663    ,경상북도 안동시 북후면 옹천리 764 ,A,,,1921,2017-07-04 00:00:00
6470000,5070000-010,1988-07-21,,영업/정상,,,,,,선찰사,I,2025-12-15 16:15:28,경상북도 안동시 길안면 웃장터길 91-17,,BBBB,,,01,,선찰사,0548212176,370041.40726368     ,329807.752957549    ,경상북도 안동시 길안면 천지리 699 ,A,,,,2017-07-04 00:00:00
6470000,5070000-011,1988-07-21,,영업/정상,,,,,,영봉사,I,2025-12-15 16:15:28,경상북도 안동시 북후면 구둠실길 171,,BBBB,,,01,,영봉사,,343045.665633397    ,356717.650421193    ,경상북도 안동시 북후면 석탑리 1032 ,A,,,,2019-07-15 17:27:47
6470000,5070000-012,1988-07-21,,영업/정상,,,,,,석탑사,I,2025-12-15 16:15:28,경상북도 안동시 북후면 산북로 260-14,,BBBB,,,01,,석탑사,,343961.499789541    ,356745.946569404    ,경상북도 안동시 북후면 석탑리 837 ,A,,,,2017-07-04 00:00:00
6470000,5070000-013,1988-10-12,,영업/정상,,,,,,모운사,I,2025-12-15 16:15:28,경상북도 안동시 남후면 모운사길 83,,BBBB,,,01,,모운사,,347761.476425745    ,338352.888819876    ,경상북도 안동시 남후면 검암리 596 ,A,,,,2021-04-19 16:00:07
6470000,5070000-014,1988-10-12,,영업/정상,,,,,,일출암,I,2025-12-15 16:15:28,경상북도 안동시 녹전면 일출길 207,,BBBB,,,01,,일출암,,354843.924548486    ,360577.684359139    ,경상북도 안동시 녹전면 녹래리 741 ,A,,,,2023-02-08 11:27:31
6470000,5080000-001,1988-07-21,,영업/정상,,,,,,원각사,I,2025-12-15 16:15:28,경상북도 구미시 선산읍 선주로9길 7-15,,BBBB,,500,01,"원각사(圓覺寺)는 구미 비봉산(飛鳳山) 서쪽 기슭에 자리한 대한 불교 조계종 제8교구 본사 직지사의 말사이다. 비봉산의 중심에는 형제봉이 있고, 형제봉의 좌측은 미타산이며 우측은 비봉산이다. 1931년 일재시대 당시 도리사의 주지였던 하정광스님이 청송심씨 재실을 1931년에 토지와 건물을 매입하고 개축하여 민족의 정신을 고양하기 위해 설립한 사찰이다. 처음에는 사찰이라는 허가가 되지 않아 선산포교당으로 시작하여 원각사가 되었다. 

 ",원각사,0544812363,316180.176656013    ,305689.806053284    ,경상북도 구미시 선산읍 노상리 159 - 1 ,A,,,1931,2019-09-30 21:10:41
6470000,5080000-002,2004-01-27,,영업/정상,,,,,,약사암,I,2025-12-15 16:15:28,경상북도 구미시 금오산로 433-3 (남통동),,BBBB,,2000,01,"약사봉 바로 밑에 약사암이 있으나 의상대사가 세웠다는 기록이 없어 단정키 어려우나 대사의 득도로 인해 세워진 것이라 믿는다. 최인재 선생의 일선지 불우조에 의하면 “약사봉은 천애 낭떠러지에 아래 있으며 나무판자 다리를 놓아 들어갈 수 있으나 그 아래는 아득하기만 하여 가히 굽어 볼 수 없다”하였으니 그 전부터 있었음이 확실하고 고종때 영남진지에 의하면 “금오산성내의 3리에 있으며 법당이 8칸이라”되어 있으나 현재는 법당이 2칸이며 그 때의 건물이 아니니 그후 여러번 중수되었음이 확실하다. 1935년 중수기에 의하면 “지리산에서 석불3구 증 3형제불을 가져와 1구는 성주의 수도암, 1구는 금릉의 직지사에 나머지 1구는 약사암에 봉안했다”하는데 학계의 조사연구에 의하면 신라말에서 고려초에 창건된 것으로 추정하고 있다.",약사암,0544528039,317479.710799288    ,290254.133062156    ,경상북도 구미시 남통동 산 33 ,A,,,통일신라,2014-04-08 11:10:07
6470000,5080000-003,1988-07-21,,영업/정상,,,,,,도리사,I,2025-12-15 16:15:28,경상북도 구미시 해평면 도리사로 526,,BBBB,,2500,01,,도리사,0544743737,325688.041661465    ,307008.505678236    ,경상북도 구미시 해평면 송곡리 403 ,A,,,418,2021-03-03 10:50:26
6470000,5080000-004,1988-07-21,,영업/정상,,,,,,보천사,I,2025-12-15 16:15:28,경상북도 구미시 해평면 해평4길 86,,BBBB,,500,01,,보천사,0544743592,323473.773691324    ,301183.466138831    ,경상북도 구미시 해평면 해평리 525-1 ,A,,,,2017-07-04 00:00:00
6470000,5080000-005,1988-07-21,,영업/정상,,,,,,죽장사,I,2025-12-15 16:15:28,경상북도 구미시 선산읍 죽장2길 90,,BBBB,,700,01,,죽장사,0544812736,315128.807919246    ,306088.249021096    ,경상북도 구미시 선산읍 죽장리 505-3 ,A,,,1954,2018-06-18 10:07:51
6470000,5080000-006,1988-07-21,,영업/정상,,,,,,대둔사,I,2025-12-15 16:15:28,경상북도 구미시 옥성면 산촌옥관로 691-78,,BBBB,,450,01,,대둔사,0544823807,311446.92001145     ,315749.689592486    ,경상북도 구미시 옥성면 옥관리 1090 ,A,,,446,2018-03-08 11:44:41
6470000,5080000-007,1988-07-21,,영업/정상,,,,,,수다사,I,2025-12-15 16:15:28,경상북도 구미시 무을면 수다사길 183,,BBBB,,350,01,,수다사,0544819338,304683.140292874    ,309830.361449888    ,경상북도 구미시 무을면 상송리 12 ,A,,,765,2017-07-04 00:00:00
6470000,5080000-008,2001-12-06,,영업/정상,,,,,,해운사,I,2025-12-15 16:15:28,경상북도 구미시 금오산로 434-1 (남통동),,BBBB,,,01,,해운사,,316717.527794699    ,289486.501637249    ,경상북도 구미시 남통동 산 94 ,A,,,,2017-07-04 00:00:00
6470000,5090000-001,1988-07-21,,영업/정상,,,,,,흑석사,I,2025-12-15 16:15:28,경상북도 영주시 이산면 이산로 390-40,,BBBB,,,01,,흑석사,0546371900,349006.498726289    ,370357.093924252    ,경상북도 영주시 이산면 석포리 1380 - 1 ,A,,,,2019-06-19 17:16:29
6470000,5090000-002,1988-07-21,,영업/정상,,,,,,영주포교당,I,2025-12-15 16:15:28,경상북도 영주시 중앙로63번길 41-10 (영주동),,BBBB,,,01,,영주포교당,0546323767,344577.782050287    ,370318.794590345    ,경상북도 영주시 영주동 411 - 2 ,A,,,1911,2014-04-29 16:12:05
6470000,5150000-007,1988-07-21,,영업/정상,,,,,,대곡사,I,2025-12-15 16:15:28,경상북도 의성군 다인면 대곡사길 80,,BBBB,,,01,"1368년(고려 공민왕 17) 인도 승려 지공(指空)과 혜근(惠勤)이 창건하였다. 창건 당시에는 대국사(大國寺)라 하였는데, 이는 지공이 원과 고려 두 나라를 다니면서 불법을 편 것을 기념하기 위해서였다고 한다. 조선 세종(재위: 1418∼1450) 때는 교종(敎宗)에 속하였다. 1597년(선조 30) 정유재란으로 불에 탄 것을 1605년(선조 38) 탄우(坦祐)가 중창하면서 대웅전과 범종각·요사채 등을 새로 지었다. 1687년(숙종 13) 태전(太顚)이 중건하면서 절 이름을 현재의 대곡사로 바꾸었으며, 이후의 연혁은 전하지 않는다. 1990년 법의(法義)가 주지로 부임해 나한전과 산신각·일주문을 세우는 등 불사를 꾸준히 일으켜 오늘에 이른다. (두산백과)

주요 건물로는 대웅전과 명부전·범종각·산신각·요사채 등이 있다. 이 중 대웅전은 정면 3칸, 측면 2칸 다포계 팔작지붕 건물로, 1982년 8월 4일 경상북도 문화재자료 제160호로 지정되었다. 자연석을 써서 막돌쌓기로 기단을 세운 뒤 동향으로 건물을 세웠다. 천장은 우물 정(井)자 모양이고 전체적으로 조선 중기 건축 양식을 띠고 있다. 명부전과 범종각은 함께 경상북도 문화재자료 제161호로 지정된 맞배지붕 건물이다. 부속 암자는 본래 9곳 있었으나 지금은 적조암과 진영각만 남아 있다. 이 중 진영각에는 지공과 혜근·자초(自超)·휴정(休靜)과 유정(惟政) 등의 영정이 모셔져 있다. 이밖에 고려 말에 세운 것으로 추정되는 13층 청석탑(靑石塔)과 석등 대석, 1960년 출토된 금동불상 등의 유물이 전한다.",대곡사,0548624222,323334.963732777    ,332998.854052312    ,경상북도 의성군 다인면 봉정리 894 ,A,,,1368,2021-06-01 09:15:34
6470000,5150000-008,1988-07-21,,영업/정상,,,,,,정수암,I,2025-12-15 16:15:28,경상북도 의성군 구천면 장국길 195,,BBBB,,150,01,,정수암,0548616717,325168.608331557    ,315427.969892757    ,경상북도 의성군 구천면 장국리 381 ,A,,,,2021-10-26 09:07:04
6470000,5150000-009,1988-07-21,,영업/정상,,,,,,지장사,I,2025-12-15 16:15:28,경상북도 의성군 안사면 월소1길 148,,BBBB,,100,01,,지장사,0548621049,327477.53497203     ,331096.001769571    ,경상북도 의성군 안사면 월소리 559 ,A,,,,2017-07-04 00:00:00
6470000,5150000-010,2004-01-27,,영업/정상,,,,,,만장사,I,2025-12-15 16:15:28,경상북도 의성군 비안면 모산길 109,,BBBB,,,01,,만장사,,337487.764099868    ,319554.490701264    ,경상북도 의성군 비안면 산제리 1429 ,A,,,,2021-10-01 10:47:28
6470000,5160000-001,1988-07-21,,영업/정상,,,,,,수정사,I,2025-12-15 16:15:28,경상북도 청송군 파천면 송강길 268,,BBBB,,,01,,수정사,,384149.058678195    ,335726.071283222    ,경상북도 청송군 파천면 송강리 2 ,A,,,1165,2013-12-31 16:45:12
6470000,5160000-002,1988-07-21,,영업/정상,,,,,,보광사,I,2025-12-15 16:15:28,경상북도 청송군 청송읍 현충로 51-352,,BBBB,,500,01,,보광사,0548724183,383286.353306571    ,326020.446962636    ,경상북도 청송군 청송읍 덕리 429 ,A,,,672,2017-07-04 00:00:00
6470000,5160000-003,1988-07-21,,영업/정상,,,,,,대전사,I,2025-12-15 16:15:28,경상북도 청송군 부동면 공원길 226,,BBBB,,700,01,,대전사,0548732908,392451.806296166    ,323902.242647884    ,경상북도 청송군 부동면 상의리 200 ,A,,,672,2018-01-26 14:41:33
6470000,5160000-004,1988-07-21,,영업/정상,,,,,,청송포교당,I,2025-12-15 16:15:28,경상북도 청송군 청송읍 중앙로 267-11,,BBBB,,,01,,청송포교당,,384504.195345219    ,327923.618360859    ,경상북도 청송군 청송읍 월막리 317-5 ,A,,,,2017-07-04 00:00:00
6470000,5180000-001,1988-07-21,,영업/정상,,,,,,유금사,I,2025-12-15 16:15:28,경상북도 영덕군 병곡면 유금길 213-26,,BBBB,,,01,,유금사,0547322501,411513.537665476    ,352015.198193397    ,경상북도 영덕군 병곡면 금곡리 838 ,A,,,632~647,2014-01-22 18:28:19
6470000,5180000-002,1988-07-21,,영업/정상,,,,,,장육사,I,2025-12-15 16:15:28,경상북도 영덕군 창수면 장육사1길 172,,BBBB,,,01,"장륙사는 고려말인 공민왕 4년(1355)에 이곳 창수면에서 태어난 나옹혜근(懶翁惠勤, 1320~1376) 스님이 창건하였다고 전한다. 나옹스님 당대에는 매우 번창했던 고찰이나 이후의 자세한 연혁은 전하는 사지(寺誌)가 없어 알 수 없다. 조선시대 들어와 세종 때에 산불로 인하여 사찰 전체가 전소하여 그 후 다시 지었다, 임진왜란 때에도 병화를 입어 폐허가 되었고 그뒤 1900년에 중수하였다. 그러나 광무 4년(1900)에 이현규가 중수하였다는 자료는 문헌을 잘못 해석하여 생긴 오류로 보인다. 이현규가 중수하였다는 절에 전하는「홍원루중건기」현판을 그가 썼기 때문에 그렇게 본듯한데, 실제로 현판의 내용을 자세히 읽어보면, 이현규가 중수한 것이 아니라 여러 契員들의 합심, 그 중에도 특히 황정오&#8228; 이유정&#8228; 김석출 등 세 사람의 노력에 주로 힘입었으며, 중수한 해도 1900년이 아니라 1937년임을 알 수 있다. 
http://www.koreatemple.net/  ",장육사,0547326289,405843.500922076    ,346638.794293016    ,경상북도 영덕군 창수면 갈천리 120 ,A,,,,2018-03-22 16:49:57
6470000,5190000-001,1988-07-21,,영업/정상,,,,,,용천사,I,2025-12-15 16:15:28,경상북도 청도군 각북면 헐티로 1375-9,,BBBB,,,01,,용천사,0543727204,340709.143423164    ,247653.752711731    ,경상북도 청도군 각북면 오산리 1062 ,A,,,,2013-12-31 16:46:03
6470000,5190000-002,1988-07-21,,영업/정상,,,,,,죽림사,I,2025-12-15 16:15:28,경상북도 청도군 화양읍 홍도길 205-5,,BBBB,,,01,,죽림사,0543730029,354076.632605742    ,238243.315344885    ,경상북도 청도군 화양읍 신봉리 495 죽림사 ,A,,,610,2013-12-31 17:05:59
6470000,5190000-003,1988-08-23,,영업/정상,,,,,,대산사,I,2025-12-15 16:15:28,경상북도 청도군 각남면 옥산길 248-170,,BBBB,,,01,,대산사,0543726534,345842.038923621    ,234502.108646966    ,경상북도 청도군 각남면 옥산리 1143 ,A,,,,2013-12-31 17:02:10
6470000,5190000-004,1988-07-21,,영업/정상,,,,,,대비사,I,2025-12-15 16:15:28,경상북도 청도군 금천면 박곡길 590,,BBBB,,165,01,,대비사,0543723876,375264.55208053     ,241326.168666723    ,경상북도 청도군 금천면 박곡리 794 ,A,,,589,2017-07-04 00:00:00
6470000,5090000-003,1988-07-21,,영업/정상,,,,,,부석사,I,2025-12-15 16:15:28,경상북도 영주시 부석면 부석사로 345,,BBBB,,,01,,부석사,0546333464,350146.990605266    ,389910.695105922    ,경상북도 영주시 부석면 북지리 148 ,A,,,,2017-07-04 00:00:00
6470000,5190000-006,1988-07-21,,영업/정상,,,,,,대적사,I,2025-12-15 16:15:28,경상북도 청도군 화양읍 송금길 113,,BBBB,,300,01,,대적사,0543731964,355545.85470564     ,247575.728880949    ,경상북도 청도군 화양읍 송금리 223 ,A,,,876,2017-07-04 00:00:00
6470000,5190000-007,1988-07-21,,영업/정상,,,,,,적천사,I,2025-12-15 16:15:28,경상북도 청도군 청도읍 원동길 304,,BBBB,,640,01,,적천사,0543730307,357389.599010022    ,236195.913549989    ,경상북도 청도군 청도읍 원리 981 ,A,,,668,2021-05-07 09:30:02
6470000,5190000-008,1988-07-21,,영업/정상,,,,,,불영사,I,2025-12-15 16:15:28,경상북도 청도군 매전면 용산3길 99-8,,BBBB,,250,01,,불영사,0543725040,365318.448573284    ,241700.655277697    ,경상북도 청도군 매전면 용산리 472-1 ,A,,,,2017-07-04 00:00:00
6470000,5190000-009,1988-07-21,,영업/정상,,,,,,덕사,I,2025-12-15 16:15:28,경상북도 청도군 화양읍 소라길 16-107,,BBBB,,420,01,,덕사,0543727640,357768.782240688    ,240771.746538668    ,경상북도 청도군 화양읍 소라리 1 ,A,,,,2018-11-14 13:10:35
6470000,5190000-010,1988-07-21,,영업/정상,,,,,,신둔사,I,2025-12-15 16:15:28,경상북도 청도군 화양읍 화양남산길 355,,BBBB,,250,01,,신둔사,0543726690,355013.459520848    ,237420.636732051    ,경상북도 청도군 화양읍 동천리 657 ,A,,,1173,2019-02-07 20:58:36
6470000,5190000-011,1988-07-21,,영업/정상,,,,,,대운암,I,2025-12-15 16:15:28,경상북도 청도군 청도읍 청매로 117-320,,BBBB,,650,01,,대운암,0543721433,361470.526616013    ,233810.467609413    ,경상북도 청도군 청도읍 유호리 1-1 ,A,,,1868,2021-03-29 19:44:40
6470000,5190000-012,1992-12-03,,영업/정상,,,,,,보현사,I,2025-12-15 16:15:28,경상북도 청도군 청도읍 앞산공원길 14,,BBBB,,,01,,보현사,,357552.311964542    ,239291.364769163    ,경상북도 청도군 청도읍 고수리 611 - 1 ,A,,,,2017-07-10 00:00:00
6470000,5200000-001,1988-10-12,,영업/정상,,,,,,관음사,I,2025-12-15 16:15:28,경상북도 고령군 고령읍 주산순환길 147,,BBBB,,,01,,관음사,,314477.710242033    ,248844.071941495    ,경상북도 고령군 고령읍 연조리 206 ,A,,,1911,2019-02-07 20:55:43
6470000,5200000-002,1988-07-21,,영업/정상,,,,,,반룡사,I,2025-12-15 16:15:28,경상북도 고령군 쌍림면 반룡사길 87,,BBBB,,,01,,반룡사,0549541498,309968.406005353    ,248600.685906798    ,경상북도 고령군 쌍림면 용리 187 ,A,,,802,2018-09-05 20:47:24
6470000,5210000-001,1988-07-21,,영업/정상,,,,,,석수암,I,2025-12-15 16:15:28,경상북도 안동시 제비원로 370-13 (안기동),,BBBB,,,01,,석수암,,353442.821562216    ,343929.722264455    ,경상북도 안동시 안기동 276 ,A,,,,2019-11-29 18:05:01
6470000,5210000-002,1988-07-21,,영업/정상,,,,,,선석사,I,2025-12-15 16:15:28,경상북도 성주군 월항면 세종대왕자태실로 616-33,,BBBB,,600,01,,선석사,0549339800,317023.844753413    ,280255.580695524    ,경상북도 성주군 월항면 인촌리 217 ,A,,,692,2019-08-05 10:12:32
6470000,5210000-003,1988-07-21,,영업/정상,,,,,,감응사,I,2025-12-15 16:15:28,경상북도 성주군 월항면 대산1길 234,,BBBB,,1000,01,,감응사,0549329447,320177.950516816    ,271302.015079774    ,경상북도 성주군 월항면 대산리 56 ,A,,,802,2017-07-04 00:00:00
6470000,5210000-004,2006-01-12,,영업/정상,,,,,,심원사,I,2025-12-15 16:15:28,경상북도 성주군 수륜면 가야산식물원길 17-56,,BBBB,,,01,,심원사,,302594.542175969    ,256194.259118878    ,경상북도 성주군 수륜면 백운리 산 65 - 1 ,A,,,,2017-07-10 00:00:00
6470000,5210000-005,1988-07-21,,영업/정상,,,,,,임정사,I,2025-12-15 16:15:28,경상북도 성주군 성주읍 성주읍5길 24-35,,BBBB,,,01,,임정사,,315962.861588371    ,269781.717205007    ,경상북도 성주군 성주읍 경산리 105 ,A,,,,2017-07-10 00:00:00
6470000,5220000-001,1988-10-12,,영업/정상,,,,,,도덕암,I,2025-12-15 16:15:28,경상북도 칠곡군 동명면 한티로 256,,BBBB,,,01,,도덕암,0549767891,343197.148867279    ,276879.444713952    ,경상북도 칠곡군 동명면 구덕리 20 - 5 ,A,,,360,2020-09-04 11:26:05
6470000,5220000-002,1988-07-21,,영업/정상,,,,,,송림사,I,2025-12-15 16:15:28,경상북도 칠곡군 동명면 송림길 73,,BBBB,,,01,,송림사,0549768116,342192.594639486    ,276901.567749219    ,경상북도 칠곡군 동명면 구덕리 91 - 6 ,A,,,신라시대,2021-06-14 09:10:44
6470000,5220000-003,1988-10-12,,영업/정상,,,,,,금곡사,I,2025-12-15 16:15:28,경상북도 칠곡군 가산면 금화길 107,,BBBB,,,01,,금곡사,0549717561,340288.773984627    ,286195.472598646    ,경상북도 칠곡군 가산면 금화리 274 ,A,,,803,2013-12-31 16:44:51
6470000,5220000-004,1988-10-12,,영업/정상,,,,,,영명사,I,2025-12-15 16:15:28,경상북도 칠곡군 북삼읍 금오동천로 84,,BBBB,,,01,,영명사,,317213.637303366    ,285573.361631503    ,경상북도 칠곡군 북삼읍 숭오리 919 ,A,,,,2017-07-04 00:00:00
6470000,5220000-005,1988-10-12,,영업/정상,,,,,,대둔사,I,2025-12-15 16:15:28,경상북도 칠곡군 가산면 가산로1길 272-59,,BBBB,,,01,,대둔사,,342211.399437184    ,285405.702607229    ,경상북도 칠곡군 가산면 가산리 242 ,A,,,,2018-10-25 20:44:50
6470000,5220000-006,1996-09-06,,영업/정상,,,,,,선봉사,I,2025-12-15 16:15:28,경상북도 칠곡군 북삼읍 금오동천로 84,,BBBB,,,01,,선봉사,,317213.637303366    ,285573.361631503    ,경상북도 칠곡군 북삼읍 숭오리 1446 ,A,,,,2017-07-04 00:00:00
6470000,5230000-001,1988-07-21,,영업/정상,,,,,,서악사,I,2025-12-15 16:15:28,경상북도 예천군 예천읍 대심1길 160,,BBBB,,,01,,서악사,0546551001,328210.506544155    ,351786.394853076    ,경상북도 예천군 예천읍 대심리 산 13 - 3 ,A,,,1701,2013-12-31 16:51:19
6470000,5230000-002,1988-07-21,,영업/정상,,,,,,명봉사,I,2025-12-15 16:15:28,경상북도 예천군 상리면 명봉사길 62,,BBBB,,,01,,명봉사,0546531365,322780.415319529    ,364908.912880102    ,경상북도 예천군 상리면 명봉리 501 ,A,,,875,2021-03-03 09:45:14
6470000,5230000-003,2001-03-22,,영업/정상,,,,,,청룡사,I,2025-12-15 16:15:28,경상북도 예천군 용문면 선동길 510,,BBBB,,,01,"대한불교조계종 제8교구 본사인 직지사의 말사이다. 676년(신라 문무왕 16) 의상(義湘)이 2기의 석불을 봉안하고 창건하였다. 전설에 의하면, 의상이 영주 부석사(浮石寺)를 세울 때 주변의 허한 지세를 보충하기 위해 한천사(寒天寺)와 함께 이 절을 세웠다고 한다. 또 다른 설화에 따르면, 본래 절터가 큰 호수였는데, 어느 해 정월 초하룻날에 이 호수에서 청룡이 하늘로 오르는 것을 본 한 신도가 연못을 메운 뒤 절을 창건하였다고 한다. 그런데 낙성식을 하는 날, 영물로 알려진 이심이가 울면서 도망을 치자 사람들이 이상하게 생각하여 이심이를 잡아 배를 갈라보니 작은 구슬이 나와 이것을 불상에 넣었다고 하며, 이후 절 이름을 청룡사로 불렀다고 한다. 

이후 연혁은 전하지 않으며, 어느 때인가 홍수로 절이 매몰되었다고 전해진다. 1935년 김준팔(金俊八)이 법당과 요사를 짓고 노천에 있던 석조여래좌상과 석조비로자나불좌상을 봉안하였다. 1970년과 1978년 법당을 중축하여 오늘에 이른다. 유물로 보물 제424호로 지정된 청룡사석조여래좌상과 보물 제425호로 지정된 청룡사석조비로자나불좌상이 있다. 석조여래좌상은 9세기 초, 석조비로자나불좌상은 고려 초기의 유물로 추정된다. 이외에도 옛 절터에는 주춧돌이 흩어져 있으며, 옛 석탑재들을 모아 세운 삼층석탑이 남아 있다. 

u
[네이버 지식백과] 청룡사 [靑龍寺] (두산백과)
  ",청룡사,0546558281,325073.019234363    ,359789.442041418    ,경상북도 예천군 용문면 선리 521 ,A,,,676,2018-09-05 20:48:46
6470000,5230000-004,1988-07-21,,영업/정상,,,,,,한천사,I,2025-12-15 16:15:28,경상북도 예천군 감천면 한천사길 142,,BBBB,,500,01,,한천사,0546526911,335306.346973725    ,361766.948550979    ,경상북도 예천군 감천면 증거리 184 ,A,,,676,2017-07-04 00:00:00
6470000,5230000-005,1988-07-21,,영업/정상,,,,,,용문사,I,2025-12-15 16:15:28,경상북도 예천군 용문면 용문사길 285-30,,BBBB,,2500,01,,용문사,0546551011,322262.417050943    ,359772.076476711    ,경상북도 예천군 용문면 내지리 391 ,A,,,870,2017-07-04 00:00:00
6470000,5230000-006,1988-07-21,,영업/정상,,,,,,보문사,I,2025-12-15 16:15:28,경상북도 예천군 보문면 보문사길 243,,BBBB,,500,01,,보문사,0546530777,339437.030641371    ,351530.310903197    ,경상북도 예천군 보문면 수계리 158 ,A,,,,2017-07-04 00:00:00
6470000,5230000-007,2006-12-29,,영업/정상,,,,,,극락암,I,2025-12-15 16:15:28,경상북도 예천군 효자면 명봉사길 62,,BBBB,,200,01,"ㆍ1913년 김보문행 보살에 의해 창건된 조계종산하의 전통사찰이다
   ㆍ사찰내 유물로는 청동아미타불상, 아미타후불탱, 신중탱, 칠성탱, 소종 등이 있으며, 산신각내의 독성탱, 산신탱과 야외에 석조입불상이 모셔져 있다",극락암,0546531365,322780.415319529    ,364908.912880102    ,경상북도 예천군 효자면 명봉리 501 ,A,,,875,2021-04-15 18:15:13
6470000,5230000-008,1988-07-21,,영업/정상,,,,,,장안사,I,2025-12-15 16:15:28,경상북도 예천군 용궁면 회룡대길 168,,BBBB,,,01,,장안사,0546551400,317575.796167583    ,343031.632369821    ,경상북도 예천군 용궁면 향석리 산 54 ,A,,,,2021-03-15 10:25:01
6470000,5240000-001,1988-07-21,,영업/정상,,,,,,천성사,I,2025-12-15 16:15:28,경상북도 봉화군 봉성면 꿀덩이길 93,,BBBB,,,01,,천성사,0546729951,358863.86016481     ,383435.230892539    ,경상북도 봉화군 봉성면 금봉리 262 - 1 ,A,,,1952,2022-03-28 17:37:22
6470000,5240000-002,2017-07-21,,영업/정상,,,,,,청량사,I,2025-12-15 16:15:28,경상북도 봉화군 명호면 청량산길 199-152,,BBBB,,,01,,청량사,0546721446,371221.806055326    ,367055.767503651    ,경상북도 봉화군 명호면 북곡리 247 ,A,,,,2017-07-04 00:00:00
6470000,5240000-003,2017-07-21,,영업/정상,,,,,,축서사,I,2025-12-15 16:15:28,경상북도 봉화군 물야면 월계길 739,,BBBB,,,01,,축서사,0546727578,360189.740537872    ,388159.592083273    ,경상북도 봉화군 물야면 개단리 1 ,A,,,,2017-07-04 00:00:00
6470000,5240000-004,1988-07-21,,영업/정상,,,,,,각화사,I,2025-12-15 16:15:28,경상북도 봉화군 춘양면 각화산길 251,,BBBB,,,01,,각화사,0546722207,369904.418298494    ,389486.162335899    ,경상북도 봉화군 춘양면 석현리 559 ,A,,,,2022-02-28 17:19:17
6470000,5240000-005,1988-07-21,,영업/정상,,,,,,홍제암,I,2025-12-15 16:15:28,경상북도 봉화군 소천면 홍점길 295-85,,BBBB,,,01,,홍제암,0546723410,380075.247747136    ,390093.604271755    ,경상북도 봉화군 소천면 고선리 1 ,A,,,,2022-11-24 15:13:17
6470000,5240000-006,2004-01-27,,영업/정상,,,,,,지림사,I,2025-12-15 16:15:28,경상북도 봉화군 물야면 문수로 449-66,,BBBB,,,01,,지림사,,354709.655133693    ,382534.000504153    ,경상북도 봉화군 물야면 북지리 657-3 ,A,,,,2017-07-10 00:00:00
6470000,5250000-001,1988-07-21,,영업/정상,,,,,,불영사,I,2025-12-15 16:15:28,경상북도 울진군 서면 불영사길 48,,BBBB,,3000,01,,불영사,,402382.839268792    ,384496.345239681    ,경상북도 울진군 서면 하원리 120 ,A,,,651,2020-05-27 09:13:51
6470000,6470000-001,1988-07-21,,영업/정상,,,,,,광덕사,I,2025-12-15 16:15:28,경상북도 상주시 외남면 구서2길 138,,BBBB,,700,01,,광덕사,,298471.696412399    ,315321.028202743    ,경상북도 상주시 외남면 구서리 산 2 - 1 ,A,,,1920,2013-12-31 16:38:47
6470000,6470000-002,1988-07-21,,영업/정상,,,,,,봉정사,I,2025-12-15 16:15:28,경상북도 안동시 서후면 봉정사길 222,,BBBB,,,01,,봉정사,,348590.683658978    ,351515.129505858    ,경상북도 안동시 서후면 901 ,A,,,,2021-11-25 13:11:43
6470000,6470000-003,2009-03-18,,영업/정상,,,,,,용수사,I,2025-12-15 16:15:28,경상북도 안동시 도산면 용수길 284-9,,BBBB,5,2200,01,,용수사,0548558226,361631.36892104     ,365073.199077718    ,경상북도 안동시 도산면 운곡리 60 ,,,,1146,2013-12-31 16:34:02
6470000,6470000-004,1988-07-21,,영업/정상,,,,,,불굴사,I,2025-12-15 16:15:28,경상북도 경산시 와촌면 불굴사길 205,,BBBB,,1000,01,"신라가 삼국을 통일하는데 큰 기여를 한 인물인 김유신은 화랑시절부터 두각을 나타내 그들 사이에서도 존경을 받는 인물이었다. 그가 79세의 나이로 세상을 떠날 때까지 가장 큰 업적인 삼국의 통일은 그가 화랑시절 부처님 전에 세웠던 그의 원 때문이었다. 화랑시절, 산천과 사찰을 주유하며 그가 배우고 익혔던 지혜와 무예는 훗날 그의 원을 이룩하는 초석이 되었던 것이다. 때때로 그의 화랑시절 수학의 흔적이 도처에 남아있지만 팔공산에도 삼국통일의 원을 세우고 수학한 흔적이 생생하다. 
팔공산 불굴사는 원효스님이 창건했지만 김유신의 화랑시절 수도처이기도 했다. 바로 여기에서 김유신은 17세 때 삼국통일에 대한 원을 간절히 세워 신인(神人)으로부터 그 비법을 전수받았던 곳이기 때문이다. 그 비법이 무언지 전해오는 바는 없으나 70세까지 피비린내 나는 전장을 오가며 삼국통일의 위업을 달성했으니 영험도 보통 영험이 아닌 셈이다. 
팔공산 불굴사는 단지 이러한 김유신과의 인연뿐 만 아니라 적멸보궁에 모셔진 부처님진신사리탑을 비롯해 보물 제429호 불굴사 3층석탑, 어느 노스님의 꿈 속에 현몽해 땅 속에서 출토된 석조약사여래입상, 영험 많은 홍주암 독성전과 석굴기도처 등 불굴사에는 갖가지 유형적인 문화유산도 함께 지니고 있다",불굴사,,360445.339508283    ,273102.093465458    ,경상북도 경산시 와촌면 강학리 5 ,A,,,690,2022-02-28 17:08:28
6470000,6470000-005,1988-07-21,,영업/정상,,,,,,몽운사,I,2025-12-15 16:15:28,경상북도 포항시 남구 동해면 조항산길9번길 75,,BBBB,,,01,종단변경 이력(법화종-무소속-대한불교삼보조계종),몽운사,,421964.322789126    ,277617.989841231    ,경상북도 포항시 남구 동해면 금광리 64 - 1 ,A,,,1935,2018-03-08 10:17:25
6470000,6470000-006,2016-01-14,,영업/정상,,,,,,골굴사,I,2025-12-15 16:15:28,경상북도 경주시 양북면 기림로 101-5,,BBBB,4,2800,01,,골굴사,0547441689,417390.232558117    ,258595.865073732    ,,,,,신라시대,2016-01-14 00:00:00
6470000,6470000-007,2016-01-14,,영업/정상,,,,,,구화사,I,2025-12-15 16:15:28,,,BBBB,2,500,01,,구화사,0544341133,299716.883883481    ,295244.692925526    ,경상북도 김천시 교동 2 ,,,,조선시대,2016-01-14 00:00:00
6470000,5020000-001,1988-07-21,,영업/정상,,,,,,오어사,I,2025-12-15 16:15:28,경상북도 포항시 남구 오천읍 오어로 1,,BBBB,,,01,,오어사,0542922083,413730.905542135    ,272153.300092935    ,경상북도 포항시 남구 오천읍 항사리 34 ,A,,,,2018-08-07 13:50:05
6470000,5020000-002,1988-07-21,,영업/정상,,,,,,보경사,I,2025-12-15 16:15:28,경상북도 포항시 북구 송라면 보경로 523,,BBBB,,2500,01,"602년 진나라에서 유학하고 돌아온 신라 지명법사가 진평왕에게 동해안 명산에서 명당을 찾아 자신이 진나라의 도인에게 받은 팔명보경을 묻고 그 위에 불당을 세우면 왜구의 침입을 막고, 이웃 나라의 침입도 받지 않으며 삼국을 통일할 것이라고 하였다. 이에 진평왕이 지명법사와 함께 내연산 아래에 있는 큰 못에 팔면보경을 묻고 못을 메워 금당을 건립하고 보경사라고 했다. 
경내에는 보경사원진국사비(보물 252)와 보경사부도(보물 430)가 있으며 조선 숙종의 친필 각판 및 5층석탑 등이 있다 
[네이버 지식백과] 보경사 [寶鏡寺] (두산백과, 두산백과)",보경사,0542621117,408273.342109916    ,308216.367906552    ,경상북도 포항시 북구 송라면 중산리 622 ,A,,,602,2014-02-07 09:20:40
6470000,5020000-003,1988-07-21,,영업/정상,,,,,,대승사,I,2025-12-15 16:15:28,경상북도 문경시 산북면 대승사길 283,,BBBB,,1200,01,"대승사는 김룡사를 창건한 운달조사가 그보다 한해 앞선 진평왕 9년 587년에 개산했다 한다. 기록으로는『삼국유사』「사불산 금불산 만불산조」에 관련되어 자세한 이야기가 전한다. 

죽령의 서쪽100리쯤에 우뚝 솟은 산이 있다. 진평왕 9년 갑신년에 홀연히 큰 돌 하나가 삼면이 모두 한 길이나 되고 사방에 여래상이 이는데, 붉은 비단으로 싸여 하늘에서 이 산의 정상에 떨어졌다. 왕이 이 말을 듣고 수레를 타고가 우러러 예배하고 마침내 절을 창건하고 대승사라 하였다. 『연화경(법화경)』을 강론하는 스님을 청하여 절에 머무르게 하면서 석불을 청소하고 공양과 향불이 끊어지지 않게 하였다. 산 이름을 역덕산 또는 사불산이라 한다. 스님이 죽은 뒤 장사지냈더니 무덤 위에서 연꽃이 피어났다. 
임진왜란으로 절은 대부분 소실, 1604년부터 중창이 시작되어 근 백년간 중건과 보수가 이어짐
대승사는 한때 상적암, 반야암 등 아홉 암자를 거느리기도 했으나 지금은 고려말 나옹 혜륵선사(1320-1376)가 출가하여 득도한 곳으로 알려진 묘적암, 윤필암, 보현암, 총지암만을 거느리고 있다.
",대승사,0545527105,313521.724577024    ,361704.35974431     ,경상북도 문경시 산북면 전두리 8 ,A,,,587,2014-04-02 16:15:17
6470000,5020000-004,1988-07-21,,영업/정상,,,,,,천곡사,I,2025-12-15 16:15:28,경상북도 포항시 북구 흥해읍 도음로 476,,BBBB,,500,01,,천곡사,0542616446,405915.367227292    ,289100.669715482    ,경상북도 포항시 북구 흥해읍 학천리 796 ,A,,,,2017-07-04 11:29:37
6470000,5020000-005,1988-07-21,,영업/정상,,,,,,임허사,I,2025-12-15 16:15:28,경상북도 포항시 북구 흥해읍 동해대로 1548-4,,BBBB,,300,01,,임허사,0542610331,410965.59115035     ,292449.880574403    ,경상북도 포항시 북구 흥해읍 옥성리 131 ,A,,,,2019-10-23 18:25:07
6470000,5020000-006,1988-07-21,,영업/정상,,,,,,무학사,I,2025-12-15 16:15:28,경상북도 포항시 북구 기계면 새마을발상지길 212,,BBBB,,200,01,,무학사,,397109.394421913    ,286726.167291251    ,경상북도 포항시 북구 기계면 문성리 산 8 - 1 ,A,,,,2017-07-04 00:00:00
6470000,5020000-007,1988-07-21,,영업/정상,,,,,,고석사,I,2025-12-15 16:15:28,경상북도 포항시 남구 장기면 방산로 526,,BBBB,,1000,01,,고석사,0542760370,422334.375856734    ,271125.364365277    ,경상북도 포항시 남구 장기면 방산리 887 ,A,,,,2020-07-10 17:19:29
6470000,5190000-005,1988-07-21,,영업/정상,,,,,,운문사,I,2025-12-15 16:15:28,경상북도 청도군 운문면 운문사길 264,,BBBB,,5500,01,,운문사,0543728800,377420.647872616    ,241903.169892964    ,경상북도 청도군 운문면 신원리 1789 ,A,,,,2022-12-12 09:23:43
6470000,5090000-004,1988-07-21,,영업/정상,,,,,,성혈사,I,2025-12-15 16:15:28,경상북도 영주시 순흥면 죽계로 459-99,,BBBB,,,01,,성혈사,0546332582,337387.612510876    ,384343.013586121    ,경상북도 영주시 순흥면 덕현리 277 ,A,,,,2017-07-04 00:00:00
6470000,5090000-005,1988-07-21,,영업/정상,,,,,,희방사,I,2025-12-15 16:15:28,경상북도 영주시 풍기읍 죽령로 1720,,BBBB,,,01,,희방사,0546362041,329782.203414176    ,380807.469914242    ,경상북도 영주시 풍기읍 수철리 313 - 3 ,A,,,,2022-08-23 13:29:18
6470000,5090000-006,1988-07-21,,영업/정상,,,,,,비로사,I,2025-12-15 16:15:28,경상북도 영주시 풍기읍 삼가로 661-29,,BBBB,,,01,,비로사,0546365011,333458.743766103    ,382980.749364743    ,경상북도 영주시 풍기읍 삼가리 391 ,A,,,,2017-07-04 00:00:00
6470000,5090000-007,1988-07-21,,영업/정상,,,,,,초암사,I,2025-12-15 16:15:28,경상북도 영주시 순흥면 죽계로315번길 330,,BBBB,,,01,,초암사,0546332322,335904.624440841    ,383598.860473411    ,경상북도 영주시 순흥면 배점리 524 ,A,,,,2022-07-29 10:18:17
6470000,5090000-008,1988-07-21,,영업/정상,,,,,,진월사,I,2025-12-15 16:15:28,경상북도 영주시 평은면 문평로 638-250,,BBBB,,,01,,진월사,0546375636,347548.015263353    ,357991.474559433    ,경상북도 영주시 평은면 용혈리 1104 ,A,,,,2017-07-04 00:00:00
6470000,5090000-009,2003-02-04,,영업/정상,,,,,,유석사,I,2025-12-15 16:15:28,경상북도 영주시 풍기읍 죽령로1360번길 289,,BBBB,,,01,,유석사,,331481.768350472    ,378800.843034551    ,경상북도 영주시 풍기읍 창락리 280 - 18 ,A,,,,2019-11-29 18:02:42
6470000,5100000-001,1988-07-21,,영업/정상,,,,,,은해사,I,2025-12-15 16:15:28,경상북도 영천시 청통면 청통로 951,,BBBB,,,01,,은해사,0543353318,361316.934053074    ,278312.53852318     ,경상북도 영천시 청통면 치일리 479 ,A,,,809,2022-03-07 09:46:16
6470000,5100000-002,1988-07-21,,영업/정상,,,,,,부귀사,I,2025-12-15 16:15:28,경상북도 영천시 신녕면 칠밭골길 446,,BBBB,,,01,,부귀사,,357484.273162246    ,281991.380448043    ,경상북도 영천시 신녕면 왕산리 1050 ,A,,,신라시대,2013-12-31 16:35:09
6470000,5100000-003,1988-07-21,,영업/정상,,,,,,거동사,I,2025-12-15 16:15:28,경상북도 영천시 자양면 사곡길 77-81,,BBBB,,,01,,거동사,0543368165,382314.449259639    ,296314.893964355    ,경상북도 영천시 자양면 보현리 1683 ,A,,,780,2018-11-15 10:54:21
6470000,5100000-004,1988-07-21,,영업/정상,,,,,,한광사,I,2025-12-15 16:15:28,경상북도 영천시 신녕면 권응수길 126,,BBBB,,,01,,한광사,0543320772,359085.555105057    ,288506.438137189    ,경상북도 영천시 신녕면 화남리 500 ,A,,,780,2022-10-25 09:43:49
6470000,5100000-005,1988-07-21,,영업/정상,,,,,,영지사,I,2025-12-15 16:15:28,경상북도 영천시 대창면 영지길 471,,BBBB,,,01,,영지사,,376235.642799314    ,262220.116063071    ,경상북도 영천시 대창면 용호리 14 ,A,,,600,2021-05-27 14:17:20
6470000,5100000-006,1988-07-21,,영업/정상,,,,,,수도사,I,2025-12-15 16:15:28,경상북도 영천시 신녕면 치산관광길 404,,BBBB,,350,01,"수도사는 647년(진덕왕 1) 자장(慈藏, 590∼658)과 원효(元曉, 617∼686) 두 스님이 함께 금당사(金堂寺)라는 이름으로창건했다고 전한다. 그 뒤의 연혁은 잘 알 수 없고, 고려시대에 들어와 1206년(희종 2) 보희(普熙) 국사가 중창하였는데 보희 국사에 대해서는 알려진 바가 없다. 그리고 조선시대에 들어와서의 역사도 문헌이 전하는 바가 별로 없다. 1805년(순조 5)에 징월 정훈(澄月正訓, ?∼?) 스님이 중창하였다. 정훈 스님은 동화사를 중심으로 대구·경북 지역에서 주로 활동했던 고승이었다. 이어서 1899년(광무 3) 산령각을 지었다.
 
그밖에 사찰에 전하는 사적기나 역사서는 아니지만, 조선시대 중기의 학자 정시한(丁時翰, 1625∼1707)이 전국의 명산대찰을 유람하며 지은 산중일기(山中日記)에 수도사가 나오므로 이 기록을 수도사 역사의 하나로 취급할 있다. 산중일기에는 정시한이 1686년(숙종 12) 6월 24일 수도사의 응담(應湛) 스님을 염불암(念佛庵)에서 만났고, 또 8월 20일에 수도사 영자전(影子殿)에 가서 여러 날 묵었다는 기록이 있다. 이 때 수도사에 승통(僧統) 응담(應談)을 비롯하여 당시 나이 83세의 처순(處淳), 그리고 옥륜(玉倫)·옥행(玉行)·탄흡(坦洽) 스님 등이 맞아주었다는 내용도 보인다. .http://www.koreatemple.net/  ",수도사,0543370730,354783.593777864    ,283526.304805903    ,경상북도 영천시 신녕면 치산리 312 ,A,,,632~647,2018-12-12 18:46:04
6470000,5100000-007,1988-07-21,,영업/정상,,,,,,봉림사,I,2025-12-15 16:15:28,경상북도 영천시 화북면 천문로 2149-368,,BBBB,,,01,"1742년(영조 18)에 등월(澄月)이 창건했으며 이 때 인근 보현산에 있던 법화사(法華寺)를 옮겨왔다. 법화사는 신라 문무왕(재위:661∼681) 때 의상(義湘)이 창건한 사찰이다. 1857년(철종 8) 소월(韶月)이 중창한 바 있다. 현재 대웅전과 산신각·요사채 등의 건물이 있으며, 석가모니불을 주존으로 하는 삼존불상과 후불탱화·신중탱화·지장탱화·칠성탱화 등의 탱화가 남아 있다. 

사찰을 옮겨온 설화가 전한다. 법화사의 한 사미승이 탁발을 나갔다가 병이 들었다. 그는 절에 돌아오지 못하고 민가에서 요양하였다. 사람들은 사미승을 극진히 보살폈는데, 여름이 되자 개고기가 몸을 회복하는 데 좋다며 먹으라고 권하였다. 사미승은 고민 끝에 개고기를 먹고 병이 나아 칠월 칠석이 되자 절에 돌아가게 되었다. 그런데 바로 그 날 번개와 천둥이 치고 소나기가 밤새 내리더니 다음 날에 승려 1명이 사라졌다. 그후 매년 칠월 칠석이면 어김없이 밤마다 천둥과 번개가 치고 다음 날에 승려 1명이 사라지는 것이었다. 급기야 주지가 회의를 열고 칠석날 모든 승려의 몸에 실을 꽂아서 어디로 사라지는지 알아보자고 하였다. 다음 날 역시 한 승려가 사라졌는데, 실을 따라가 보니 산중턱 바위굴 속에 큰 지네가 잠을 자고 있었고, 이 화를 피하고자 절을 옮겼다고 한다. [네이버 지식백과] 봉림사 [鳳林寺] (두산백과, 두산백과)
  ",봉림사,0543373413,370781.321355077    ,293386.791895379    ,경상북도 영천시 화북면 자천리 2372 ,A,,,1742,2024-03-04 09:11:27
6470000,5100000-008,1988-07-21,,영업/정상,,,,,,신녕포교당,I,2025-12-15 16:15:28,경상북도 영천시 신녕면 동산길 11,,BBBB,,,01,"신녕 포교당은 원래 법륜사로 개창하였다고 하는데, 남아 있는 부도가 1880년(고종 17)에 조성된 것이어서 법륜사의 초창은 19세기 후반임을 알 수 있다. 현재 있는 포교당의 건립은 1924년 박희웅 화상에 의해 세워졌고, 1961년 학산 스님이 발원하여 포교당 내 산령각을 건립하고 산신도를 봉안하였다. 그래서 입구에 신녕 포교당과 법륜사의 푯말이 나란히 적여 있다.
[출처] 한국학중앙연구원 - 향토문화전자대전
",신녕포교당,0543320271,361247.902292104    ,283758.15813733     ,경상북도 영천시 신녕면 완전리 769 ,A,,,1914,2023-07-04 16:32:04
6470000,5100000-009,1988-07-21,,영업/정상,,,,,,신흥사,I,2025-12-15 16:15:28,경상북도 영천시 금호읍 금호로 360-29,,BBBB,,500,01,,신흥사,0543341101,371274.475600329    ,272452.688214606    ,경상북도 영천시 금호읍 신월리 204-7 ,A,,,,2017-07-04 00:00:00
6470000,5100000-010,1988-07-21,,영업/정상,,,,,,묘각사,I,2025-12-15 16:15:28,경상북도 영천시 자양면 용화길 499,,BBBB,,2000,01,,묘각사,,380811.197415104    ,292358.885567714    ,경상북도 영천시 자양면 용화리 9 ,A,,,,2022-03-17 16:10:01
6470000,5100000-011,1988-07-21,,영업/정상,,,,,,죽림사,I,2025-12-15 16:15:28,경상북도 영천시 금호읍 죽방길 279-57,,BBBB,,1500,01,,죽림사,,372929.269378975    ,273444.304822335    ,경상북도 영천시 금호읍 봉죽리 67 ,A,,,869,2019-11-11 22:49:17
6470000,5100000-012,1988-07-21,,영업/정상,,,,,,진불암,I,2025-12-15 16:15:28,경상북도 영천시 신녕면 치산관광길 404-1,,BBBB,,100,01,,진불암,0543370450,353898.537696198    ,281911.172877064    ,경상북도 영천시 신녕면 치산리 308 - 3 ,A,,,,2025-01-17 17:33:08
6470000,5100000-013,1992-03-11,,영업/정상,,,,,,영천포교당,I,2025-12-15 16:15:28,경상북도 영천시 서문길 69 (교촌동),,BBBB,,,01,,영천포교당,,373704.908068828    ,275684.247312361    ,경상북도 영천시 교촌동 237 ,A,,,,2022-02-21 10:34:24
6470000,5110000-001,1988-10-12,,영업/정상,,,,,,용흥사,I,2025-12-15 16:15:28,경상북도 상주시 지천1길 223-35 (지천동),,BBBB,,,01,,용흥사,0545337728,304700.041345051    ,317402.762033608    ,경상북도 상주시 지천동 722 ,A,,,839,2020-07-30 10:30:07
6470000,5110000-002,1988-07-21,,영업/정상,,,,,,갑장사,I,2025-12-15 16:15:28,경상북도 상주시 지천1길 215-187 (지천동),,BBBB,,,01,,갑장사,,306465.624850479    ,316732.423452154    ,경상북도 상주시 지천동 산 5 - 3 ,A,,,,2013-12-31 16:48:39
6470000,5110000-003,1988-07-21,,영업/정상,,,,,,남장사,I,2025-12-15 16:15:28,경상북도 상주시 남장1길 259-22 (남장동),,BBBB,,,01,,남장사,,299115.345937843    ,326089.007732391    ,경상북도 상주시 남장동 502 ,A,,,,2021-03-03 09:40:07
6470000,5110000-004,1988-10-12,,영업/정상,,,,,,상락사,I,2025-12-15 16:15:28,경상북도 상주시 서성4길 19 (서성동),,BBBB,,,01,1921 설홍스님이 창건,상락사,0545352881,303998.920984666    ,324767.197380644    ,경상북도 상주시 서성동 60 - 8 ,A,,,1921,2017-11-17 15:24:08
6470000,5110000-005,1988-07-21,,영업/정상,,,,,,동해사,I,2025-12-15 16:15:28,경상북도 상주시 서곡3길 173 (서곡동),,BBBB,,300,01,,동해사,0545320523,307086.048013378    ,323372.380468104    ,경상북도 상주시 서곡동 227 - 3 ,A,,,1398,2021-02-08 14:12:36
6470000,5110000-006,1988-07-21,,영업/정상,,,,,,신흥사,I,2025-12-15 16:15:28,경상북도 상주시 화북면 중벌2길 32,,BBBB,,,01,"신흥사는 안락행 김교순 보살에 의하여 1925년에 건립되었다. 경내에는 신흥사의 내력을 기록한「金敎順女史舍利及新興寺創建碑」(1970년)와 부도가 있다. 이 비문에 의하면 김교순은 1881년(고종 18) 경북 예천 출생으로, 21세 되던 해인 1901년 보은 속리산에서 용허선사로부터 보살계를 받고 불명(佛名)을 안락행(安樂行)이라 하였다. 그 뒤 신흥사를 창건하여 사천왕문을 비롯하여 칠성각과 약사전, 대웅전 등의 불사를 이루었다. 
또한 김씨는 법당 건립 후 1926년 1월에 이른바‘국화문사건’에 연루되어 대구재판소에 수감 중이던 20일간 단식 염불을 해 일본인 경사들을 놀라게 하였다. 이듬해 석방된 뒤 중생구제와 염불 및 참선으로 일관하였다고 한다.     ",신흥사,0545339168,274474.426053775    ,344939.417018567    ,경상북도 상주시 화북면 중벌리 526 ,A,,,1929,2020-03-26 11:16:14
6470000,5110000-007,1988-07-21,,영업/정상,,,,,,용화사,I,2025-12-15 16:15:28,경상북도 상주시 함창읍 증촌2길 10-13,,BBBB,,500,01,,용화사,0545413551,304804.08258258     ,341408.894603213    ,경상북도 상주시 함창읍 증촌리 258-3 ,A,,,676,2019-10-08 13:13:08
6470000,5020000-010,1988-07-21,,영업/정상,,,,,,해봉사,I,2025-12-15 16:15:28,경상북도 포항시 남구 호미곶면 명월길 304-16,,BBBB,,,01,,해봉사,,430111.828866599    ,284241.476430015    ,경상북도 포항시 남구 호미곶면 강사리 1066 ,A,,,,2017-07-10 00:00:00
6470000,5110000-008,1988-07-21,,영업/정상,,,,,,황령사,I,2025-12-15 16:15:28,경상북도 상주시 은척면 성주로 225,,BBBB,,100,01,,황령사,0545414450,291122.562418969    ,337985.754289768    ,경상북도 상주시 은척면 황령리 35 ,A,,,632,2017-07-04 00:00:00
6470000,5110000-009,1988-07-21,,영업/정상,,,,,,북장사,I,2025-12-15 16:15:28,경상북도 상주시 내서면 북장1길 317,,BBBB,,400,01,,북장사,0545335103,296839.103309144    ,326869.799638954    ,경상북도 상주시 내서면 북장리 38-1 ,A,,,1810,2017-07-04 00:00:00
6470000,5110000-010,2003-02-04,,영업/정상,,,,,,연수암,I,2025-12-15 16:15:28,경상북도 상주시 연원7길 127 (연원동),,BBBB,,,01,,연수암,,300053.124675558    ,326875.667016629    ,경상북도 상주시 연원동 195 ,A,,,,2022-06-16 09:20:07
6470000,5110000-011,1988-07-21,,영업/정상,,,,,,청계사,I,2025-12-15 16:15:28,경상북도 상주시 화서면 하송3길 213,,BBBB,,,01,,청계사,,285833.968032983    ,332443.580461466    ,경상북도 상주시 화서면 하송리 310-2 ,A,,,,2017-07-10 00:00:00
6470000,5110000-012,1988-07-21,,영업/정상,,,,,,청룡사,I,2025-12-15 16:15:28,경상북도 상주시 중동면 갱다불길 39-43,,BBBB,,,01,,청룡사,,313710.227735791    ,327491.435519642    ,경상북도 상주시 중동면 오상리 산 200 ,A,,,,2017-07-10 00:00:00
6470000,5120000-001,1988-12-07,,영업/정상,,,,,,심원사,I,2025-12-15 16:15:28,경상북도 문경시 농암면 청화로 380-101,,BBBB,,,01,,심원사,0545347545,284222.834650458    ,340194.748549331    ,경상북도 문경시 농암면 내서리 산 8 ,A,,,660,2013-12-31 16:40:58
6470000,5120000-002,1988-07-21,,영업/정상,,,,,,봉암사,I,2025-12-15 16:15:28,경상북도 문경시 가은읍 원북길 313,,BBBB,,,01,,봉암사,0545719088,289782.29483896     ,355906.593687929    ,경상북도 문경시 가은읍 원북리 485 ,A,,,879,2021-05-06 10:33:35
6470000,5120000-003,1988-07-21,,영업/정상,,,,,,원적사,I,2025-12-15 16:15:28,경상북도 문경시 농암면 우복동길 220-136,,BBBB,,,01,"660년(태종무열왕 7) 원효대사 창건, 해동초조원효대사진영(海東初祖元曉祖師眞影)이 있다. 원효대사가 심원사 밑 개울인 용소(龍沼; 쌍용계곡)에서 요령을 얻어서 원적사에 갖다 놓았다는 전설이 있는데, 그 요령은 현재 직지사 박물관에 보관중이며, 또는 그 요령은 고려시대 작품이라는 것이 거의 정설이다. 풍수지리설에 따르면 비학승천혈(飛鶴昇天穴)이라는 명당에 있어 옛날부터 깨달음을 빨리 얻을 수 있는 수도처로 이름났다. 석교 스님이 1885년(조선 고종 22) 중수하였고, 1903년 서암(西庵)이 큰방과 요사, 조실방 등을 세워 크게 중창하였다. 현재 건물은 1987년 낙성식을 했다 ",원적사,0545339010,282838.304084782    ,344710.740761419    ,경상북도 문경시 농암면 내서리 산 1 ,A,,,660,2014-10-27 09:12:21
6470000,5120000-004,1988-07-21,,영업/정상,,,,,,운암사,I,2025-12-15 16:15:28,경상북도 문경시 불정길 149-123 (불정동),,BBBB,,2000,01,,운암사,0545534795,301858.165740899    ,346675.686742247    ,경상북도 문경시 불정동 342 ,A,,,,2019-06-26 10:56:52
6470000,5120000-005,1988-07-21,,영업/정상,,,,,,대승사,I,2025-12-15 16:15:28,경상북도 문경시 산북면 대승사길 283,,BBBB,,1200,01,"대승사는 김룡사를 창건한 운달조사가 그보다 한해 앞선 진평왕 9년 587년에 개산했다 한다. 기록으로는『삼국유사』「사불산 금불산 만불산조」에 관련되어 자세한 이야기가 전한다. 

죽령의 서쪽100리쯤에 우뚝 솟은 산이 있다. 진평왕 9년 갑신년에 홀연히 큰 돌 하나가 삼면이 모두 한 길이나 되고 사방에 여래상이 이는데, 붉은 비단으로 싸여 하늘에서 이 산의 정상에 떨어졌다. 왕이 이 말을 듣고 수레를 타고가 우러러 예배하고 마침내 절을 창건하고 대승사라 하였다. 『연화경(법화경)』을 강론하는 스님을 청하여 절에 머무르게 하면서 석불을 청소하고 공양과 향불이 끊어지지 않게 하였다. 산 이름을 역덕산 또는 사불산이라 한다. 스님이 죽은 뒤 장사지냈더니 무덤 위에서 연꽃이 피어났다. 
임진왜란으로 절은 대부분 소실, 1604년부터 중창이 시작되어 근 백년간 중건과 보수가 이어짐
대승사는 한때 상적암, 반야암 등 아홉 암자를 거느리기도 했으나 지금은 고려말 나옹 혜륵선사(1320-1376)가 출가하여 득도한 곳으로 알려진 묘적암, 윤필암, 보현암, 총지암만을 거느리고 있다.
",대승사,0545527105,313521.724577024    ,361704.35974431     ,경상북도 문경시 산북면 전두리 8 ,A,,,587,2021-04-15 17:57:49
6470000,5120000-006,1988-07-21,,영업/정상,,,,,,김룡사,I,2025-12-15 16:15:28,경상북도 문경시 산북면 김용길 372,,BBBB,,2000,01,,김룡사,0545527006,309247.377103183    ,360532.172952669    ,경상북도 문경시 산북면 김용리 410 ,A,,,588,2017-07-04 00:00:00
6470000,5120000-007,1988-07-21,,영업/정상,,,,,,혜국사,I,2025-12-15 16:15:28,경상북도 문경시 문경읍 새재로 1052-220,,BBBB,,,01,,혜국사,0545710341,296943.178618012    ,364490.452512024    ,경상북도 문경시 문경읍 상초리 13 ,A,,,847,2020-07-03 09:36:38
6470000,5120000-008,1988-07-21,,영업/정상,,,,,,원적사,I,2025-12-15 16:15:28,경상북도 문경시 농암면 우복동길 220-136,,BBBB,,660,01,,원적사,0545339010,282838.304084782    ,344710.740761419    ,경상북도 문경시 농암면 내서리 산 1 ,A,,,,2020-07-21 10:15:59
6470000,5130000-001,1998-07-21,,영업/정상,,,,,,하양포교당,I,2025-12-15 16:15:28,경상북도 경산시 하양읍 도리3길 12,,BBBB,,,01,,하양포교당,0538512315,363983.54714361     ,270208.578212194    ,경상북도 경산시 하양읍 도리리 91 - 2 ,A,,,1929,2020-06-25 16:52:53
6470000,5130000-002,1988-10-12,,영업/정상,,,,,,안흥사,I,2025-12-15 16:15:28,경상북도 경산시 남매로 86 (상방동),,BBBB,,,01,,안흥사,0548514030,357510.999040635    ,258986.453292885    ,경상북도 경산시 상방동 71 ,A,,,신라시대,2019-11-11 22:52:33
6470000,5130000-003,2009-12-18,,영업/정상,,,,,,혜광사,I,2025-12-15 16:15:28,경상북도 경산시 장산로24길 7 (삼북동),,BBBB,,,01,,혜광사,0538150341,356979.205757135    ,258894.035224687    ,경상북도 경산시 삼북동 222 ,A,,,1931,2014-01-22 18:20:44
6470000,5130000-004,1988-07-21,,영업/정상,,,,,,선본사,I,2025-12-15 16:15:28,"경상북도 경산시 와촌면 갓바위로 699, .동 (선본사)",,BBBB,,350,01,"신라 불교가 국가적으로 공인된 것은 527년(법흥왕 14)의 일이지만 이보다 앞서 불교는 이미 민간에 유포되어 있었다. 즉 일선군(一善郡)에 사는 모례(毛禮, 또는 毛綠)라는 사람이 공인 이전부터 불교를 신앙하고 있었고, 고구려에서 온 묵호자(墨胡子)와 아도(阿道)화상도 이곳에 머물며 포교 활동을 펼쳤다고 한다.  신라 불교의 초전(初傳)이 이루어졌던 일선군이 바로 오늘날 팔공산 아래에 있는 경북 선산군이다. 아도가 머물렀던 모례의 집은 후일에 도리사(桃李寺)가 되어 지금도 신라불교의 초기 역사를 간직하고 있다. 이처럼 한국 불교사에 있어서 중요한 의미를 지니는 팔공산에는 이후 많은 승려가 주석(住錫)하고 사찰이 자리잡으면서 명실공히 신라불교의 생생한 역사가 전개되었다 ",선본사,0538511868,356783.048493786    ,277744.189564096    ,경상북도 경산시 와촌면 대한리 587 ,A,,,신라초기,2021-12-15 09:51:01
6470000,5130000-005,1988-07-21,,영업/정상,,,,,,원효암,I,2025-12-15 16:15:28,경상북도 경산시 와촌면 갓바위로 386-73,,BBBB,,,01,,원효암,0538520963,359315.416292895    ,276943.925290748    ,경상북도 경산시 와촌면 대한리 382 ,A,,,미상,2018-01-05 10:56:50
6470000,5130000-006,1988-07-21,,영업/정상,,,,,,환성사,I,2025-12-15 16:15:28,경상북도 경산시 하양읍 환성로 392-30,,BBBB,,600,01,,환성사,0548526561,359265.282849884    ,272096.503120594    ,경상북도 경산시 하양읍 사기리 150 ,A,,,835,2017-07-04 00:00:00
6470000,5130000-007,1988-07-21,,영업/정상,,,,,,제석사,I,2025-12-15 16:15:28,경상북도 경산시 자인면 북사안길 18,,BBBB,,700,01,,제석사,0548522271,364520.626111011    ,259484.983531054    ,경상북도 경산시 자인면 북사리 226 - 1 ,A,,,,2018-09-20 21:54:04
6470000,5130000-008,1988-07-21,,영업/정상,,,,,,반룡사,I,2025-12-15 16:15:28,경상북도 경산시 용성면 용전1길 60,,BBBB,,200,01,,반룡사,0548521919,374383.226838889    ,254208.673653044    ,경상북도 경산시 용성면 용전리 118 - 2 ,A,,,661,2017-07-04 00:00:00
6470000,5130000-009,1988-07-21,,영업/정상,,,,,,경흥사,I,2025-12-15 16:15:28,경상북도 경산시 남천면 모골길 196-55,,BBBB,,600,01,,경흥사,0538129933,354161.83889456     ,253810.275614159    ,경상북도 경산시 남천면 산전리 806 ,A,,,659,2017-07-04 00:00:00
6470000,5130000-010,1988-10-12,,영업/정상,,,,,,보문사,I,2025-12-15 16:15:28,경상북도 경산시 장산로26길 20 (삼북동),,BBBB,,,01,,보문사,,357125.2244864      ,258810.779740267    ,경상북도 경산시 삼북동 61 ,A,,,,2017-07-04 00:00:00
6470000,5130000-011,1988-10-12,,영업/정상,,,,,,천성암,I,2025-12-15 16:15:28,경상북도 경산시 와촌면 갓바위로 216-111,,BBBB,,,01,,천성암,,360085.387870842    ,276995.357428325    ,경상북도 경산시 와촌면 대동리 산 30-1 ,A,,,,2017-07-04 00:00:00
6470000,5140000-001,1988-07-21,,영업/정상,,,,,,인각사,I,2025-12-15 16:15:28,경상북도 군위군 고로면 삼국유사로 250,,BBBB,,700,01,,인각사,0543831161,,,경상북도 군위군 고로면 화북리 612 ,A,,,642,2017-12-14 16:29:38
6470000,5140000-002,1988-07-21,,영업/정상,,,,,,지보사,I,2025-12-15 16:15:28,경상북도 군위군 군위읍 상곡길 233,,BBBB,,500,01,,지보사,0543832898,,,경상북도 군위군 군위읍 상곡리 280 ,A,,,,2017-07-04 00:00:00
6470000,5140000-003,1988-07-21,,영업/정상,,,,,,법주사,I,2025-12-15 16:15:28,경상북도 군위군 소보면 달산3길 215,,BBBB,,400,01,,법주사,0543824618,,,경상북도 군위군 소보면 달산리 773 ,A,,,480,2017-07-04 00:00:00
6470000,5140000-004,1988-07-21,,영업/정상,,,,,,압곡사,I,2025-12-15 16:15:28,경상북도 군위군 고로면 현리낙전길 836-144,,BBBB,,17,01,,압곡사,0543835989,,,경상북도 군위군 고로면 낙전리 674 ,A,,,677,2021-06-02 10:48:40
6470000,5140000-005,1988-07-21,,영업/정상,,,,,,수태사,I,2025-12-15 16:15:28,경상북도 군위군 의흥면 지호2길 202,,BBBB,,130,01,,수태사,0543837495,,,경상북도 군위군 의흥면 지호리 465 ,A,,,681,2021-06-01 09:20:07
6470000,5140000-006,1988-07-21,,영업/정상,,,,,,신흥암,I,2025-12-15 16:15:28,경상북도 군위군 우보면 고산길 262,,BBBB,,300,01,,신흥암,0543823698,,,경상북도 군위군 우보면 달산리 1690 ,A,,,661,2021-05-10 19:15:47
6470000,5140000-007,1988-07-21,,영업/정상,,,,,,석굴암,I,2025-12-15 16:15:28,경상북도 군위군 부계면 남산4길 24,,BBBB,,,01,,석굴암,,,,경상북도 군위군 부계면 남산리 297 ,A,,,,2017-07-10 00:00:00
6470000,5150000-001,1988-07-21,,영업/정상,,,,,,고운사,I,2025-12-15 16:15:28,경상북도 의성군 단촌면 고운사길 415,,BBBB,,,01,,고운사,0548332324,356814.909849604    ,330043.049737578    ,경상북도 의성군 단촌면 구계리 116 ,A,,,,2020-11-13 14:01:53
6470000,5150000-003,2007-12-13,,영업/정상,,,,,,수정사,I,2025-12-15 16:15:28,경상북도 의성군 금성면 수정사길 420,,BBBB,,,01,전통사찰  ,수정사,,355635.761788159    ,308729.285712306    ,경상북도 의성군 금성면 수정리 산 1 ,A,,,,2020-01-15 09:18:19
6470000,5150000-004,2008-12-03,,영업/정상,,,,,,옥련사,I,2025-12-15 16:15:28,경상북도 의성군 안평면 옥련사길 130,,BBBB,,,01,,옥련사,,339033.657693973    ,325327.527382816    ,경상북도 의성군 안평면 삼춘리 1011 ,A,,,,2020-01-08 17:33:11
6470000,5150000-005,1988-07-21,,영업/정상,,,,,,운람사,I,2025-12-15 16:15:28,경상북도 의성군 안평면 신안2길 223,,BBBB,,,01,,운람사,0548326696,344077.025487892    ,318984.392941987    ,경상북도 의성군 안평면 신안리 806 ,A,,,신라시대,2013-12-31 16:58:21
6470000,5150000-006,1988-07-21,,영업/정상,,,,,,주월사,I,2025-12-15 16:15:28,경상북도 의성군 사곡면 양지실업길 115,,BBBB,,,01,,주월사,0548335638,361772.28649883     ,313897.326829609    ,경상북도 의성군 사곡면 양지리 10 ,A,,,신라법흥왕2년,2021-06-18 15:46:57
6480000,5310000-006,1988-09-10,,영업/정상,,,,,,청곡사,I,2025-12-15 16:15:28,경상남도 진주시 금산면 월아산로1440번길 138,,BBBB,4,3500,01,"신라 헌강왕 5년 도선국사가 창건.
남강변에서 청학이 날아와 서기가 충만함을 보고 절터로 정했다 함. ",청곡사,0557629751,307490.833397721    ,188540.977161053    ,경상남도 진주시 금산면 갈전리 18 ,A,,,873,2024-11-26 18:44:00
6480000,5310000-007,1988-09-10,,영업/정상,,,,,,성전사,I,2025-12-15 16:15:28,경상남도 진주시 이반성면 장안로65번길 291,,BBBB,2,1500,01,"신라 헌강왕 5년 도선국사가 백두산의 정기가 한수이남에는 여항산에 맺혔다 하고, 성인이 계시는 대찰이라 성전암이라 함.   ",성전사,0557547056,322956.875803474    ,190666.61901941     ,경상남도 진주시 이반성면 장안리 산 31 ,A,,,879,2017-12-27 13:37:00
6480000,5310000-008,2006-01-26,,영업/정상,,,,,,총림선원,I,2025-12-15 16:15:28,경상남도 진주시 망진산길 71 (망경동),,BBBB,,,01,"창건연대는 19세기 중반~말로 추정되며 초기불교의 진언집인 밀교 개간집과 인악집, 연담집을 보유하고 있다. 가람배치는 대웅전을 위시하여 천불전, 요사채 등 4동으로 구성하여 일반적인 가람배치와는 다른 형태를 띠고 있음.    ",총림선원,0557526491,298137.888893388    ,186918.538380372    ,경상남도 진주시 망경동 619 ,A,,,1856,2014-10-22 17:17:20
6480000,5320000-001,1988-06-10,,영업/정상,,,,,,성흥사,I,2025-12-15 16:15:28,경상남도 창원시 진해구 대장로 273 (대장동),,BBBB,3,1000,01,"신라 흥덕와 8년 웅동지방 왜구를 막은 무염국사를 기념하기 위해 구천동에 성흥사 창건.
그후 대장동으로 이건했다 함.   ",성흥사,0555525111,362078.674321931    ,184629.060446282    ,경상남도 창원시 진해구 대장동 180 ,A,,,833,2025-03-31 10:11:17
6480000,5330000-001,1988-06-10,,영업/정상,,,,,,용화사,I,2025-12-15 16:15:28,경상남도 통영시 봉수로 107-82 (봉평동),,BBBB,5,250,01,"632년(신라 제22대 선덕여왕 원년) 은점선사가 속칭 무시밭골에 초창하여 정수사라 하였는데, 1259년(고려 제20대 원종 원년) 폭풍우로 넘어진 것을 1261년 중건하고 천택사라 개칭하였다. 그후 조선 제16대 인조 때 대화재로 폐허가 된 것을 동왕 6년(1628년)에 천택사의 잔해를 현위치로 이건, 용화사라 칭함. 경내에는 보광전, 탐진당, 명부전, 칠성전, 종각등의 건물이 있으며, 보광전은 별도로 도지정유형문화재 제249호로 지정되었다.   ",용화사,0556463090,329441.689194148    ,147571.098071565    ,경상남도 통영시 봉평동 404 ,A,,,632,2016-08-04 14:26:03
6480000,5330000-002,1988-06-10,,영업/정상,,,,,,안정사,I,2025-12-15 16:15:28,경상남도 통영시 광도면 안정1길 363,,BBBB,4,1000,01,"안정사는 서기 654년(신라 태종무열왕 원년)에 원효대사가 창건한 고대 명찰로써 임진왜란의 병화로 일부소실되었다. 그후 여러 고승들의 노력으로 중건을 거듭하였으며, 대웅전은 단청에 팔작지붕을 갖춘 목조기와 건물로서 정면 3칸, 측면 3칸이다. 단층으로 채색한 외칠포, 내구포의 화려한 다포는 조선시대의 전형적인 사찰법당 건물임을 보여주고 있다.      ",안정사,0556493503,327406.282225907    ,161442.112207521    ,경상남도 통영시 광도면 안정리 1888 ,A,,,654,2023-01-19 19:22:34
6480000,5340000-001,1988-06-10,,영업/정상,,,,,,다솔사,I,2025-12-15 16:15:28,경상남도 사천시 곤명면 다솔사길 417,,BBBB,8,960,01,"신라 지증왕 4년 범승 연기조사가 창건하여 영악사라 부르다 636년 중건하여 다솔사라 개칭.   
다솔사는 오랜 역사를 지니는 고찰로서 대양루는 다솔사 안에 있는 큰 누각으로서, 선조25년(1592)임진왜란이 일어나고 이후 7년 동안 우리나라 대부분의 사찰이 그러했듯이 다솔사도 병화를 입고 폐허되었다 그로부터 거의 100년이 지난 후인 숙종 12년(1686)에 승려들이 힘을 모아 10년 세월에 걸쳐 중창불사로 크게 중흥했다 그러나 62년이 지난후인 영조 24년에 큰불로 말미암아 불행히도 재앙을 겪었다, 그리하여 같은왕(1758)에 여러 스님들이 또 합심하여 명부전과 대양루 사왕문을 중건했다, 그런데 1914년 12월 또한번의 큰불로 모든 전각이 불타는 불운을 겪었으나 이때 유독 대양루만은 그 화를 면하여 오늘에 이르고 있다. ",다솔사,0558530284,283818.682676898    ,176363.754165579    ,경상남도 사천시 곤명면 용산리 86 ,A,,,503,2024-03-27 10:13:04
6480000,5350000-001,1988-06-10,,영업/정상,,,,,,대한불교조계종 은하사,I,2025-12-15 16:15:28,경상남도 김해시 신어산길 167 (삼방동),,BBBB,8,8000,01,"가락국때 장유화상이 창건했다고 전하며 임란으로 소실된 것을 인조 22년(서기 1644년)에 중건, 오늘에 이름.   ",대한불교조계종 은하사,0553370101,373983.257803938    ,197943.093147277    ,경상남도 김해시 삼방동 882 ,A,,,연대미상,2025-03-04 10:08:25
6480000,5350000-002,1988-09-10,,영업/정상,,,,,,성조암,I,2025-12-15 16:15:28,경상남도 김해시 활천로 121-57 (삼정동),,BBBB,1,1500,01,가락국 거등왕때 김수로왕을 추모하기 위해 세운 사찰로 전해짐.    ,성조암,0553366433,372367.230955129    ,194867.667783847    ,경상남도 김해시 삼정동 2 ,A,,,연대미상,2025-04-14 09:24:12
6480000,5350000-003,1988-09-10,,영업/정상,,,,,,흥부암,I,2025-12-15 16:15:28,경상남도 김해시 전하로 269-74 (외동),,BBBB,2,3000,01,"가락국때 장유화상이 가락국 발전을 위해 세운 사찰.
오랫동안 폐사된 것을 부사 류상필이 중건함.    ",흥부암,0553362328,368402.323510012    ,193406.465601793    ,경상남도 김해시 외동 산 23 - 1 ,A,,,연대미상,2024-11-12 15:42:13
6480000,5350000-004,1988-11-16,,영업/정상,,,,,,영구암,I,2025-12-15 16:15:28,경상남도 김해시 신어산길 169 (삼방동),,BBBB,2,2500,01,"장유화상이 창건.
임란때 소실된 것을 순조때 중건.
1968년 화재로 불타 그해 12월에 재건함. ",영구암,0553370300,374033.490828932    ,198055.902696916    ,경상남도 김해시 삼방동 산 120 - 1 ,A,,,,2020-07-23 20:36:03
6480000,5350000-005,1988-06-10,,영업/정상,,,,,,장유암,I,2025-12-15 16:15:28,경상남도 김해시 대청계곡길 170-563 (대청동),,BBBB,2,5500,01,"수로왕때 인도 아유타국 보옥선사가 창건하여 장유암에서 수도.
수로왕 7왕자가 선사의 제자가 되었다고 전해짐.  ",장유암,0553142799,359813.780181708    ,189927.66195835     ,경상남도 김해시 장유면 대청리 산 68 - 1 ,A,,,연대미상,2023-10-24 11:43:12
6480000,5350000-006,1988-07-05,,영업/정상,,,,,,모은암,I,2026-05-13 21:01:30,경상남도 김해시 생림면 마사로 36-228,,BBBB,1,1000,01,가락국 2대 거등왕때 모후인 보주태후 허씨를 기념하기 위해 창건했다는 설이 전해짐.   ,모은암,0553359200,369141.841688395    ,207136.689980111    ,경상남도 김해시 생림면 생철리 산 180 ,A,,,연대미상,2026-05-12 11:20:37
6480000,5270000-001,1988-06-10,,영업/정상,,,,,,성주사,I,2025-12-15 16:15:28,경상남도 창원시 성산구 곰절길 191 (천선동),,BBBB,10,,01,"신라 흥덕왕 10년 창건.
임란 때 소실 1681년 재건.    ",성주사,0552620108,356364.28149629     ,187761.438235047    ,경상남도 창원시 천선동 102 ,A,,,835,2022-03-29 19:57:24
6480000,5270000-002,1989-08-07,,영업/정상,,,,,,불곡사,I,2025-12-15 16:15:28,경상남도 창원시 성산구 대암로 55 (대방동),,BBBB,2,1000,01,"확실한 유래, 연혁 없음.
비로자나불좌상과 신라때 와편 등이 전해짐
1932년 우담화상이 건립.",불곡사,0552827402,354885.735924797    ,192029.402291354    ,경상남도 창원시 대방동 1036 - 1 ,A,,,1932,2022-03-29 19:59:12
6480000,5270000-003,1973-12-04,,영업/정상,,,,,,우곡사,I,2025-12-15 16:15:28,경상남도 창원시 의창구 동읍 자여로 459,,BBBB,2,150,01,"신라 흥덕왕 7년 무염국사가 창건, 여러 차례 화재로 소실된 것을 중건.   ",우곡사,0552913100,356164.517944742    ,195745.07015061     ,경상남도 창원시 의창구 동읍 단계리 7 ,A,,,832,2024-08-01 12:35:48
6480000,5280000-001,1973-11-06,,영업/정상,,,,,,정법사,I,2025-12-15 16:15:28,경상남도 창원시 마산합포구 몽고정길 46 (추산동),,BBBB,3,2000,01,1912년 4월 창건. 당시 통도사 주지 김구하스님이 정법으로 인생을 구하고자 설법전 건립.,정법사,0552468393,343072.928822302    ,190828.653380084    ,경상남도 창원시 마산합포구 추산동 65 - 2 ,A,,,1912,2022-02-16 11:15:13
6480000,5280000-002,1988-09-10,,영업/정상,,,,,,성덕암,I,2025-12-15 16:15:28,경상남도 창원시 마산합포구 성호서7길 46 (추산동),,BBBB,2,100,01,,성덕암,0552464259,342791.552370492    ,190939.674924331    ,경상남도 창원시 마산합포구 추산동 산 1 ,A,,,연대미상,2013-12-27 18:29:11
6480000,5280000-003,1988-06-10,,영업/정상,,,,,,의림사,I,2025-12-15 16:15:28,경상남도 창원시 마산합포구 진북면 의림로 382,,BBBB,2,500,01,"신라 문무왕 8년 창건.
임란때 사명대사가 승군을 이끌고 와 머물렀으며 의림사라 개칭.     ",의림사,0552713054,331134.892390373    ,183099.087889167    ,경상남도 창원시 마산합포구 진북면 인곡리 439 ,A,,,668,2022-03-28 13:11:42
6480000,5280000-004,1988-06-10,,영업/정상,,,,,,광산사,I,2025-12-15 16:15:28,경상남도 창원시 마산회원구 내서읍 광려로 542,,BBBB,5,1000,01,"신라시대 창건.
조선 영조때 전소, 그해 다시 복원함.",광산사,0552311601,335722.297107917    ,188868.061258877    ,경상남도 마산시 내서읍 신감리 474 ,A,,,연대미상,2020-12-11 15:36:57
6480000,5310000-001,1988-06-10,,영업/정상,,,,,,의곡사,I,2025-12-15 16:15:28,경상남도 진주시 의곡길 72 (상봉동),,BBBB,2,1800,01,"문무왕 5년 혜통조사가 창건.
애장왕 9년 원촉선사 중창.
조선 고종 16년 덕운선사 중수.",의곡사,0557414710,298405.165745532    ,189925.259931955    ,경상남도 진주시 상봉동 415 - 1 ,A,,,696,2022-03-29 20:30:14
6480000,5310000-002,1988-09-10,,영업/정상,,,,,,호국사,I,2025-12-15 16:15:28,경상남도 진주시 남강로 626-71 (남성동),,BBBB,2,1500,01,"본래 이름은 산성사였음.
고려말 왜구를 막기 위해 승병을 기르기 위해 창건된 것으로 생각됨.
임란때 숨진 승병의 넋을 기리어 호국사라 칭함. ",호국사,0557414394,297915.663300607    ,188128.77543971     ,경상남도 진주시 남성동 214 - 5 ,A,,,연대미상,2022-03-29 20:32:39
6480000,5310000-003,1988-10-14,,영업/정상,,,,,,연화사,I,2025-12-15 16:15:28,경상남도 진주시 향교로42번길 13 (옥봉동),,BBBB,2,5500,01,1923년 고성 옥천사 포교당으로 창건. 1949년 통도사말사로 이속 1957년 해인사 관할로 이속 해인사 포교당으로 존속. ,연화사,0557436921,298979.887774831    ,189288.700400231    ,경상남도 진주시 옥봉동 449 ,A,,,1923,2016-02-02 09:28:49
6480000,5310000-004,1988-06-10,,영업/정상,,,,,,두방사,I,2025-12-15 16:15:28,경상남도 진주시 문산읍 동부로781번길 267,,BBBB,3,1700,01,"신라 헌강왕 4년 812년 도선국사가 창건.
1603년 계행대사의 발원으로 중건.
1964년 개수.  ",두방사,0557616351,308474.600526076    ,188283.659462268    ,경상남도 진주시 문산읍 상문리 325 ,A,,,812,2023-09-26 15:00:57
6480000,5310000-005,1988-07-05,,영업/정상,,,,,,응석사,I,2025-12-31 02:40:00,경상남도 진주시 집현면 응석로 435,,BBBB,3,1800,01,"신라 진흥왕 때 연기조사가 창건.
무학, 뇌응, 지공대사 등이 머물렀음.      ",응석사,0557469794,296189.105036695    ,200210.317343262    ,경상남도 진주시 집현면 정평리 741 ,A,,,554,2025-12-29 09:57:17
6480000,5460000-007,1988-06-10,,영업/정상,,,,,,벽송사,I,2025-12-15 16:15:28,경상남도 함양군 마천면 광점길 27-177,,BBBB,3,124,01,"1520년 지엄대사가 창건.
1704년 소실된 후 한성지안대사가 완전히 복구.
한국동란 때 다시 소실, 1960년대에 복원.     ",벽송사,0559625661,263818.71377479     ,210720.470735469    ,경상남도 함양군 마천면 추성리 259 ,A,,,1520,2023-11-22 15:57:51
6480000,5470000-001,1988-09-10,,영업/정상,,,,,,고견사,I,2025-12-15 16:15:28,경상남도 거창군 가조면 의상봉길 1049,,BBBB,3,1420,01,"신라때 세워진 사찰로 의상대사가 쉬었으며 사후 저승에서 해매다가 재생하여 보니 옛날에 본 절이라고 하여 고견사라 함.
화엄사상 천명 위해 만든 도량 법보사찰   ",고견사,0559421333,293932.93539385     ,249992.487258663    ,경상남도 거창군 가조면 수월리 1 ,A,,,667,2025-01-17 15:41:27
6480000,5470000-002,1988-09-10,,영업/정상,,,,,,금봉암,I,2025-12-15 16:15:28,경상남도 거창군 고제면 용초길 310-428,,BBBB,1,1100,01,뒷산이 금강산 같아서 소금강이라 하여 금자를 따오고 산모양이 봉황새같아 봉자를 넣어 금봉암이라 이름 지음.   ,금봉암,0559447381,277103.02739672     ,264555.799262481    ,경상남도 거창군 고제면 봉산리 산 236 - 1 ,A,,,1843,2023-10-11 16:46:39
6480000,5470000-003,1988-06-10,,영업/정상,,,,,,송계사,I,2025-12-15 16:15:28,경상남도 거창군 북상면 송계사길 321,,BBBB,3,330,01,"신라 진덕왕 6년 원효대사와 의상대사가 영치사와 송계암 등 5개 암자를 건립.
임란때 소실된 것을 숙종때 다시 건립. ",송계사,0559425184,271930.730007012    ,259708.758031193    ,경상남도 거창군 북상면 소정리 1694 ,A,,,652,2010-04-09 16:40:41
6480000,5470000-004,1988-06-10,,영업/정상,,,,,,연수사,I,2025-12-15 16:15:28,경상남도 거창군 남상면 연수사길 115-103,,BBBB,1,1400,01,신라 애장왕 3년 감악조사가 감악산 북쪽에 세웠으나 반대대문에 절을 없애고 지금 자리에 옮겼다 함.  ,연수사,0559428687,283242.851474869    ,233484.872821214    ,경상남도 거창군 남상면 무촌리 40 - 1 ,A,,,802,2018-06-27 09:52:03
6480000,5480000-001,1988-06-10,,영업/정상,,,,,,해인사,I,2025-12-15 16:15:28,경상남도 합천군 가야면 해인사길 122,,BBBB,450,,01,"신라 애장왕 3년 순응, 이정 두 대사에 의해 창건.
해인이란 대방광불화엄경에 나오는 해인 삼배에서 유래.
화엄사상 천명위해 만든 도량.
법보사찰        ",해인사,0559343003,299177.980420681    ,256234.24740909     ,경상남도 합천군 가야면 치인리 10 ,A,,,802,2023-02-28 17:29:39
6480000,5480000-002,1988-06-10,,영업/정상,,,,,,연호사,I,2025-12-15 16:15:28,경상남도 합천군 합천읍 죽죽길 80,,BBBB,2,500,01,"신라 선덕왕 11년 창건.
영조 31년 인조대사가 중수.
1939년 동호대사가 중건.
1981년에 송호스님이 중건.",연호사,0559312508,305617.871945518    ,229536.60776056     ,경상남도 합천군 합천읍 합천리 203 ,A,,,713,2022-04-20 10:52:57
6480000,6480000-001,2009-12-17,,영업/정상,,,,,,부은사,I,2025-12-15 16:15:28,경상남도 밀양시 삼랑진읍 천태로 451-94,,BBBB,1,600,01,,부은사,0553538032,371272.154904915    ,214034.465640323    ,경상남도 밀양시 삼랑진읍 안태리 828 ,,,,200,2020-09-24 18:43:49
6480000,6480000-002,2013-02-25,,영업/정상,,,,,,용궁사,I,2025-12-15 16:15:28,경상남도 밀양시 용두로 31-8 (가곡동),,BBBB,1,2000,01,,용궁사,0553544464,360264.30621216     ,221489.056628673    ,경상남도 밀양시 가곡동 692 ,,,,1935,2013-02-25 00:00:00
6480000,6480000-003,2013-02-28,,영업/정상,,,,,,안국사,I,2025-12-15 16:15:28,경상남도 함양군 마천면 천왕봉로 1035-337,,BBBB,2,3200,01,,안국사,0559605642,260272.160327438    ,212437.522940404    ,경상남도 함양군 마천면 가흥리 1131 ,,,,656,2013-02-28 00:00:00
6480000,6480000-004,2014-01-04,,영업/정상,,,,,,법천사,I,2025-12-15 16:15:28,경상남도 양산시 동면 금산2길 210,,BBBB,5,1500,01,,법천사,0553842734,385837.295146256    ,202322.03845937     ,경상남도 양산시 동면 금산리 105 ,,,,765,2014-01-04 00:00:00
6480000,6480000-005,2015-02-06,,영업/정상,,,,,,칠성사,I,2025-12-15 16:15:28,경상남도 하동군 악양면 신흥길 121-120,,BBBB,5,1380,01,,칠성사,0558822372,266756.595692626    ,185531.003020262    ,경상남도 하동군 악양면 신흥리 3 ,,,,2004,2015-02-06 00:00:00
6480000,6480000-006,2017-01-18,,영업/정상,,,,,,백천사,I,2025-12-15 16:15:28,경상남도 사천시 백천길 326-2 (백천동),,BBBB,6,0,01,소속종단 : 대한불교관음회조계종 ,백천사,0558344010,299631.619768545    ,166886.764814146    ,경상남도 사천시 백천동 108 - 1 ,,,,신라시대 문무왕(663년) 추정,2022-12-06 10:31:47
6480000,6480000-007,2017-02-06,,영업/정상,,,,,,총명사,I,2025-12-15 16:15:28,경상남도 거제시 신부로4길 40 (장승포동),,BBBB,3,2000,01,"제13교구 쌍계사 말사이며, 1913년에 창건됨, 해안가 산지가람 형태를 유지하고 있음.",총명사,0556812950,358314.067367284    ,153171.378359617    ,경상남도 거제시 장승포동 132 - 5 ,,,,1913.10.15,2017-02-06 10:20:53
6480000,6480000-008,2023-01-31,,영업/정상,,,,,,각료암,I,2025-12-15 16:15:28,경상남도 창녕군 성산면 안심산림길 376-0,,BBBB,1,200,01,,각료암,0555324662,338312.487538526    ,241351.073518377    ,경상남도 창녕군 성산면 대산리 42 - 0 ,,,,1823,2023-01-31 00:00:00
6480000,6480000-009,2023-06-23,,영업/정상,,,,,,신광사,I,2025-12-15 16:15:28,경상남도 거제시 사등면 오량2길 108-0 (신광사),,BBBB,3,1590,01,,신광사,0556330580,337387.655443689    ,154690.958112787    ,경상남도 거제시 사등면 오량리 58 - 1 ,,,,1998,2025-09-08 19:50:04
6480000,5380000-007,1988-06-10,,영업/정상,,,,,,계원사,I,2025-12-15 16:15:28,경상남도 양산시 중앙우회로 66-64 (중부동),,BBBB,1,100,01,1924년 김반석 스님이 창건.,계원사,0553854148,385791.847982433    ,206537.448479762    ,경상남도 양산시 중부동 74 ,A,,,1924,2007-10-17 10:29:54
6480000,5380000-008,1988-06-10,,영업/정상,,,,,,홍룡사,I,2025-12-15 16:15:28,경상남도 양산시 상북면 홍룡로 372,,BBBB,7,1800,01,신라 문무왕 때 원효가 중국승려에게 화엄경을 설법하려고 창건함.  ,홍룡사,0553754177,389472.320379661    ,212850.269387814    ,경상남도 양산시 상북면 대석리 1 ,A,,,연대미상,2014-03-10 17:06:50
6480000,5390000-001,1988-06-10,,영업/정상,,,,,,백련암,I,2025-12-15 16:15:28,경상남도 의령군 가례면 자굴산로 1150-142,,BBBB,1,600,01,"고려 충숙왕 4년 창건.
통도사의 말사임.  ",백련암,0555740026,310375.368843365    ,209297.63775902     ,경상남도 의령군 가례면 개승리 792 ,A,,,1317,2025-07-31 15:54:33
6480000,5390000-002,1988-06-10,,영업/정상,,,,,,유학사,I,2025-12-15 16:15:28,경상남도 의령군 부림면 여배로5길 2,,BBBB,1,2500,01,,유학사,0555742882,319510.255601911    ,223583.836242034    ,경상남도 의령군 부림면 묵방리 49 ,A,,,1399,2023-07-10 16:44:21
6480000,5390000-003,1988-06-10,,영업/정상,,,,,,수도사,U,2026-04-17 03:03:03,경상남도 의령군 용덕면 덕암로 581-137,,BBBB,2,5000,01,"신라 문무왕 2년 원효대사가 창건.
그후 임진왜란 때 소실되었으나 송원대사, 유정이 중창.  ",수도사,0555742010,313647.243252182    ,209655.069888778    ,경상남도 의령군 용덕면 이목리 636 ,A,,,662,2026-04-16 13:59:05
6480000,5390000-004,1988-06-10,,영업/정상,,,,,,운암사,I,2026-05-12 21:01:30,경상남도 의령군 부림면 고루로 945-107,,BBBB,1,500,01,"신라 애장왕 4년 건립.
만인의 소원을 이루는 곳이라 하여 원암당이라고도 함.",운암사,0555742018,324203.045470181    ,215171.623881751    ,경상남도 의령군 부림면 경산리 837 ,A,,,803,2026-05-11 11:29:04
6480000,5400000-001,1988-06-10,,영업/정상,,,,,,장춘사,I,2025-12-15 16:15:28,경상남도 함안군 칠북면 북원로 110-1,,BBBB,1,4000,01,신라 흥덕왕 7년 무염국사 창건. 당시 신라를 침범하는 왜구를 불력으로 물리침으로써 왕이 그 은덕을 기리기 위해 창건. ,장춘사,0555871400,341641.31080929     ,204219.321950802    ,경상남도 함안군 칠북면 영동리 14 ,A,,,832,2022-08-10 14:32:58
6480000,5400000-002,1988-06-10,,영업/정상,,,,,,원효암,I,2025-12-15 16:15:28,경상남도 함안군 군북면 사촌4길 863,,BBBB,1,4000,01,사찰의 정확한 유래와 연혁을 알 수 없으나 이름과 의상대사가 있는 것으로 보아 의상대사가 창건한 것으로 추정. ,원효암,0555845240,326083.594448888    ,191616.960684833    ,경상남도 함안군 군북면 사촌리 산 70 - 1 ,A,,,연대미상,2007-10-17 11:14:59
6480000,5410000-001,1988-06-10,,영업/정상,,,,,,관룡사,I,2025-12-15 16:15:28,경상남도 창녕군 창녕읍 화왕산관룡사길 171,,BBBB,3,500,01,최초 창건은 미상이고 임란때 대부분 소실된 것을 선조때 중창하고 이후 숙종때 풍우로 유실된 것을 재중창.    ,관룡사,0555211747,340821.597654579    ,226889.991405488    ,경상남도 창녕군 창녕읍 옥천리 292 ,A,,,연대미상,2025-06-13 10:27:40
6480000,5410000-002,1988-06-10,,영업/정상,,,,,,법화사,I,2025-12-15 16:15:28,경상남도 창녕군 영산면 적지길 184-0,,BBBB,1,300,01,서역승 지공화상이 탐승 구법차 여러곳을 주유하다 이곳을 보고 기암괴석이 금강과 같다하여 세운 것이 법화암임. ,법화사,0555362403,340418.004021911    ,220503.446138446    ,경상남도 창녕군 영산면 구계리 산 37 - 1 ,A,,,연대미상,2024-05-29 10:24:35
6480000,5410000-003,1988-06-10,,영업/정상,,,,,,극락암,I,2025-12-15 16:15:28,경상남도 창녕군 창녕읍 새말길 142,,BBBB,1,200,01,고려명종 7년 성윤화상이 창건. 건륭 17년 성윤화상 8세손이 중건하고 극락암이라 칭함.,극락암,0555212372,341896.943216845    ,224752.250407656    ,경상남도 창녕군 창녕읍 옥천리 397 ,A,,,1176,2025-06-13 10:28:02
6480000,5410000-004,1988-06-10,,영업/정상,,,,,,대한불교 조계종 청련사,I,2025-12-15 16:15:28,경상남도 창녕군 계성면 계성화왕산로 288-102,,BBBB,1,1000,01,"1628년에 대흥사 7개암자중 하나로 창건하였으며, 1842년 덕암스님이 허물어진 사찰을 중창함.",대한불교 조계종 청련사,0555212315,340011.951106877    ,222339.094274482    ,경상남도 창녕군 계성면 사리 852 ,A,,,1628,2019-02-12 08:38:24
6480000,5410000-005,1988-06-10,,영업/정상,,,,,,창녕포교당,I,2025-12-15 16:15:28,경상남도 창녕군 창녕읍 신당2길 4-3,,BBBB,1,500,01,"신라시대 창녕읍 술정리에 인왕사란 대사찰이 있었으나 임란때 전소되자 동산선사가 옛 인왕사를 재현, 포교당 지음.    ",창녕포교당,0555332295,336252.726473324    ,227671.646362116    ,경상남도 창녕군 창녕읍 말흘리 123 - 2 ,A,,,1920,2024-06-26 10:37:35
6480000,5410000-006,1988-06-10,,영업/정상,,,,,,도성암,I,2025-12-15 16:15:28,경상남도 창녕군 창녕읍 자하곡길 147,,BBBB,1,500,01,신라 헌덕왕 2년 지월선사가 건립. 임란때 전소. 그 후 200여년이 지난 후 읍민의 노력으로 중건.  ,도성암,0555332073,337789.762559812    ,228153.061109437    ,경상남도 창녕군 창녕읍 송현리 8 ,A,,,810,2010-04-09 15:25:04
6480000,5410000-007,1988-06-30,,영업/정상,,,,,,석불사,I,2025-12-15 16:15:28,경상남도 창녕군 창녕읍 화왕산로 135-71,,BBBB,1,500,01,"통일신라시대 사찰로 전해져 옴.
자연석에 불상이 새겨져 있는 석불조각 부처가 있어 1925.3.23 절을 창건했다 함.",석불사,0555337930,337060.622813449    ,227084.414993057    ,경상남도 창녕군 창녕읍 말흘리 398 - 1 ,A,,,1925,2010-12-27 17:48:22
6480000,5410000-008,1988-06-10,,영업/정상,,,,,,대한불교조계종 삼성사,I,2025-12-15 16:15:28,경상남도 창녕군 계성면 북암길 147,,BBBB,1,500,01,"대흥사의 암자로 약1200년경 북암마을 암자로 있다가 고려말에 없어졌다 함.
1866년 대웅전 요사건물만 이전 복원.",대한불교조계종 삼성사,0555210019,339565.184619057    ,223837.632971376    ,경상남도 창녕군 계성면 사리 산 78 ,A,,,583,2023-04-12 13:45:28
6480000,5420000-001,1988-06-10,,영업/정상,,,,,,옥천사,I,2025-12-15 16:15:28,경상남도 고성군 개천면 연화산1로 471-9,,BBBB,7,6000,01,"신라 문무왕 16년 의상대사가 창건.
그후 898년 진각대사가 중건한 것을 비롯 일곱차례의 중건을 거쳐 오늘에 이르고 있음.    ",옥천사,0556720100,315055.273183937    ,176422.53294165     ,경상남도 고성군 개천면 북평리 408 ,A,,,676,2024-04-24 14:04:27
6480000,5420000-002,1988-06-10,,영업/정상,,,,,,운흥사,I,2025-12-15 16:15:28,경상남도 고성군 하이면 와룡2길 248-28,,BBBB,2,3000,01,"신라 문무왕때 의상조사 창건.
임란때 거의 소실된 것을 영조때 중건하여 현재에 이르고 있음.  ",운흥사,0558358656,305268.712758513    ,162780.914448436    ,경상남도 고성군 하이면 와룡리 442 ,A,,,676,2024-09-02 10:07:42
6480000,5420000-003,1988-06-10,,영업/정상,,,,,,장의사,I,2025-12-15 16:15:28,경상남도 고성군 거류면 신용9길 295,,BBBB,1,1000,01,"신라때 전국을 순방하던 원효대사가 창건.
1891년 중창 1917년 호봉화상이 중건. ",장의사,0556721039,326939.82256788     ,165867.795607451    ,경상남도 고성군 거류면 신용리 1077 ,A,,,632,2024-04-30 16:56:07
6480000,5420000-004,1988-06-10,,영업/정상,,,,,,문수암,I,2025-12-15 16:15:28,경상남도 고성군 상리면 무선2길 808,,BBBB,2,1000,01,"신라 의상조사께서 창건.
국선화랑들이 심신을 연마한 곳이라 전함. ",문수암,0556728078,311997.332065751    ,165671.44105191     ,경상남도 고성군 상리면 무선리 134 ,A,,,706,2013-12-30 17:12:32
6480000,5420000-005,2000-11-28,,영업/정상,,,,,,계승사,I,2025-12-15 16:15:28,경상남도 고성군 영현면 대법3길 236,,BBBB,1,1500,01,"신라 문무왕대의 금태사 전신이며, 임란때 병화로 폐사되었다가 1963년에 중건하였다고 하나, 정확한 문헌 기록은 확인할 수 없음.
일제 때 간행된 조선보물고적조사자료에 의하면 현사찰 위치에 고려조의 대법리사지가 있었다는 기록이 있고, 이곳에서 출토된 금동불상과 백자 등을 통하여 금태사의 건립시기를 추정해 볼 수 있음.    ",계승사,0556730281,311585.690740456    ,173378.802392382    ,경상남도 고성군 영현면 대법리 산 17 - 1 ,A,,,675,2018-08-02 11:23:41
6480000,5430000-001,1988-06-10,,영업/정상,,,,,,용문사,I,2025-12-15 16:15:28,경상남도 남해군 이동면 용문사길 166-11,,BBBB,2,1200,01,신라 문무왕 6년 원효대사가 금산보광사 세우고 사운이 융성해지자 보광사 근처에 많은 사찰을 세웠는데 이중 하나로 추측.    ,용문사,0558624425,284434.132093469    ,143654.789289039    ,경상남도 남해군 이동면 용소리 868 ,A,,,1660,2022-08-09 15:08:17
6480000,5430000-002,1988-06-10,,영업/정상,,,,,,보리암,I,2025-12-15 16:15:28,경상남도 남해군 상주면 보리암로 665,,BBBB,7,2200,01,신라 원효대사가 금산 보광사를 세우고 사운이 융성해지자 신문왕 6년 보광사 근처에 많은 사찰을 세웠는데 보리암도 이때 세워짐.  ,보리암,0558626115,289926.685123655    ,139723.458171073    ,경상남도 남해군 상주면 상주리 2065 ,A,,,683,2010-12-21 17:11:15
6480000,5430000-003,1988-06-10,,영업/정상,,,,,,화방사,I,2025-12-15 16:15:28,경상남도 남해군 고현면 화방사길 128-6,,BBBB,2,1100,01,"신라 문무왕 또는 신문왕 때 보광사가 세워진 후 망운산 남쪽에 연죽사로 시발.
그후 진각국사가 현위치로 옮김.     ",화방사,0558635011,278910.468030966    ,152099.873614506    ,경상남도 남해군 고현면 대곡리 1448 ,A,,,683,2024-09-05 19:58:41
6480000,5430000-004,1988-09-10,,영업/정상,,,,,,운대암,I,2025-12-15 16:15:28,경상남도 남해군 창선면 창선로153번길 240,,BBBB,1,1500,01,창선지역 유일의 전통사찰로 1870년 창건.      ,운대암,0558673725,290537.492340806    ,152585.53386076     ,경상남도 남해군 창선면 옥천리 882 ,A,,,1870,2024-07-22 14:48:27
6480000,5430000-005,2001-03-13,,영업/정상,,,,,,법흥사,I,2025-12-15 16:15:28,경상남도 남해군 남해읍 망운로10번길 45-10,,BBBB,1,750,01,법흥사는 주요 건물에 단층 겹치마 맛배지붕의 보광전과 단층 겹처마 팔작집의 설법당이 18세기말 내지 19세기초의 것이라 하며 기와 수리시에 발견된 가경 12년 정묘월이라는 명문 수막새기와 조선후기 불상 등을 보유하고 잇음.    ,법흥사,0558643243,281536.522479068    ,149684.178444264    ,경상남도 남해군 남해읍 북변리 595 ,A,,,1800,2025-05-15 19:58:09
6480000,5430000-006,2001-12-05,,영업/정상,,,,,,망운사,I,2025-12-15 16:15:28,경상남도 남해군 남해읍 남서대로2240번길 708,,BBBB,1,1000,01,고려때 진각국사가 창건하였다고 하는 망운암은 범우고의 기록에 의하면 인법당과 산신각이 이미 1889년대 건립된 것으로 추정되는 등 큰스님들의 수도장 역할을 해 온 사찰이며 자비스런 모습을 띠고 있는 석조관음보살좌상은 18세기말에 조성된 것으로 추정됨.     ,망운사,0558633095,278396.39153465     ,150652.510485681    ,경상남도 남해군 남해읍 아산리 1413 - 2 ,A,,,1200,2022-01-27 09:30:33
6480000,5440000-001,1988-06-10,,영업/정상,,,,,,쌍계사,I,2025-12-15 16:15:28,경상남도 하동군 화개면 쌍계사길 59,,BBBB,70,1000,01,"신라 성덕왕 22년 의상대사의 제자 삼법스님이 육조정상을 봉안하고 난야를 개설함.
신라 문성왕때 대대적 중창.   ",쌍계사,0558831901,259074.052454935    ,192844.836270168    ,경상남도 하동군 화개면 운수리 208 ,A,,,723,2024-03-27 10:14:05
6480000,5440000-002,1988-06-10,,영업/정상,,,,,,칠불사,I,2025-12-15 16:15:28,경상남도 하동군 화개면 범왕길 528,,BBBB,26,5000,01,구전에 가락국 김수로왕 7왕자가 이곳에 입산하여 수도하던 중 103년 깨달음을 얻어 성불한 것을 기념하여 지었다고 전함.,칠불사,0558831869,255315.278789185    ,198339.261535519    ,경상남도 하동군 화개면 범왕리 1605 ,A,,,103,2022-10-14 10:27:16
6480000,5440000-003,1988-06-10,,영업/정상,,,,,,한산사,I,2025-12-15 16:15:28,경상남도 하동군 악양면 평사리길 59-102,,BBBB,5,1000,01,"삼국통일 무렵 한산사가 창건되었다고 하며,  그 이후 어떤 연유로 소실되었는지 전하지 않음.
1954년 고소성 아래에 중창
1993년 대웅전 중창    ",한산사,0558833379,262015.380576368    ,183850.872919118    ,경상남도 하동군 악양면 평사리 산 47 ,A,,,통일신라,2017-12-11 21:21:27
6480000,5440000-004,1988-06-10,,영업/정상,,,,,,학방암,I,2025-12-15 16:15:28,경상남도 하동군 양보면 상고개로 377-59,,BBBB,2,300,01,"1842년 서덕동 스님이 창건하였다 함.
1974년 수해로 유실, 1983년 복원. 2004년 대웅전과 미륵당 중창.",학방암,0558824886,279522.041397913    ,174367.745163379    ,경상남도 하동군 양보면 박달리 133 - 1 ,A,,,1842,2017-12-11 21:24:00
6480000,5440000-005,1991-12-26,,영업/정상,,,,,,양천암,I,2025-12-15 16:15:28,경상남도 하동군 북천면 상촌길 184-128,,BBBB,1,80,01,"100여년전 무녀가 절터에서 금덩이를 발견 국가에 헌납하여 보상금으로 양천암(1917년)을 지었다고 함.
1962년 서계원스님이 조계종에 등록
2003년 대웅전 중창 ",양천암,0558837419,277308.047771445    ,184290.307094914    ,경상남도 하동군 북천면 화정리 산 200 ,A,,,연대미상,2024-05-20 14:47:48
6480000,5450000-001,2005-02-16,,영업/정상,,,,,,덕산사,I,2025-12-15 16:15:28,경상남도 산청군 삼장면 대하내원로 256,,BBBB,,,01,신라 태종 무열왕 4년 창건되어 덕산사라 이름 하였으며 진성여왕2년 무염국사가 상주 많은 대중의 정진처였으며 만력 37년(1609년) 원인모를 화재로 전소된 후 절터는 마을주민의 전답으로 된것을 1959년 원경스님이 매입 덕산사 입지에 내원사를 창건하여 오늘에 이름.      ,덕산사,0559730535,273614.346560116    ,200390.735844574    ,경상남도 산청군 삼장면 대포리 583 ,A,,,657,2021-03-26 17:55:30
6480000,5350000-007,1988-10-25,,영업/정상,,,,,,구천암,I,2025-12-15 16:15:28,경상남도 김해시 생림면 마사로229번길 58-175,,BBBB,2,1500,01,"노덕용 처사가 1931년 조그마한 암자를 지어 수도하다 부처님의 선몽을 받아 법당 삼성각, 요사채 등을 지어 현재에 이르고 있음. ",구천암,0553359253,366224.257481972    ,207766.273012751    ,경상남도 김해시 생림면 생철리 산 58 - 3 ,A,,,1931,2013-12-30 16:27:28
6480000,5350000-008,1988-10-25,,영업/정상,,,,,,원명사,I,2025-12-15 16:15:28,경상남도 김해시 대동면 대동로529번길 83,,BBBB,3,3000,01,"가락국때 등복사지였다고 전해지며, 금불암이란 암자를 1960년 원명스님이 원명사라 개칭하고 조계종단에 등록함.",원명사,0553356449,379567.362156392    ,196292.092096146    ,경상남도 김해시 대동면 초정리 208 ,A,,,연대미상,2021-03-02 16:13:10
6480000,5350000-009,1988-11-24,,영업/정상,,,,,,백운암,I,2025-12-15 16:15:28,경상남도 김해시 상동면 여차로471번안길 16-133,,BBBB,1,2000,01,가락국 수로왕때 인도 아유타국에서 온 보옥선사가 최초로 창건했다고 전해짐.  ,백운암,0553379487,370296.316401472    ,206938.812269067    ,경상남도 김해시 상동면 여차리 산 175 - 1 ,A,,,연대미상,2016-12-28 16:50:50
6480000,5350000-010,2000-05-29,,영업/정상,,,,,,해은사,I,2025-12-15 16:15:28,경상남도 김해시 가야로405번안길 210-162 (어방동),,BBBB,2,2500,01,가락국 수로왕비(허황후)가 인도에서 무사히 도착한 은혜에 감사하다는 뜻으로 세운 사찰로 전해짐    ,해은사,0553330705,372174.568254167    ,195687.682050963    ,경상남도 김해시 어방동 964 ,A,,,연대미상,2024-08-26 09:42:06
6480000,5350000-011,2007-02-01,,영업/정상,,,,,,선지사,I,2025-12-15 16:15:28,경상남도 김해시 주촌면 서부로1743번길 28,,BBBB,2,500,01,김해 선지사는 1950년부터 1993년까지 금선암으로 불리다가 1994년에 들어 덕천사로 개명한 후 1999년 선지사로 명문이 새겨진 기와편과 기타 유물이 출토되면서 고려시대 명찰인 선지사로 이름을 고친 사찰이다.  ,선지사,0553291056,367769.47631057     ,194942.017403025    ,경상남도 김해시 주촌면 선지리 501 ,,,,,2007-10-24 14:23:36
6480000,5360000-001,1988-06-10,,영업/정상,,,,,,무봉사,I,2025-12-15 16:15:28,경상남도 밀양시 영남루1길 16-11 (내일동),,BBBB,1,200,01,신라 혜공왕 9년 법조선사로 부터 받은 불은을 갚기 위해 가람을 지어주고 무봉사라 함. ,무봉사,0553543296,359332.268136075    ,222762.119780041    ,경상남도 밀양시 내일동 37 ,A,,,773,2022-04-18 17:25:41
6480000,5360000-002,1988-06-10,,영업/정상,,,,,,만어사,I,2025-12-15 16:15:28,경상남도 밀양시 삼랑진읍 만어로 776,,BBBB,1,500,01,"가락국 수로왕이 창건했다고 전함.
고려명종 10년 보림선사가 창건. ",만어사,0553562010,367533.061223346    ,218815.784930144    ,경상남도 밀양시 삼랑진읍 용전리 4 ,A,,,1180,2024-06-21 10:58:24
6480000,5360000-003,1988-06-10,,영업/정상,,,,,,석골사,I,2025-12-15 16:15:28,경상남도 밀양시 산내면 원서3길 167,,BBBB,1,300,01,"신라 진흥왕 12년 비허선사가 창건했다고 하며 일설에는 신라 혜공왕 9년 법조선사가 창건했다고 함.
석굴사에서 음의 와전으로 석골사가 되었다고 함.   ",석골사,0553526557,374540.925538623    ,236820.437429147    ,경상남도 밀양시 산내면 원서리 454 ,A,,,560,2023-04-10 19:23:43
6480000,5360000-004,1988-06-30,,영업/정상,,,,,,홍제사,I,2025-12-15 16:15:28,경상남도 밀양시 무안면 동부동안길 4,,BBBB,1,300,01,표충비를 관리보존하기 위해 1742년에 지은 사찰임.  ,홍제사,0553520125,349799.183262463    ,220341.810482501    ,경상남도 밀양시 무안면 무안리 901 - 4 ,A,,,1902,2019-07-01 17:02:38
6480000,5360000-005,1988-10-27,,영업/정상,,,,,,대법사,I,2025-12-15 16:15:28,경상남도 밀양시 무안면 무안서로 163-158,,BBBB,1,300,01,"사명대사의 명복을 빌고자 절을 짓고 표충사당을 건립.
1839년 표충사당을 영정사로 옮기면서 대법사가 됨.",대법사,0553560322,345748.870898687    ,219728.288732608    ,경상남도 밀양시 무안면 중산리 1128 - 1 ,A,,,668,2007-10-17 09:56:37
6480000,5360000-006,1988-06-10,,영업/정상,,,,,,표충사,I,2025-12-15 16:15:28,경상남도 밀양시 단장면 표충로 1338,,BBBB,6,1500,01,"신라 흥덕왕 4년 황면선사가 창건.
조선헌종 5년 월파대사가 현위치로 옮김.",표충사,0553521150,377749.428475363    ,227642.70894371     ,경상남도 밀양시 단장면 구천리 23 ,A,,,654,2020-09-14 20:46:17
6480000,5370000-001,1988-06-10,,영업/정상,,,,,,세진암,I,2025-12-15 16:15:28,경상남도 거제시 거제면 동상3길 31-6,,BBBB,2,1000,01,세진암은 약 300년전에 세웠다고 하며 조계종 사찰의 거제본산이라 할 수 있음.,세진암,0556333545,345916.926643015    ,151542.16393201     ,경상남도 거제시 거제면 동상리 270 - 1 ,A,,,1902,2021-04-16 11:46:03
6480000,5380000-001,1988-06-10,,영업/정상,,,,,,통도사,I,2025-12-15 16:15:28,경상남도 양산시 하북면 통도사로 108,,BBBB,184,,01,"신라 선덕여왕 15년 자장율사가 창건.
국내 3대 사찰의 하나로 부처님의 진신사리를 모신 불보사찰임.
건물 구조는 지형과 조화를 이룸.   ",통도사,0553827182,387268.853473844    ,222881.325603568    ,경상남도 양산시 하북면 지산리 583 ,A,,,646,2023-05-17 15:19:40
6480000,5380000-002,1988-06-10,,영업/정상,,,,,,용화사,I,2025-12-15 16:15:28,경상남도 양산시 물금읍 원동로 199-133,,BBBB,1,500,01,유래 미상   ,용화사,0553845111,379524.31656913     ,203656.810798307    ,경상남도 양산시 물금읍 물금리 595 ,A,,,연대미상,2018-01-26 18:27:50
6480000,5380000-003,1988-06-10,,영업/정상,,,,,,내원사,U,2026-04-15 03:03:03,경상남도 양산시 하북면 내원로 207,,BBBB,30,1000,01,"내원사의 안적암은 신라의 고승 원효대사가 세웠다고 하며 임란때 소실된 것을 영훈대사가 중건, 오늘에 이름 ",내원사,0553746466,391053.948373813    ,215889.987858759    ,경상남도 양산시 하북면 용연리 291 ,A,,,646,2026-04-14 09:51:30
6480000,5380000-004,1988-06-10,,영업/정상,,,,,,신흥사,I,2025-12-15 16:15:28,경상남도 양산시 원동면 원동로 2282-111,,BBBB,2,2000,01,대웅전은 조선 효종 8년 다포식 건물로 조선중기 건물이면서도 조선 초기 주심포 양식 가미.   ,신흥사,0553825520,377112.657173378    ,215815.208972109    ,경상남도 양산시 원동면 영포리 268 ,A,,,연대미상,2013-06-11 10:33:07
6480000,5380000-005,1988-06-10,,영업/정상,,,,,,미타암,I,2025-12-15 16:15:28,경상남도 양산시 주진로 379-61 (소주동),,BBBB,4,4000,01,"신라 선덕여왕때 자연석굴 즉 현재의 미타굴에서 원효대사가 수도, 창건.   ",미타암,0553821484,393534.439114985    ,213824.436844529    ,경상남도 양산시 소주동 1238 ,A,,,632,2018-12-14 17:28:08
6480000,5380000-006,1988-06-10,,영업/정상,,,,,,원효암,I,2025-12-15 16:15:28,경상남도 양산시 상북면 천성산길 727-82,,BBBB,2,1500,01,유래 미상     ,원효암,0553854111,391021.951446042    ,212740.064565245    ,경상남도 양산시 상북면 대석리 1 - 1 ,A,,,연대미상,2023-06-29 17:35:58
6480000,5450000-002,1998-10-30,,영업/정상,,,,,,지곡사,I,2025-12-15 16:15:28,경상남도 산청군 산청읍 웅석봉로 396,,BBBB,1,300,01,"통일신라에 창건되어 고려와 조선을 거쳐 일제기까지 현존하였다가 폐사내지 축소되었으나, 다시금 중창불사가 이루어진 사찰임.
현재는 이러한 역사를 계승하여 전통사찰의 면모를 갖추고 있음.   ",지곡사,0559722954,279610.130507561    ,210102.814287923    ,경상남도 산청군 산청읍 내리 772 - 5 ,A,,,통일신라,2018-06-28 09:27:13
6480000,5450000-003,1988-06-10,,영업/정상,,,,,,율곡사,I,2025-12-15 16:15:28,경상남도 산청군 신등면 율곡사길 182,,BBBB,3,250,01,"651년(신라 진덕여왕 5년) 원효대사가 창건하였고, 930년(경순왕 4년)에 감악조사가 중창하였다.
고려시대의 연혁에 관한 기록은 전혀 알 수 없으나 대웅전 기단 앞에 당시의 유물로 생각되는 석조팔각불대좌가 남아 있어 고려시대에도 존재했다는 것을 짐작할 수 있을 뿐이며, 조선 성종 때 간행된 동국여지승람 단성현조에 율곡사는 척지산에 있다라고 쓰여진 것으로 보아 조선 초기에도 율곡사가 있었음을 알 수 있다.    ",율곡사,0559736011,287743.537548394    ,213413.237457137    ,경상남도 산청군 신등면 율현리 1034 ,A,,,651,2024-06-10 13:26:20
6480000,5450000-004,1988-09-08,,영업/정상,,,,,,대원사,I,2025-12-15 16:15:28,경상남도 산청군 삼장면 대원사길 445-0 (대한불교조계종대원사),,BBBB,25,500,01,"548년(진흥왕 9년)에 연기조사가 창건하여 평원사라 하였다. 그 뒤 1천여년 동안 폐사되었던 것을 1685년(숙종 11년)에 운권선사가 문도들을 데려와 평원사의 옛 절터에 사찰을 건립. 대원암이라 개칭하고 선불간경도량을 개설하여 영남 제일의 강당이 되었다. 1890년(고종 27년)에 혜흔선사의 암자가 무너져 크게 중건하였다. 서쪽에는 조사영당을 보수, 동쪽에는 방장실과 강당을 건립하여 대원사라 개칭하고 큰스님을 초청하여 불교를 공부하니 전국의 수행승들이 소문을 듣고 구름처럼 모여들었다고 한다.      ",대원사,0559728068,273301.307690931    ,206437.514888562    ,경상남도 산청군 삼장면 유평리 1 - 0 ,A,,,548,2023-11-16 16:30:07
6480000,5450000-005,1988-06-10,,영업/정상,,,,,,심적정사,I,2025-12-15 16:15:28,경상남도 산청군 산청읍 꽃봉산로133번길 15-0,,BBBB,2,150,01,"신라 929년(경순왕 3년)에 창건되었다고 전하는데 6.25동란으로 소실되었으며, 그 후 950년경에 동봉화상이 삼봉산 동룡동으로 옮겼으나 16나한을 봉안할 별전이 없어 나한전을 976년 새로 건립하여 모두 21구의 작고 다양한 부처를 안치하였다.   ",심적정사,0559731388,279760.371258692    ,213012.929101735    ,경상남도 산청군 산청읍 지리 287 - 1 ,A,,,929,2024-03-15 10:10:44
6480000,5450000-006,1988-06-10,,영업/정상,,,,,,정취암,I,2025-12-15 16:15:28,경상남도 산청군 신등면 둔철산로 675-87,,BBBB,4,300,01,신라 신문왕 6년에 동해에서 아미타불이 솟아올라 두 줄기 서광을 비추니 한 줄기는 금강산을 비추고 또 한 줄기는 대성산을 비추었다. 이때 의상대사께서 두 줄기 서광을 &#51922;아 금강산에는 원통암을 세우고 대성산에는 정취사를 창건하였다.   ,정취암,0559723339,288501.801373486    ,210433.040757674    ,경상남도 산청군 신등면 양전리 산 78 - 1 ,A,,,666,2013-12-30 17:16:09
6480000,5450000-007,2004-05-18,,영업/정상,,,,,,심적사,I,2025-12-15 16:15:28,경상남도 산청군 산청읍 웅석봉로 495,,BBBB,1,500,01,"신라 929년(경순왕 3년)에 창건되었다고 전해지나 6.25동란으로 소실되었다. 현재 심적정사에 모셔져 있는 21나한이 원래 있었던 사찰이다.
91년부터 복원을 시작하여 지금은 원형에 가깝게 복원이 되었으며, 오백나한불을 조성하여 나한암의 전통을 이어 오고 있다.",심적사,,278923.695367085    ,209689.729452705    ,경상남도 산청군 산청읍 내리 1127 ,A,,,929,2025-02-05 13:15:36
6480000,5450000-008,2008-01-15,,영업/정상,,,,,,법계사,I,2025-12-15 16:15:28,경상남도 산청군 시천면 지리산대로 320-292,,BBBB,4,1000,01,"대한불교조계종 제13교구 본사인 쌍계사의 말사이다. 지리산 천왕봉 동쪽 중턱, 해발 1400m에 있는 한국에서 가장 높은 사찰이다. 544년 연기조사(緣起祖師)가 창건하였고, 1405년 정심선사(正心禪師)가 중창하였다. 그 뒤부터 수도처로 알려져 고승들을 많이 배출하였다. 6.25전쟁 때 불에 탔지만 워낙 높은 곳에 있어 재건을 못하고 토굴로 명맥을 이어오다 최근에야 법당이 세워졌다.
고려시대에 만든 것으로 보이는 법계사 삼층석탑(보물 제473호)이 법당 왼쪽에 거대한 암석을 기단으로 세워져 있다. 지리산 7대 사찰로 꼽히며 사찰 뒤로 암봉과 문창대가 보인다. 
",법계사,0559731450,266868.206091118    ,203373.006914859    ,경상남도 산청군 시천면 중산리 873 ,,,,544,2019-03-18 15:34:59
6480000,5460000-001,1988-09-10,,영업/정상,,,,,,보림사,I,2025-12-15 16:15:28,경상남도 함양군 함양읍 상림3길 32,,BBBB,3,350,01,"1912년 벽송사 주지스님 김동운 화상이 건립.
1970년 해인사 조영산 화상이 부임하면서 보림사라 개칭.  ",보림사,0559632471,265467.116068707    ,224852.154378301    ,경상남도 함양군 함양읍 운림리 289 ,A,,,1912,2007-10-17 15:21:10
6480000,5460000-002,1988-09-10,,영업/정상,,,,,,용추사,I,2025-12-15 16:15:28,경상남도 함양군 안의면 용추계곡로 623,,BBBB,1,600,01,"신라 소지왕 9년 각연조사가 창건.
한국동란 때 소실되었다가 1959년 재건. ",용추사,0559624638,269020.268913352    ,243334.296250214    ,경상남도 함양군 안의면 상원리 962 ,A,,,487,2024-10-20 17:50:56
6480000,5460000-003,2003-01-24,,영업/정상,,,,,,영원사,I,2025-12-15 16:15:28,경상남도 함양군 마천면 마천삼정로 544-659,,BBBB,2,150,01,"정확한 창건연대는 알 수 없으나 통일신라시대 고승이었던 영원대사가 건립한 고찰임. 내지리에서는 제일 큰 사찰로 전하고 있으며 이 절의 규모는 너와로 된 선방이 9채에 100칸이 넘는 방이 있었으며 이곳에서 도를 닦은 고승이 많았다고 함.
현재의 건물은 여순반란사건과 6.25전란으로 완전 소실 후 복원되었음.    ",영원사,0559625639,256593.124812388    ,207520.438228075    ,경상남도 함양군 마천면 삼정리 953 ,A,,,통일신라시대,2019-11-13 13:41:16
6480000,5460000-004,1988-09-10,,영업/정상,,,,,,상연대,I,2025-12-15 16:15:28,경상남도 함양군 백전면 백운산길 3-291,,BBBB,3,420,01,신라말 경애왕 1년 고운최치원선생이 어머니의 기도처를 건립하여 관음 기도하던 중 관세음보살이 나타나 상연이라는 이름을 하여 상연대로 부르게 되었다고 함.  ,상연대,0559628585,258487.846231295    ,235102.213144842    ,경상남도 함양군 백전면 백운리 산 78 - 1 ,A,,,924,2013-12-30 16:39:30
6480000,5460000-005,1988-09-10,,영업/정상,,,,,,금대암,I,2025-12-15 16:15:28,경상남도 함양군 마천면 천왕봉로 1035-528,,BBBB,2,96,01,"신라말 656년에 조사행평이 창건.
고려 보조국사, 조선 서산대사가 수도하였다는 구전이 있음.
6.25 남침때 소실 된 뒤 금대암 복구기성회가 중건    ",금대암,0559625500,259562.722481861    ,212024.320532063    ,경상남도 함양군 마천면 가흥리 산 17 - 1 ,A,,,656,2013-12-30 16:57:55
6480000,5460000-006,1988-06-10,,영업/정상,,,,,,영각사,I,2025-12-15 16:15:28,경상남도 함양군 서상면 덕유월성로 567,,BBBB,3,300,01,"신라 헌강왕 2년 심광대사가 창건.
1907년 소실 당시 강영월스님이 중수.
한국동란 때 다시 소실. 1959년 다시 중수.   ",영각사,0559630777,261370.993858302    ,249881.340595002    ,경상남도 함양군 서상면 상남리 1047 ,A,,,876,2013-12-26 18:03:46
6500000,6500000-001,2007-01-25,,영업/정상,,,,,,약천사,I,2025-12-15 16:15:28,제주특별자치도 서귀포시 이어도로 293-28 (대포동),,BBBB,,,01,,약천사,,148626.743064931    ,-27710.5437243992   ,제주특별자치도 서귀포시 대포동 1165 ,,,,1988,2024-08-06 14:55:57
6500000,6500000-002,2007-01-25,,영업/정상,,,,,,남국선원,I,2025-12-15 16:15:28,제주특별자치도 서귀포시 돈내코로 296-127 (상효동),,BBBB,,,01,,남국선원,0647332278,160317.747439148    ,-19875.4680646961   ,제주특별자치도 서귀포시 상효동 산 1 - 1 ,,,,1977,2024-08-06 14:55:37
6500000,6500000-003,2006-01-23,,영업/정상,,,,,,보덕사,I,2025-12-15 16:15:28,"제주특별자치도 제주시 독짓골8길 26-0, 4동 (도남동,보덕사)",,BBBB,,,01,,보덕사,0647532183,156462.154744876    ,-434.06051995436    ,제주특별자치도 제주시 도남동 80 - 2 보덕사 4동 ,A,,,1941,2024-08-06 13:15:57
6500000,6500000-004,2006-01-23,,영업/정상,,,,,,선광사,I,2025-12-15 16:15:28,"제주특별자치도 서귀포시 남원읍 태위로510번길 42-0, 3동 (선광사)",,BBBB,,,01,,선광사,0647643098,172119.516828093    ,-24145.3306176373   ,제주특별자치도 서귀포시 남원읍 남원리 2347 - 1 선광사 3동 ,A,,,1942,2024-08-06 13:54:17
6500000,6500000-005,2006-01-23,,영업/정상,,,,,,월영사,I,2025-12-15 16:15:28,"제주특별자치도 제주시 애월읍 하귀동남2길 40-16, 2동 (월영사)",,BBBB,,,01,,월영사,0647132553,145456.240004541    ,-1906.74548104862   ,제주특별자치도 제주시 애월읍 상귀리 329 - 0 월영사 2동 ,A,,,1962,2024-08-06 00:00:00
6500000,6520000-001,1988-06-09,,영업/정상,,,,,,법화사,I,2025-12-15 16:15:28,,,BBBB,,1000,01,"법화사는 고려시대 제주 최대의 가람으로 전해지고 있는 사찰이다. 법화사의 중창은 고려 원종 10년(1269년)부터 충렬왕 5년(1279년)까지 대대적으로 이루어졌는데, 이는 원나라가 제주를 남송 및 일본 정벌의 전초기지로 활용하기 위한 전략적 배경이 있지 않은가 하는 시각이 있다.
 원나라의 지원으로 커다란 위세를 떨치던 법화사의 교세는 점차 약화되어 16세기 후반에 와서 법화사는 폐사되며, 이후 17세기에 초가 암자 몇 채가 지어져 사찰의 명맥을 유지해 오나 18세기에는 그것마저 사라지게 된다.
 법화사는 1926년 초 관음사 주지 안도월스님과 안봉려관스님에 의해 산남의 제주관음사 포교지소로 새로이 건물을 짓고 중흥의 시기를 맞는다.
 근대에 활발한 포교활동을 펼치며 산남의 불교를 대표해 오던 법화사는 그러나 4ㆍ3과 6ㆍ25를 거치면서 군에 의해 두 차례 소실되는 운명을 겪게 된다.  1960년대 후반, 당시 법화사 터에 정지 작업을 하던 중 직경 80~120Cm의 주초석과 거대한 지대석들이 발견되어 발굴조사에 착수하게 되었고, 현재 다수의 유물과 여러 동의 건물 터가 발견되어 복원불사가 진행 중이다. 지금의 대웅전은 1987년에 중창하였다.",법화사,0647385225,,,제주특별자치도 서귀포시 하원동 ,A,,,1961(13세기),2016-08-04 11:34:31
6500000,6510000-002,1991-04-12,,영업/정상,,,,,,불탑사,I,2025-12-15 16:15:28,,,BBBB,,,01,"불탑사는 1914년경 포교활동을 시작하여 1923년에 안봉려관스님과 안도월스님이 3간 규모의 초가법당 1동을 새로이 건축함으로서 명실상부 관음사 동부지역의 포교 중심지가 되었다. 조선총독부 관보에 의하면 사찰 계출일은 1930년 3월 25일이며 당시 명칭은 대흥사 제주포교소 불탑출장소였다. 이 사찰은 좁은 길을 사이에 두고 마주 세워진 원당사와 함께 고려 충렬왕 26년(1300년)에 세워진 옛 원당사 터에 자리하고 있다. 사찰 경내에는 보물 제1187호로 지정된 오층석탑이 있는데, 이 탑은 원나라의 황실에 공녀로 끌려가 황후가 된 기(奇)씨에 의해 세워진 것이다. 
 불탑사는 1934년에 김중봉스님이 감원으로 취임하여 와가로 된 법당 4간을 증설하였다. 해방 후 1945년 12월에는 조선불교혁신 제주승려대회가 열렸는데, 불탑사 대표로 김태웅스님과 김덕희스님이 참여했다. 그리고 1948년 4ㆍ3이 일어나자 그 해 11월경에 불탑사는 삼양리 마을로 소개되었다.
 소개 당시 헐린 불탑사 건물은 1953년 김경호스님에 의해 재건되기 시작하여 1960년대에 와서 몇 차례의 중건 끝에 현재의 모습으로 자리하게 되었다.  ",불탑사,,,,제주특별자치도 제주시 삼양일동 ,A,,,1923,2025-06-25 14:00:26
6500000,6510000-003,1991-04-12,,영업/정상,,,,,,제석사,I,2025-12-15 16:15:28,,,BBBB,,,01,,제석사,,,,제주특별자치도 제주시 이도이동 1014-3 ,A,,,1928,2024-08-06 14:10:38
6500000,6510000-004,1994-08-30,,영업/정상,,,,,,천왕사,I,2025-12-15 16:15:28,,,BBBB,,,01,"ㅇ 천왕사는 1956년도에 현 조실 박 비룡스님(1901년생, 속명 박 용실)이 토굴을 이용하여 부처님을 모시고 기도를 시작한 것이 사찰 창건의 계기가 되었으며
ㅇ 한라산 아흔 아홉골에서 분단된 조국의 통일을 기원하고 전화(4ㆍ3사건, 6ㆍ25사변)로 상처입은 도민들의 흐트러진 마음에 불심을 심어 주어 안심 입명케 하고자 초근 모피로 극히 어려운 생활을 유지 하면서 기도(불상)에 열중하고 있을 때 이 곳 산간에 땔감을 하러 드나들던 주민들과 알게된 것이 인연으로 제주시 노형동, 용담동, 북제주군 애월읍 광령리, 금덕리 등지의 주민들에게 널리 알려지고, 점차 제주도 전역에 전파되면서 수많은 신도들이 모여들어 교세가 확장되고 사찰로서의 면모를 다지게 되었다
ㅇ 제주도 한라산 중턱의 아흔 아홉골 골짜기가 있는 수려한 곳에 천왕사가 위치하고 있기에 자연환경은 너무나도 아름답고 우뚝 우뚝 솟아 있는 라한 바위는 장엄하고 엄숙하여 한 폭의 그림과도 같이 신비로운 이 곳을 기도의 도량으로 정하여 후세들에게 대자 대비한 부처님의 마음을 심어주는 전통사찰로 더 한층 발전적으로 가꾸고 길이 보존되어야 할 것임. ",천왕사,,,,제주특별자치도 제주시 노형동 산 20-17 ,A,,,1956,2024-08-06 14:11:02
6500000,6510000-005,2001-11-12,,영업/정상,,,,,,월정사,I,2025-12-15 16:15:28,"제주특별자치도 제주시 아연로 216-5 (오라이동,월정사)",,BBBB,,,01,"ㅇ 제주시 오라2동 656-2번지에 위치한 월정사는 1871년 토굴을 이용 불사를 일으켜 세운후 1938년 사찰의 면모를 갖추었으나, 4ㆍ3사건으로 모든 건물이 전소됨
ㅇ 1974년부터 현 주지스님에 의해 불사를 시작하여 현재의 사찰 모습으로 조성하였고
ㅇ 최근에는 동 사찰이 소장하고 있는 목조보살입상과 니조여래좌상이 제주도지정문화재로 지정되는 등 우리 나라 불상연구를 이해하는데 중요한 사찰임
ㅇ 그리고 석조 약사여래입상과 지하에 천불을 조성하는등 불교 문화적 가치가 매우 높은 사찰임 ",월정사,,154423.164527749    ,-3198.87978062426   ,제주특별자치도 제주시 오라이동 ,A,,,1871,2025-08-11 11:09:30
6500000,6510000-006,1991-10-10,,영업/정상,,,,,,월성사,I,2025-12-15 16:15:28,,,BBBB,,,01,,월성사,,,,제주특별자치도 제주시 한경면 고산리 2923-4 ,A,,,1932,2024-08-06 14:10:52
6500000,6510000-001,1990-06-16,,영업/정상,,,,,,관음사,I,2025-12-15 16:15:28,,,BBBB,,,01,"고려시대 전성기를 이루었던 제주불교는 조선왕조의 배불정책으로 쇠퇴의 일로를 걸어오다 1908년 10월 관음사가 창건되면서 새로운 중흥기를 맞게 된다.
 창건 초기, 어디에도 소속되지 않고 독자적으로 활동하던 관음사는 1911년 사찰령과 1915년 포교규칙에 의해 총독부의 허가를 받아야만 종교 활동이 가능하게 됨에 따라, 1918년 6월 11일에 대본산 대흥사 말사 제주도 포교당이라는 명칭으로 포교소 설치를 허가받게 된다. 이에 따라 1920년 중반까지 대흥사 주지였던 이화담과 백취운스님이 관음사 포교담당자로 등록되었으나. 본격적으로 타 지역 본사와 연계를 맺으며 포교활동이 이루어진 것은 1924년 이회명스님에 의해서였다
 관음사는 1924년 음력 4월 8일에 낙성식을 거행하고 초대주지에 안도월스님을 임명하였다.
 그러나 1948년 제주4ㆍ3사건이 일어나면서 전소되어 폐사되는 운명에 처한다. 이후 관음사는 20여년 가까이 폐허가 된 채 터만 남아있다가 1970년대에 이르러 69년 대웅전 준공을 시작으로 70년 선방, 71년 영산전, 72년 해월각, 73년 사천왕문, 74년 일주문을 차례로 복원하여 지금의 관음사를 중창하게 되었다. ",관음사,,,,제주특별자치도 제주시 아라일동 ,A,,,1901,2024-08-06 14:09:59
6510000,CDFD1001,2003-12-22,,영업/정상,,,,,,관음사,I,2026-05-09 22:37:01,제주특별자치도 제주시 산록북로 660  (아라일동),지정,05,0,0,01,,관음사,,158851.932833084    ,-7967.99826081484   ,제주특별자치도 제주시 아라일동 387 ,N,,,,2009-03-18 16:21:57
6510000,CDFD1002,1994-08-30,,영업/정상,,,,,,천왕사,I,2026-05-09 22:37:01,제주특별자치도 제주시 1100로 2528-111  (노형동),지정,05,0,0,01,,천왕사,,152894.109837872    ,-9614.6743634844    ,제주특별자치도 제주시 노형동 산 20-17 ,N,,,,2009-03-18 16:24:04
6510000,CDFD1101,1991-10-10,,영업/정상,,,,,,월성사,I,2026-05-09 22:37:01,,지정,05,1,100,01,"1932년 안봉려관 스님에 의해 창건
1956년 김월봉 스님에 의해 현위치로 옮김
1985년 대웅전 확장공사",월성사,0647730054,,,제주특별자치도 제주시 한경면 고산리 2923 ,N,,,,2009-03-18 16:25:13
6510000,CDFD1106,2006-01-23,,영업/정상,,,,,,월영사,I,2026-05-09 22:37:02,제주특별자치도 제주시 애월읍 하귀동남2길 40-16,지정,05,0,0,01,,월영사,,145456.240004541    ,-1906.74548104862   ,제주특별자치도 제주시 애월읍 상귀리 329 ,N,,,,2009-03-18 16:48:13
6510000,CDFD1103,1991-04-12,,영업/정상,,,,,,불탑사,I,2026-05-09 22:37:01,제주특별자치도 제주시 원당로16길 41  (삼양일동),지정,05,0,0,01,"1914년 안봉려관스님과 안도월 스님에 의해 창건
4.3 사건으로 폐허된 것을 1953년 이경호 스님이 재건",불탑사,,162619.060944827    ,3712.72554754556    ,제주특별자치도 제주시 삼양일동 696 ,N,,,,2009-03-18 16:37:37
6510000,CDFD1104,2001-10-11,,영업/정상,,,,,,월정사,I,2026-05-09 22:37:01,제주특별자치도 제주시 아연로 216-5  (오라이동),지정,05,0,0,01,"○1871년 토굴을 이용 불사를 일으켜세운 후 1983년 
사찰의 면모를 갖췄으나 4.3사건으로 모든 건물이 전소
○그 수 1974년 부터 현 주지스님에의해 불사를 시작하여 현재의
사찰 모습으로 조성하였으며 최근에는 소장 목조보살입상과
니조예래좌상이 제주도 지정문화재로 지정",월정사,,154423.164527749    ,-3198.87978062426   ,제주특별자치도 제주시 오라이동 656-2 ,N,,,,2009-03-18 16:48:00
6510000,CDFD1105,2006-01-23,,영업/정상,,,,,,보덕사,I,2026-05-09 22:37:01,제주특별자치도 제주시 독짓골8길 26  (도남동),지정,05,0,0,01,,보덕사,,156462.154744876    ,-434.06051995436    ,제주특별자치도 제주시 도남동 80-2 ,N,,,,2009-03-18 16:45:42
6510000,CDFD1102,1991-04-12,,영업/정상,,,,,,제석사,I,2026-05-09 22:37:01,제주특별자치도 제주시 신성로10길 23  (이도이동),지정,05,0,0,01,1928년 고현선화 보살에 의해 창건된 후 경삼스님에 의해 전라도 실상사에 등록,제석사,0647226942,156264.867458777    ,-112.52009194954    ,제주특별자치도 제주시 이도이동 1014-3 ,N,,,,2009-02-12 13:28:04
6520000,CDFD1001,2003-03-28,,영업/정상,,,,,,법화사,I,2026-05-09 22:37:19,제주특별자치도 서귀포시 하원북로35번길 15-28  (하원동),지정,05,5,1000,01,법화사 조계종,법화사,,149396.822431248    ,-25513.9620613358   ,제주특별자치도 서귀포시 하원동 1071-1 ,N,,,,2012-02-19 11:45:52
6520000,CDFD1003,2007-01-16,,영업/정상,,,,,,남국선원,I,2026-05-09 22:37:20,제주특별자치도 서귀포시 돈내코로 296-127  (상효동),지정,05,20,3000,01,"1906년 윤고경 스님에 의해 돈내코기도절이라는 명칭으로 수행하던 토굴이었으나, 1970년 혜국스님에 의하여 암자주변 부지를 매입 무문관을 개관하면서 남국선원으로 사명을 개칭함",남국선원,,160317.747439148    ,-19875.4680646961   ,제주특별자치도 서귀포시 상효동 산 1-1 ,N,,,,2007-11-07 09:11:52
6520000,CDFD1002,2007-01-16,,영업/정상,,,,,,약천사,I,2026-05-09 22:37:19,제주특별자치도 서귀포시 이어도로 293-28  (대포동),지정,05,10,3000,01,"창건연대는 미상이나 도약샘이라는 수질이 좋은 샘물이 있어 지역주민들이 기도 및 치병처로 유명하였으나, 1931년 방동화 스님이 법당을 짓고 슈행과 포교도량으로 자리매김하면서 1980년대 혜인스님이 전통문화창달과 관광사찰로서 중창불사를 시작하여 현재에 이름",약천사,,148626.743064931    ,-27710.5437243992   ,제주특별자치도 서귀포시 대포동 1165 ,N,,,,2007-11-07 09:16:06
6530000,4181000-002,1988-10-21,,영업/정상,,,,,,상원사,I,2025-12-15 16:15:28,강원특별자치도 춘천시 서면 박사로 169-47,,BBBB,2,800,01,"삼악산에 위치한 이 사찰은 신라때 창건되었다고 전해지나, 1858년도(철종 9년) 금강산에서 온 풍계선사가 중건했다고 함.",상원사,0332446753,258874.10120546     ,482272.488224663    ,강원특별자치도 춘천시 서면 덕두원리 54번지 3호 ,A,,,1314,2011-11-22 14:00:32
6530000,4181000-001,1988-05-28,,영업/정상,,,,,,청평사,I,2025-12-15 16:15:28,,,BBBB,2,1200,01,고려 광종 24년 백암선원으로 창건되어 조선 명종(1557) 청평사로 개명  ,청평사,0332441095,,,강원특별자치도 춘천시 북산면 청평리 1리 675번지 ,A,,,973,2011-11-22 13:54:16
6530000,4191000-002,1988-05-28,,영업/정상,,,,,,상원사,I,2025-12-15 16:15:28,강원특별자치도 원주시 신림면 성남로 930,,BBBB,1,158,01,신라 문무왕 때 의상대사가 창건하고 경순왕 무학대사가 중창했다고 전함.  ,상원사,0337631608,293348.283989       ,423252.552976482    ,강원특별자치도 원주시 신림면 성남리 2리 1060번지 ,A,,,신라 문무왕,2011-11-22 14:24:58
6530000,4191000-003,1988-05-28,,영업/정상,,,,,,국형사,I,2025-12-15 16:15:28,강원특별자치도 원주시 고문골길 155 (행구동),,BBBB,3,100,01,신라 경순왕때 무학대사 창건.  ,국형사,0337471815,289746.472267288    ,426281.50502515     ,강원특별자치도 원주시 행구동 98번지 ,A,,,신라 경순왕,2011-11-22 14:17:25
6530000,4191000-004,1988-05-28,,영업/정상,,,,,,영천사,I,2025-12-15 16:15:28,강원특별자치도 원주시 치악로 2006-19 (태장동),,BBBB,4,200,01,고려말 나옹화상이 머물렀던 곳으로 나옹화상의 사리탑으로 알려지는 영전사지 보제존자사리탑이 있었으나 19119년 옮겨져 현재 경복궁 내에 있음.  ,영천사,0337422598,285123.306046539    ,428916.064774946    ,강원특별자치도 원주시 태장동 122번지1호 ,A,,,고려시대(연대미상),2011-11-22 14:15:49
6530000,4191000-005,1988-05-28,,영업/정상,,,,,,구룡사,I,2025-12-15 16:15:28,강원특별자치도 원주시 소초면 구룡사로 500,,BBBB,5,2850,01,"신라 문무왕 8년 의상대사 창건.

신라말 도선국사, 조선초 무학대사, 조선중기 서산대사 등이 머물면서 많은 후학을 배출했던 곳임.  ",구룡사,0337324800,292901.518643279    ,433596.09078137     ,강원특별자치도 원주시 소초면 학곡리 2리 1029번지 ,A,,,668,2011-11-22 14:12:22
6530000,4191000-006,1988-05-28,,영업/정상,,,,,,입석사,I,2025-12-15 16:15:28,강원특별자치도 원주시 소초면 황골로 707,,BBBB,2,300,01,신라의 의상대사가 창건했다고 전함.  ,입석사,0337310215,291684.524447513    ,429182.482674385    ,강원특별자치도 원주시 소초면 흥양리 3리 산1784번지 ,A,,,신라시대(연대미상),2011-11-22 14:23:24
6530000,4191000-007,1988-05-28,,영업/정상,,,,,,영원사,I,2025-12-15 16:15:28,강원특별자치도 원주시 판부면 영원산성길 685,,BBBB,1,67,01,신라 문무왕때 의상대사가 창건했다고 함.  ,영원사,0337624783,291335.253568379    ,423112.284943662    ,강원특별자치도 원주시 판부면 금대리 2리 1388번지 ,A,,,신라 문무왕,2011-11-22 14:21:40
6530000,4201000-001,1988-05-28,,영업/정상,,,,,,보현사,I,2025-12-15 16:15:28,강원특별자치도 강릉시 성산면 보현길 396,,BBBB,3,1500,01,"신라 경애왕이 국사 낭원대사에 의해 창건됨.
낭원대사가 96세에 입적하자 고려 태조 왕건이 낭원대사의 성덕을 기려 탑을 건립하고 오진이라 부르게 하였다 함.  ",보현사,0336489431,355898.482999984    ,471959.00894826     ,강원특별자치도 강릉시 성산면 보광리 산544번지 ,A,,,925,2011-11-23 13:28:31
6530000,4201000-002,1988-05-28,,영업/정상,,,,,,낙가사,I,2025-12-15 16:15:28,강원특별자치도 강릉시 강동면 율곡로 1505-16,,BBBB,4,1500,01,"신라성덕여왕때 자장율사가 수다사란 이름으로 창건하고 고려초 중창하면서 등명사로 개칭.
등명사의 옛절터에 1950년대 중창함.  ",낙가사,0336445337,,,강원특별자치도 강릉시 강동면 정동진리 산17번지 ,A,,,신라선덕여왕,2011-11-23 13:31:39
6530000,4201000-003,1988-05-28,,영업/정상,,,,,,관음사,I,2025-12-15 16:15:28,,,BBBB,3,1200,01,"금강산의 유점사,건봉사,오대산 월정사 3대 본사에서 불교연합 포교당으로 창건.  ",관음사,0336432985,,,강원특별자치도 강릉시 금학동 29번지 ,A,,,1923,2015-02-10 20:40:01
6530000,4201000-004,1988-05-28,,영업/정상,,,,,,법왕사,U,2026-04-16 03:03:03,,,BBBB,3,2000,01,신라 선덕여왕 3년에 자장율사가 창건하고 1946년 법왕사로 개칭하였다고 함. ,법왕사,0336479450,,,강원특별자치도 강릉시 구정면 어단리 ,A,,,634,2026-04-15 13:33:14
6530000,4201000-005,1988-05-28,,영업/정상,,,,,,용연사,I,2025-12-15 16:15:28,강원특별자치도 강릉시 사천면 중앙서로 961,,BBBB,1,1500,01,"1670년대 왕장대사가 창건.
한국동란 시 전소 1956년 중수.  ",용연사,0336475781,356753.175325385    ,477853.744311757    ,강원특별자치도 강릉시 사천면 사기막리 821번지 ,A,,,1670,2011-11-23 13:26:24
6530000,4201000-006,2006-01-06,,영업/정상,,,,,,청학사,I,2025-12-15 16:15:28,강원특별자치도 강릉시 구정면 청파로 176-38,,BBBB,3,1500,01,,청학사,0336447756,365046.654081672    ,467320.729138696    ,강원특별자치도 강릉시 구정면 구정리 29 ,A,,,고려시대,2011-11-23 13:33:09
6530000,4211000-001,1988-05-28,,영업/정상,,,,,,감추사,I,2025-12-15 16:15:28,,,BBBB,1,800,01,"신라 진평왕의 셋째딸인 선화공주와 백제 무왕의 설화가 전해지고 있음.
현재 사찰은 1902년에 건립됨. ",감추사,0335329623,,,강원특별자치도 동해시 송정동 502번지 2호 ,A,,,신라시대,2011-11-23 13:39:15
6530000,4211000-002,1988-05-28,,영업/정상,,,,,,삼화사,I,2025-12-15 16:15:28,,,BBBB,5,1500,01,"신라 선덕여왕 11년 자장율사 창건. 
신라 경문왕 4년 중건, 고려 공민왕 18년 확장.
임진왜란 때 전소. 1908년 중건, 1997년 이건.",삼화사,0335347661,,,강원특별자치도 동해시 삼화동 산172번지 ,A,,,642,2011-11-23 13:36:51
6530000,4231000-001,1988-05-28,,영업/정상,,,,,,신흥사,I,2025-12-15 16:15:28,강원특별자치도 속초시 설악산로 1137 (설악동),,BBBB,15,6940,01,"신라 진덕여왕 6년 자장율사가 창건.
조선 인조 22년(1644) 영서 연옥 혜원스님이 하루 저녁 같은 꿈을 동시에 꾼것을 계기로 중창을 시작하여 1647년 완공. 1917년 조계종 제3교구본사로 승격.  ",신흥사,0336367044,330016.079736653    ,520253.149761864    ,강원특별자치도 속초시 설악동 170번지 ,A,,,652,2011-11-23 13:41:20
6530000,4231000-002,1988-10-21,,영업/정상,,,,,,계조암,I,2025-12-15 16:15:28,강원특별자치도 속초시 설악산로 1140-115 (설악동),,BBBB,2,1000,01,"신라 진덕여왕 6년 자장율사가 창건(신흥사와 동시에)했는데 정확히 신흥사보다 먼저 창건.
1548년 중건, 고종 27년(1890) 응화스님이 삼성각 건립하여 현재에 이르고 있음.  ",계조암,0336367188,329334.025587911    ,521077.170997124    ,강원특별자치도 속초시 설악동 산40번지 ,A,,,652,2011-11-23 13:45:48
6530000,4241000-001,1988-05-28,,영업/정상,,,,,,천은사,I,2025-12-15 16:15:28,강원특별자치도 삼척시 미로면 동안로 816,,BBBB,1,3400,01,"신라 흥덕왕 4년 창건 당시에는 백련대, 고려 충렬왕때 간장사, 조선 고종때는 영경, 준경묘를 수축하고서 임금님의 은혜를 입었다는 의미에서 천은사로 개칭.  ",천은사,0335720333,380698.043692988    ,440021.945184556    ,강원특별자치도 삼척시 미로면 내미로리 785번지 ,A,,,829,2011-11-23 14:01:39
6530000,4241000-002,1988-05-28,,영업/정상,,,,,,영은사,I,2025-12-15 16:15:28,강원특별자치도 삼척시 근덕면 궁촌길 1162,,BBBB,2,1200,01,"신라 선덕여왕 3년 삼화사와 함께 약사삼불의 창건설화가 전해지고 있으나 역사적으로는 진성여왕 5년 범일국사가 창건하였다고 함.
조선명종때 사명대사가 현재위치로 이전 운망사라 칭하고, 그후 1641년 벽봉스님이 중건하여 영은사로 개명.  ",영은사,0335749302,399997.566403595    ,422503.55486505     ,강원특별자치도 삼척시 근덕면 궁촌리 924번지 ,A,,,891,2011-11-23 14:03:39
6530000,4241000-003,1988-05-28,,영업/정상,,,,,,신흥사,I,2025-12-15 16:15:28,강원특별자치도 삼척시 근덕면 양리길 220,,BBBB,,,01,"신라 민애왕 원년 범일국사 창건.

조선 현종 15년(1647)에 중창. 순조 21년(1821) 삼척부사 이헌규가 시주를 하여 크게 중창.   ",신흥사,0335723600,395386.199179747    ,426903.552220947    ,강원특별자치도 삼척시 근덕면 동막리 1332번지 ,A,,,838,2015-02-10 20:40:48
6530000,4241000-004,1988-05-28,,영업/정상,,,,,,삼장사,I,2025-12-15 16:15:28,강원특별자치도 삼척시 죽서루길 61 (성내동),,BBBB,1,800,01,1925년 영우스님이 중창.  ,삼장사,0335732487,391095.41775993     ,439933.856431589    ,강원특별자치도 삼척시 성내동 8번지1호 ,A,,,1925,2011-11-23 14:00:32
6530000,4251000-001,1988-05-28,,영업/정상,,,,,,수타사,I,2025-12-15 16:15:28,,,BBBB,4,800,01,,수타사,0334336611,284528.210770047    ,466659.938521277    ,강원특별자치도 홍천군 영귀미면 덕치리 9 ,A,,,708,2013-10-29 10:59:32
6530000,4251000-002,2006-01-06,,영업/정상,,,,,,쌍계사,I,2025-12-15 16:15:28,강원특별자치도 홍천군 내촌면 여창길 402,,BBBB,3,500,01,,쌍계사,0334331138,299655.533830081    ,481509.388105498    ,강원특별자치도 홍천군 내촌면 서곡리 19 ,A,,,조선시대,2011-11-23 14:13:06
6530000,4261000-001,1988-05-28,,영업/정상,,,,,,보광사,I,2025-12-15 16:15:28,,,BBBB,1,1150,01,옛 남산사의 절터에 건립함. 창건당시는 남산사라 했으나 1965년 5월 7일 보광사로 등록. ,보광사,0333433007,,,강원특별자치도 횡성군 횡성읍 남산리 산16번지 5호 ,A,,,1933,2011-11-23 14:16:37
6530000,4261000-002,1988-05-28,,영업/정상,,,,,,봉복사,I,2025-12-15 16:15:28,,,BBBB,1,250,01,신라 자장율사가 창건하였다고 함. ,봉복사,0333455656,,,강원특별자치도 횡성군 청일면 신대리 138번지 ,A,,,647,2011-11-23 14:15:17
6530000,4271000-001,1988-05-28,,영업/정상,,,,,,보덕사,I,2025-12-15 16:15:28,강원특별자치도 영월군 영월읍 보덕사길 34,,BBBB,3,840,01,"668년 의상조사가 창건하였으며, 발본산 지덕사라  하였음. 1457년 단종대왕이 노산군으로 강봉되어 이곳 영월로 유배되자 노릉사라 개칭하였으며 그후 태백산 보덕사라 함.  ",보덕사,0333743169,329337.860933776    ,411654.739005955    ,강원특별자치도 영월군 영월읍 영흥리 영흥12리 1110번지 ,A,,,668,2011-11-23 14:20:06
6530000,4271000-002,1988-05-28,,영업/정상,,,,,,법흥사,I,2025-12-15 16:15:28,,,BBBB,8,1000,01,"신라의 자장율사가 당나라에 들어가 유학하던중 청량산에서 문수보살을 친견하고 가사, 진신사리,강경 등을 전수받아 귀국하며 석가모니 진신사리 일부를 이곳에 봉안함 (흥년사라 명명)   ",법흥사,0333749177,311599.623471093    ,430852.149319346    ,강원특별자치도 영월군 무릉도원면 법흥리 422번지1호 ,A,,,643,2015-02-10 20:41:29
6530000,4281000-001,1988-05-28,,영업/정상,,,,,,월정사,I,2025-12-15 16:15:28,,,BBBB,32,12000,01,"신라 선덕여왕때 자장율사가 창건.
한국동란으로 거의 소실된 후 현재의 건물은 전란 이후에 세워진 것임. ",월정사,0333326664,,,강원특별자치도 평창군 진부면 동산리 63번지 ,A,,,643,2011-11-23 14:23:42
6530000,4281000-002,2007-12-07,,영업/정상,,,,,,극락사,I,2025-12-15 16:15:28,강원특별자치도 평창군 평창읍 노람들길 57,,BBBB,,,01,,극락사,0333322308,323984.619272414    ,430667.052365893    ,강원특별자치도 평창군 평창읍 중리 219 - 1 ,A,,,1943,2011-11-23 00:00:00
6530000,4291000-001,2007-12-07,,영업/정상,,,,,,정암사,I,2025-12-15 16:15:28,,,BBBB,4,10000,01,신라 선덕여왕 14년 자장율사가 창건.,정암사,0335912469,,,강원특별자치도 정선군 고한읍 고한리 산213번지 ,A,,,645,2011-11-23 14:40:49
6530000,4301000-001,2007-12-07,,영업/정상,,,,,,도피안사,I,2025-12-15 16:15:28,강원특별자치도 철원군 동송읍 도피동길 23,,BBBB,1,200,01,"신라 경문왕 5년 도선국사가 창건.
한국동란으로 완전 소실된 것을 1959년 15사단장 이명재 장군이 장병들과 함께 중건.  ",도피안사,0334552471,219024.103106184    ,526371.772388488    ,강원특별자치도 철원군 동송읍 관우리 450번지 ,A,,,865,2011-11-23 14:43:11
6530000,4301000-002,2007-12-07,,영업/정상,,,,,,심원사,I,2025-12-15 16:15:28,강원특별자치도 철원군 동송읍 상노1길 58,,BBBB,1,83,01,"신라 진덕여왕 1년 영원조사가 창건.
859년 범일구사가 중수 조선 태조 5년(1396) 무학왕사가 중창했는데 예전의 흥림사를 심원사로 개칭함.",심원사,0334555882,221788.367655542    ,517828.06941144     ,강원특별자치도 철원군 동송읍 상노리 72번지 1호 ,A,,,647,2011-11-23 14:44:44
6530000,4331000-001,2007-12-07,,영업/정상,,,,,,백담사,I,2025-12-15 16:15:28,강원특별자치도 인제군 북면 백담로 746,,BBBB,3,500,01,"자장율사가 한계사를창건, 이후 소실 중건하고 정조 7년 개명함.
676년(진덕여왕원년) 한계리에 한계사로 창건후 1775년(영조51년)까지 운흥사, 심원사, 선구사, 영취사로 사지를 옮기다가 1457년(세조3년)과 
1783년(정조7년)에 백담사라 개칭함.  ",백담사,0334626969,320195.918379103    ,518746.373463831    ,강원특별자치도 인제군 북면 용대리 690 ,A,,,647,2011-11-23 14:46:06
6530000,4331000-002,1988-10-21,,영업/정상,,,,,,봉정암,I,2025-12-15 16:15:28,강원특별자치도 인제군 북면 백담로 1700,,BBBB,3,150,01,"신라 선덕여왕 12년에 자장율사가 창건.
당나라 청정산에서 기도중 문수보살을 친견하여 부처님 가사와 사리를 전수받아 해동설산 봉정암에 오층탑을 세웠음.
봉황새의 정수리와 같이 봉정암이라함.  ",봉정암,,327593.282835802    ,514682.08789223     ,강원특별자치도 인제군 북면 용대리 산76 ,A,,,643,2011-11-23 14:50:17
6530000,4331000-003,1988-10-21,,영업/정상,,,,,,오세암,I,2025-12-15 16:15:28,,,BBBB,3,150,01,"신라 선덕여왕 13년에 자장율사가 관음암으로 창건.
조선 인조(1643)때 설정대사가 중건, 오세암으로 개칭했는데 설정의 조카 오세동자가 여기서 견성득도한 데서 유래. ",오세암,0334628135,,,강원특별자치도 인제군 북면 용대리 산 75 ,A,,,647,2011-11-23 14:51:25
6530000,4331000-004,2007-12-07,,영업/정상,,,,,,백련정사,I,2025-12-15 16:15:28,강원특별자치도 인제군 인제읍 인제로167번길 365,,BBBB,1,400,01,신라때 이곳에 천곡사가 있었으나 한국동란  때 소실 1966년에 중건하여 이후 개명.  ,백련정사,0334610858,300936.137728581    ,510497.738743052    ,강원특별자치도 인제군 인제읍 상동리 산 1-3 ,A,,,신라(연대미상),2011-11-23 14:48:51
6530000,4341000-001,1988-05-28,,영업/정상,,,,,,화암사,I,2025-12-15 16:15:28,,,BBBB,1,600,01,"신라 혜공왕 5년 진표율사가 창건, 조선 영조 6년에 소실 익년도에 재건,고종원년에소실,동년에 재건 ",화암사,0336331525,,,강원특별자치도 고성군 토성면 신평리 476번지 ,A,,,769,2011-11-24 10:33:59
6530000,4341000-002,1988-05-28,,영업/정상,,,,,,건봉사,I,2025-12-15 16:15:28,강원특별자치도 고성군 거진읍 건봉사로 723,,BBBB,3,250,01,"법흥왕7년 아도화상이 건립했다고전함. 
고종때 소실된 후 1892년에 766칸 대사찰 건립. 
한국동란때 전소.   ",건봉사,0336828100,320308.951092776    ,545236.850806726    ,강원특별자치도 고성군 거진읍 냉천리 36번지 ,A,,,520,2015-02-10 20:42:09
6530000,4341000-003,1988-10-21,,영업/정상,,,,,,극락암,I,2025-12-15 16:15:28,강원특별자치도 고성군 간성읍 교동2길 26,,BBBB,4,100,01,"고려 혜종2년 묘적동에 창건, 1878년 전소, 1887년 사미봉진이 재건, 한국동란 때 전소 1956년에 현사찰 재건.",극락암,0336812095,325764.220982077    ,542936.75254775     ,강원특별자치도 고성군 간성읍 교동리 280번지 ,A,,,945,2011-11-24 10:35:53
6530000,4351000-001,1988-05-28,,영업/정상,,,,,,명주사,I,2025-12-15 16:15:28,강원특별자치도 양양군 현북면 어성전길 93-31,,BBBB,3,150,01,고려 목종 12년 창건.한국동란 때 전소된 것을 1963년부터 중수하기 시작.,명주사,0336731526,346721.773553175    ,495777.104736333    ,강원특별자치도 양양군 현북면 어성전리 488번지 ,A,,,1009,2011-11-24 10:47:40
6530000,4351000-002,1988-05-28,,영업/정상,,,,,,영혈사,I,2025-12-15 16:15:28,강원특별자치도 양양군 양양읍 불당골길 346,,BBBB,1,600,01,원효대사의 수도처로서 신라 문무왕9년 원효대사가 창건.조선 숙종 14년. 숙종 16년 사승 취원이 중건.고종 24년 지화.도윤스님이 중수,영혈사,0336710592,335576.411976721    ,512812.190237494    ,강원특별자치도 양양군 양양읍 화일리 2리 산323번지 ,A,,,689,2011-11-24 10:46:19
6530000,4351000-003,1988-10-21,,영업/정상,,,,,,홍련암,I,2025-12-15 16:15:28,강원특별자치도 양양군 강현면 낙산사로 100,,BBBB,3,5000,01,"신라 문무왕 12년 의상조사 창건

의상이 관음보살의 진실을 친견한 곳인 관음굴 위에 지은 불전으로서 이곳에서 밤낮없이 7일동안 기도를 하자 바다위에서 홍련이 솟아났고,
그 꽃속에서 관음보살이 현신했다하여 홍련암으로 명명한 것으로 전해짐.  ",홍련암,0336722448,342728.237251651    ,514977.893157342    ,강원특별자치도 양양군 강현면 전진리 산5-2 ,A,,,672,2011-11-24 10:48:43
6530000,4351000-004,1988-05-28,,영업/정상,,,,,,낙산사,I,2025-12-15 16:15:28,강원특별자치도 양양군 강현면 낙산사로 100,,BBBB,6,3460,01,"신라 문무왕 11년(671) 의상조사가 창건.  헌안왕2년 (858) 범일대사 중건, 1953년 4월 당시1군단장 이형근 장군과 지역인사가 복원. ",낙산사,0336722448,342728.237251651    ,514977.893157342    ,강원특별자치도 양양군 강현면 전진리 55번지 ,A,,,671,2015-02-10 20:43:06
6530000,4351000-005,2008-12-19,,영업/정상,,,,,,진전사,I,2025-12-15 16:15:28,강원특별자치도 양양군 강현면 화채봉길 368,,BBBB,,,01,,진전사,0336729999,335438.157010156    ,514466.579531966    ,강원특별자치도 양양군 강현면 둔전리 124 - 5 ,A,,,671,2011-11-24 00:00:00
6530000,6530000-001,2025-10-16,,영업/정상,,,,,,대한불교조계종 감로사,I,2025-12-15 16:15:28,"강원특별자치도 삼척시 영진안길 72-0 (정상동,감로사)",,BBBB,1,2000,01,,대한불교조계종 감로사,0335732658,393293.33615124     ,439872.619010357    ,강원특별자치도 삼척시 정상동 1 - 0 감로사 ,,,,1960,2025-10-16 00:00:00
6530000,4191000-001,1988-05-28,,영업/정상,,,,,,보문사,I,2025-12-15 16:15:28,,,BBBB,1,280,01,"신라 경순왕때 무학대사가 창건했다고 전함.
경내에는 고려말 조선초 때의 것으로 보이는 정석탑이 있어 고찰의 흔적을 엿볼 수 있음. ",보문사,0337471525,,,강원특별자치도 원주시 행구동 산105번지 ,A,,,신라경순왕,2011-11-22 14:18:16
6540000,4641000-001,1988-07-02,,영업/정상,,,,,,남고사,I,2025-12-15 16:15:28,전북특별자치도 전주시 완산구 남고산성1길 53-88 (동서학동),,BBBB,,,01,"신라 문무왕 8년(668) 명덕화상이 창건.
당초는 남고연국사라 칭하다가 1470년 이후부터 남고사라 칭함. ",남고사,0632849640,214299.555427455    ,255502.693908002    ,전북특별자치도 전주시 완산구 동서학동 724 724 ,A,,,668,2013-12-18 14:44:12
6540000,4641000-002,1992-03-02,,영업/정상,,,,,,승암사,I,2025-12-15 16:15:28,전북특별자치도 전주시 완산구 바람쐬는길 47-13 (교동),,BBBB,,,01,"현강왕 2년 도선국사가 창건.
1740년 용담 조관스님이 중창. ",승암사,0632849902,214774.977552013    ,256574.54825257     ,전북특별자치도 전주시 완산구 교동 945 ,A,,,876,2013-12-18 14:38:04
6540000,4641000-003,1996-02-24,,영업/정상,,,,,,서고사,I,2025-12-15 16:15:28,전북특별자치도 전주시 덕진구 정여립로 1010-90 (만성동),,BBBB,,,01,"후백제 견훤왕 17년(908) 명덕스님이 창건.
1363년 혜공스님이 중창.   ",서고사,0632127709,207629.222603688    ,259484.169605403    ,전북특별자치도 전주시 덕진구 만성동 84 ,A,,,908,2016-12-08 16:39:58
6540000,4641000-004,1992-03-02,,영업/정상,,,,,,동고사,I,2025-12-15 16:15:28,전북특별자치도 전주시 완산구 낙수정2길 103-100 (교동),,BBBB,,,01,"938 도선국사 창건.
그 후 허단 화상이 중건. ",동고사,0632881626,215115.682416905    ,256614.654408807    ,전북특별자치도 전주시 완산구 교동 산 10 - 88 ,A,,,938,2013-12-18 14:44:02
6540000,4681000-001,1988-07-28,,영업/정상,,,,,,심곡사,I,2025-12-15 16:15:28,전북특별자치도 익산시 낭산면 장암길 113,,BBBB,,,01,신라 46대 문성왕때 스승을 구하지 못해 고민하던 무량국사가 이곳에 안착하고 사찰 창건. ,심곡사,0638552001,203217.846095853    ,281908.646002843    ,전북특별자치도 익산시 낭산면 낭산리 176 ,A,,,662,2013-12-18 17:17:45
6540000,4681000-002,1988-07-28,,영업/정상,,,,,,문수사,I,2025-12-15 16:15:28,전북특별자치도 익산시 여산면 천호산길 140,,BBBB,,,01,신라 헌덕왕 7년에 혜감대사가 창건하였으며 조선초 함허선사가 중건함. ,문수사,0638369643,210537.887873237    ,282480.067816279    ,전북특별자치도 익산시 여산면 호산리 69 ,A,,,815,2013-12-18 17:33:59
6540000,4681000-003,1988-07-28,,영업/정상,,,,,,사자암,I,2025-12-15 16:15:28,전북특별자치도 익산시 금마면 구룡길 57-125,,BBBB,,,01,연혁 유래 미상 ,사자암,0638639480,203377.565451951    ,280072.271297893    ,전북특별자치도 익산시 금마면 신용리 산 131 - 1 ,A,,,연대미상,2013-12-18 17:16:24
6540000,4681000-004,1988-07-28,,영업/정상,,,,,,숭림사,I,2025-12-15 16:15:28,전북특별자치도 익산시 웅포면 백제로 495-57,,BBBB,,,01,"고려 충목왕 원년 진표유라가 창건.
1924에 나한전, 영원전 신축. ",숭림사,0638626394,192327.066346575    ,286798.87066586     ,전북특별자치도 익산시 웅포면 송천리 5 ,A,,,1345,2013-12-18 17:38:00
6540000,4681000-005,1988-07-28,,영업/정상,,,,,,백운사,I,2025-12-15 16:15:28,전북특별자치도 익산시 여산면 천호산길 155-23,,BBBB,,,01,신라 경순왕 2년 백양이 창건. ,백운사,0638368047,210948.819425752    ,282562.081294931    ,전북특별자치도 익산시 여산면 호산리 65 ,A,,,928,2013-12-18 17:32:55
6540000,4681000-006,1988-11-03,,영업/정상,,,,,,자명사,I,2025-12-15 16:15:28,전북특별자치도 익산시 용안면 을동길 76-12,,BBBB,,,01,"신라 무열왕때 선설대사가 창건.
1944년 진명대사가 중건. ",자명사,0638613542,195799.267417546    ,292182.52601329     ,전북특별자치도 익산시 용안면 법성리 280 ,A,,,756,2013-12-18 17:37:00
6540000,4681000-007,1988-07-28,,영업/정상,,,,,,남원사,I,2025-12-15 16:15:28,전북특별자치도 익산시 여산면 서촌1길 34-3,,BBBB,,,01,신라 흥덕왕 6년에 창건 소실되어 조선 선조 15년에 재건. ,남원사,0638365344,207374.156226094    ,283922.412036072    ,전북특별자치도 익산시 여산면 제남리 224 ,A,,,831,2013-12-18 17:31:44
6540000,4681000-008,1988-07-28,,영업/정상,,,,,,태봉사,I,2025-12-15 16:15:28,전북특별자치도 익산시 삼기면 진북로 347-23,,BBBB,,,01,백제시대에 건립된 것으로 전해짐. ,태봉사,0638587733,200922.919228558    ,281836.934550362    ,전북특별자치도 익산시 삼기면 연동리 산 148 - 5 ,A,,,백제,2013-12-18 17:30:58
6540000,4681000-009,1988-07-28,,영업/정상,,,,,,석불사,I,2025-12-15 16:15:28,전북특별자치도 익산시 삼기면 진북로 273,,BBBB,,,01,"백제시대에 건립된 것으로 전해짐.
백제 무왕(600~641)때 창건된 것으로 추정. ",석불사,0638585895,200611.498694754    ,281052.236184874    ,전북특별자치도 익산시 삼기면 연동리 산 220 - 2 ,A,,,백제,2013-12-18 17:20:56
6540000,4691000-001,1988-07-28,,영업/정상,,,,,,내장사,I,2025-12-15 16:15:28,전북특별자치도 정읍시 내장산로 1253 (내장동),,BBBB,,,01,"원래 내장산에는 영은사와 내장사가 있었으니 영은사는 근래에 와서 내장사가 되고 내장사는 백련암이 되었다.
내장사는 5번 불타고 6번째 중건.     ",내장사,0635388741,191026.778235353    ,221130.184033124    ,전북특별자치도 정읍시 내장동 590 ,A,,,636,2020-05-11 10:56:46
6540000,4691000-002,1992-03-02,,영업/정상,,,,,,보림사,I,2025-12-15 16:15:28,전북특별자치도 정읍시 북면 보림1길 497,,BBBB,,,01,"통일신라 경문왕 4년 창건하였으나 누차 소실되고 일제시대 위봉사의 말사로 존속,
현재 선운사 말사로 있음. ",보림사,0635356800,192678.390597956    ,229577.567940475    ,전북특별자치도 정읍시 북면 보림리 938 ,A,,,864,2013-12-19 14:21:12
6540000,4691000-003,1992-03-02,,영업/정상,,,,,,법인사,I,2025-12-15 16:15:28,전북특별자치도 정읍시 상신경1길 97 (상동),,BBBB,,,01,고구려 보장왕때 보덕이 백제에 귀화하여 그의 제자 수정이 창건. ,법인사,0635310593,189139.115965984    ,228781.205119744    ,전북특별자치도 정읍시 상동 937 ,A,,,백제,2013-12-19 14:14:07
6540000,4691000-004,1992-03-02,,영업/정상,,,,,,정혜사,I,2025-12-15 16:15:28,전북특별자치도 정읍시 죽림2길 28 (연지동),,BBBB,,,01,"고려시대 창건,
임진왜란때 소실.
1908년경 김기철 주지가 정혜사란 사찰을 건립함 ",정혜사,0635319333,185915.999266507    ,229450.972185921    ,전북특별자치도 정읍시 연지동 147 ,A,,,고려,2013-12-19 14:26:07
6540000,4691000-005,1992-03-02,,영업/정상,,,,,,일광사,I,2025-12-15 16:15:28,전북특별자치도 정읍시 성황산길 50 (수성동),,BBBB,,,01,"1910년 박장조스님이 법인당으로 창건.
1963년 세정 박기정스님이 인근 초가집을 매입 요사채 사용.
1985년 현 주지 황용주스님이 부임 포교활동. ",일광사,0635381268,186929.134923136    ,230427.397514687    ,전북특별자치도 정읍시 수성동 410 - 2 ,A,,,신라,2013-12-19 14:25:05
6540000,4691000-006,1992-03-02,,영업/정상,,,,,,석탄사,I,2025-12-15 16:15:28,전북특별자치도 정읍시 칠보면 허궁실2길 186-125,,BBBB,,,01,"신라때 의상대사가 창건.
임진왜란때 소실
영조1750년 중건, 동학농민혁명과 한국동란때 소실.
1973년 조병일이 중건.",석탄사,0635381268,198635.024526979    ,229359.446764547    ,전북특별자치도 정읍시 칠보면 반곡리 산 389 ,A,,,신라,2017-02-09 14:32:50
6540000,4691000-007,1988-10-21,,영업/정상,,,,,,유선사,I,2025-12-15 16:15:28,전북특별자치도 정읍시 고부면 영원로 644-224,,BBBB,,,01,신라 의상대사(625~702)가 창건한 사찰로서 몇번 폐찰되었다가 1982년 주지 박원순이 대웅전을 세우고 약사여래석조입상 및 요사채 건립불사로 면모 갖춤. ,유선사,0635379222,181001.183808067    ,234565.268768687    ,전북특별자치도 정읍시 고부면 남복리 2 ,A,,,1299,2013-12-19 14:04:37
6540000,4691000-008,1988-10-21,,영업/정상,,,,,,정토사,I,2025-12-15 16:15:28,전북특별자치도 정읍시 정우면 정신로 832-20,,BBBB,,,01,"고려 충렬왕 25년(1299) 담운선사가 창건 1603년 진목대사가 중건.
1918년 주지 이진성이 중건, 1922년 전광명화가 원통전을 세우고 칠성각을 세웠음. ",정토사,0635379222,189829.225160744    ,239845.069023983    ,전북특별자치도 정읍시 정우면 산북리 28 ,A,,,1299,2013-12-19 14:28:35
6540000,4691000-009,1992-03-02,,영업/정상,,,,,,남산사,I,2025-12-15 16:15:28,전북특별자치도 정읍시 북면 정신로 183-64,,BBBB,,,01,1745년 대종불이신금토선사가 건립. ,남산사,0635374418,187461.464835773    ,234388.23494964     ,전북특별자치도 정읍시 북면 남산리 610 - 1 ,A,,,1745,2013-12-19 14:15:55
6540000,4691000-010,1992-08-20,,영업/정상,,,,,,다천사,I,2025-12-15 16:15:28,전북특별자치도 정읍시 태인면 태흥1길 59,,BBBB,,,01,"벽산 성근스님이 1946년 창건.
절터의 우물을 청소하던 중 바위에 다천이라 새겨진 글씨를 발견 절이름을 다천사라 명하였다 함. ",다천사,0635344103,195666.146860455    ,239179.504146846    ,전북특별자치도 정읍시 태인면 태흥리 163 ,A,,,1946,2013-12-19 14:31:22
6540000,4701000-001,1988-07-28,,영업/정상,,,,,,선국사,I,2025-12-15 16:15:28,전북특별자치도 남원시 산성길 239 (산곡동),,BBBB,,,01,통일신라 신문왕 5년 삼국통일 직후 남원소경이 설치되면서 창건. ,선국사,0636257222,232414.064156479    ,214473.376471235    ,전북특별자치도 남원시 산곡동 419 ,A,,,685,2013-12-19 14:48:09
6540000,4701000-002,1988-11-10,,영업/정상,,,,,,대복사,I,2025-12-15 16:15:28,전북특별자치도 남원시 대복사길 61 (왕정동),,BBBB,,,01,신라 진성왕 7년 도선국사가 창건. ,대복사,0636311144,233315.504674639    ,213104.352260586    ,전북특별자치도 남원시 왕정동 283 ,A,,,893,2013-12-19 15:06:43
6540000,4701000-004,1988-07-28,,영업/정상,,,,,,선원사,I,2025-12-15 16:15:28,전북특별자치도 남원시 용성로 151 (도통동),,BBBB,,,01,"신라 49대 헌강왕때 도선국사가 비보사찰로 창건.
주산(백공산)이 객산(교룡산)보다 미약하여 허약한 자세를 보강하기 위해 세움. ",선원사,0633610108,235473.023355273    ,212619.430208824    ,전북특별자치도 남원시 도통동 392 - 1 ,A,,,875,2013-12-19 14:47:32
6540000,4701000-005,1988-07-28,,영업/정상,,,,,,실상사,I,2025-12-15 16:15:28,전북특별자치도 남원시 산내면 입석길 94-129,,BBBB,,,01,"신라 흥덕왕 3년에 창건.
신라 구산 선종중 최초의 선종사찰로 정유재란시 전화로 소실.
고종 21년에 현재의 규모로 중창. ",실상사,0636363031,257621.958339566    ,213230.477283137    ,전북특별자치도 남원시 산내면 입석리 50 - 1 ,A,,,828,2013-12-19 14:50:25
6540000,4701000-006,1988-11-03,,영업/정상,,,,,,귀정사,I,2025-12-15 16:15:28,전북특별자치도 남원시 산동면 대상2길 246,,BBBB,,,01,,귀정사,0636260106,241261.84851011     ,223718.463992117    ,전북특별자치도 남원시 산동면 대상리 1042 ,A,,,515,2013-12-19 14:51:32
6540000,4701000-007,1988-07-28,,영업/정상,,,,,,연화사,I,2025-12-15 16:15:28,전북특별자치도 남원시 이백면 응령길 168,,BBBB,,,01,"신라말기에 연기 도선국사창건.
이백면 내령산과 외령산 외주봉 밑에 자리한 연화사에는 미륵석불입상이 고려초기의 작품으로 추정. ",연화사,0636322708,242383.31033101     ,213367.302651904    ,전북특별자치도 남원시 이백면 효기리 131 - 19 ,A,,,신라말,2013-12-19 15:15:39
6540000,4701000-008,1988-07-28,,영업/정상,,,,,,용담사,I,2025-12-15 16:15:28,전북특별자치도 남원시 주천면 원천로 165-26,,BBBB,,,01,백제 성왕때 창건 또는 신라 연기도선이 창건했다는 설이 있음. ,용담사,0636329911,237391.354533196    ,212423.288313723    ,전북특별자치도 남원시 주천면 용담리 298 ,A,,,연대미상,2013-12-19 15:16:19
6540000,4701000-009,1988-11-03,,영업/정상,,,,,,창덕암,I,2025-12-15 16:15:28,전북특별자치도 남원시 산동면 중절길 108,,BBBB,,,01,"김석덕화 보살이 건립.
주변경관이 아름답고 수려할 뿐 아니라 이곳에서 기도한 사람은 소원 성취함.  ",창덕암,0636251337,244294.743436394    ,219954.231046568    ,전북특별자치도 남원시 산동면 부절리 산 107 ,A,,,연대미상,2013-12-19 15:02:35
6540000,4701000-010,1988-11-10,,영업/정상,,,,,,미륵암,I,2025-12-15 16:15:28,"전북특별자치도 남원시 노송로 1188-5 (노암동,미륵암)",,BBBB,,,01,연대 미상이나 미륵 석불입상이 고려시대 작품인 것으로 보아 고찰임을 증명함. ,미륵암,0636257791,233682.436818486    ,209994.49398541     ,전북특별자치도 남원시 노암동 765 - 1 ,A,,,고려시대(연대미상),2022-01-28 13:57:27
6540000,4701000-011,1990-10-13,,영업/정상,,,,,,심경암,I,2025-12-15 16:15:28,전북특별자치도 남원시 탑골길 71 (신촌동),,BBBB,,,01,고려시대 석불좌상이 있는 것으로 미루어 고려때 창건된 것으로 추정하나 언제 누구에 의해 창건되었다는지 미상. ,심경암,0636322298,236692.601563783    ,211877.782206641    ,전북특별자치도 남원시 신촌동 124 - 2 ,A,,,고려시대(연대미상),2013-12-19 15:04:57
6540000,4701000-012,1988-07-28,,영업/정상,,,,,,덕음암,I,2025-12-15 16:15:28,전북특별자치도 남원시 소리길 122-24 (어현동),,BBBB,,,01,1929년 응수스님과 노영준스님이 창건. ,덕음암,0636255333,235477.622373734    ,211869.314189869    ,전북특별자치도 남원시 어현동 176 ,A,,,1929,2022-02-25 13:53:07
6540000,4701000-013,2003-01-28,,영업/정상,,,,,,승련사,I,2025-12-15 16:15:28,전북특별자치도 남원시 산동면 요천로 2675-90,,BBBB,,,01,"고려시대 공민왕 10년 신축년(1361)에 준공하여 대가람으로 자리잡고 임진·정유난때 소실된 것으로 추정됨
현재는 주지 경헌스님께서 옛절터 부지를 찾아 1986년 논으로 되어있는 부지 2,000평을 매입 대웅전, 요사채등을 불사하여 유서깊은 승련사 선사도량을 1988년 복구하였음 ",승련사,0636267025,241045.505106562    ,221271.290699058    ,전북특별자치도 남원시 산동면 식련리 221 ,A,,,1988,2013-12-19 15:03:36
6540000,4701000-014,2006-12-18,,영업/정상,,,,,,관음사,I,2025-12-15 16:15:28,전북특별자치도 남원시 보절면 보절서당길 75-27,,BBBB,,,01,"현재의 관음사는 원래 이 지역에 위치해 있던 보현사의 산내 암자로서, 고려 후기에 창건되어 안불암(安佛岩)이라 칭하였다고 한다. ",관음사,,237160.504527707    ,219918.694519791    ,전북특별자치도 남원시 보절면 서치리 150 ,A,,,,2024-09-02 16:01:40
6540000,4701000-015,2016-01-28,,영업/정상,,,,,,극락암,I,2025-12-15 16:15:28,전북특별자치도 남원시 양림길 58-42 (어현동),,BBBB,,,01,조선 숙종 때 창건된 것으로 추청됨. 극락암의 전신인 용학암은 조선 숙종때부터 이어져온 사찰로 1944년 명선스님이 용학암 중건에 뜻을 두고 사찰명을 극락암으로 개칭하였다고 함,극락암,0636256041,235754.700563613    ,211610.783096705    ,전북특별자치도 남원시 어현동 37 - 151 ,A,,,,2017-01-13 16:16:11
6540000,4701000-016,2016-01-28,,영업/정상,,,,,,백련사,I,2025-12-15 16:15:28,전북특별자치도 남원시 인월면 인월중군길 550,,BBBB,,,01,고려시대 ,백련사,0636343331,254105.782983079    ,214842.766504537    ,전북특별자치도 남원시 인월면 중군리 278 ,A,,,,2017-01-13 16:29:23
6540000,4711000-001,1988-07-28,,영업/정상,,,,,,문수사,I,2025-12-15 16:15:28,전북특별자치도 김제시 황산5길 158 (황산동),,BBBB,,,01,백제무왕 25년에 혜덕왕사가 문수보살의 현몽으로 문수골에 창건. ,문수사,0635470972,193770.675739162    ,253417.511466162    ,전북특별자치도 김제시 황산동 6 ,A,,,624,2013-12-19 16:42:20
6540000,4711000-002,1988-10-28,,영업/정상,,,,,,흥복사,I,2025-12-15 16:15:28,전북특별자치도 김제시 승반길 103 (흥사동),,BBBB,,,01,"백제의자왕 10년(650) 고구려에서 온 보덕화상이 창건.
정유재란 때 소식(1577) 인조 3년(1625) 흥복처사가 중건. ",흥복사,0635452662,191455.205818339    ,258775.199941843    ,전북특별자치도 김제시 흥사동 264 ,A,,,650,2013-12-19 16:45:21
6540000,4711000-003,1988-10-28,,영업/정상,,,,,,학선암,I,2025-12-15 16:15:28,전북특별자치도 김제시 금산면 구성3길 522,,BBBB,,,01,고려 성종 7년에 창건되었다고 전함. ,학선암,0635434233,201893.733847195    ,249343.010629489    ,전북특별자치도 김제시 금산면 청도리 747 ,A,,,988,2013-12-19 15:58:01
6540000,4711000-004,1988-07-28,,영업/정상,,,,,,귀신사,I,2025-12-15 16:15:28,전북특별자치도 김제시 금산면 청도6길 40,,BBBB,,,01,"신라 문무왕 16년(676)에 의상대사가 창건.
임진왜란때 승병양성지였다는 전설이 있음. ",귀신사,0635480917,204166.961707956    ,249470.335018342    ,전북특별자치도 김제시 금산면 청도리 81 ,A,,,676,2013-12-19 16:07:17
6540000,4711000-005,1988-07-28,,영업/정상,,,,,,금산사,I,2025-12-15 16:15:28,전북특별자치도 김제시 금산면 모악15길 1,,BBBB,,,01,"백제법왕 1년(595)에 창건되었고 신라때 중건됨.
정유재란때 소실한 후 인조 13년에 재건하고 영조 52년에 중수됨.",금산사,0635484441,204787.362134348    ,247031.75048215     ,전북특별자치도 김제시 금산면 금산리 39 ,A,,,599,2013-12-19 15:59:38
6540000,4711000-006,1988-10-28,,영업/정상,,,,,,망해사,I,2025-12-15 16:15:28,전북특별자치도 김제시 진봉면 심포10길 94,,BBBB,,,01,백제의자왕 2년(642) 부설 거사가 창건한 후 1977년까지 6번에 걸쳐 중창을 거듭해 옴. ,망해사,0635433187,174192.556182889    ,262191.977302765    ,전북특별자치도 김제시 진봉면 심포리 1004 ,A,,,642,2013-12-19 16:35:58
6540000,4711000-007,1988-07-28,,영업/정상,,,,,,청운사,I,2025-12-15 16:15:28,전북특별자치도 김제시 청하면 청공로 185-80,,BBBB,,,01,"계룡산에서 스님 한 분이 바라보니 서광이 비추는 곳이 있었는데 그곳에 절을 건축하고 볼도를 닦음.
 ",청운사,0635431248,186078.081879066    ,265821.722868672    ,전북특별자치도 김제시 청하면 대청리 산 91 - 2 ,A,,,1927,2013-12-19 16:40:14
6540000,4711000-008,1988-07-28,,영업/정상,,,,,,용봉사,I,2025-12-15 16:15:28,전북특별자치도 김제시 용지면 봉의로 205,,BBBB,,,01,조선 정조(1777~1799)때 풍수지리에 능한 스님이 좋은 절터라하여 창건 ,용봉사,0635421885,196781.472078814    ,263867.587112452    ,전북특별자치도 김제시 용지면 봉의리 202 - 19 ,A,,,조선시대(연대미상),2013-12-19 16:33:50
6540000,4711000-009,2000-11-04,,영업/정상,,,,,,쌍용사,I,2025-12-15 16:15:28,전북특별자치도 김제시 금산면 금산사1길 70-11,,BBBB,,,01,1947년 창건 전국 유일한 우리민족의 토속신앙인 당산할아버지와 할머니를 모시고 있는 사찰임,쌍용사,0635450104,200398.044210338    ,246866.352300879    ,전북특별자치도 김제시 금산면 쌍용리 395 ,A,,,1947,2013-12-19 16:06:20
6540000,4711000-010,2000-11-04,,영업/정상,,,,,,혜봉사,I,2025-12-15 16:15:28,전북특별자치도 김제시 금구면 양시로 142-13,,BBBB,,,01,"금구읍지 등의 관련 문헌에 의하면 금구의 안산인 남산 아래 한때 민족문화 유산으로서 역사적 의의를 가졌던 개동사를 계승한 최소 600여년 이상의 역사를 가진 사찰로서 폐허이던 동 사찰을 약 100여년 전에 이청정월 보살이 크게 중창하면서 혜봉사라 개칭하였음.
 ",혜봉사,0635465130,200521.419944018    ,252142.899432613    ,전북특별자치도 김제시 금구면 서도리 23 - 1 ,A,,,1940,2013-12-19 15:40:45
6540000,4711000-011,2004-01-27,,영업/정상,,,,,,성모암,I,2025-12-15 16:15:28,전북특별자치도 김제시 만경읍 화포3길 54-9,,BBBB,,,01,1937년 진무가를 창건한후 성모암으로 개칭함 ,성모암,0635440416,182336.645974258    ,265257.745777664    ,전북특별자치도 김제시 만경읍 화포리 389 ,A,,,1937,2013-12-19 16:22:52
6540000,4711000-012,1998-06-26,,영업/정상,,,,,,청용사,I,2025-12-15 16:15:28,,,BBBB,,,01,"고려 문종 33년 금산사 주지인 해덕왕사가 금산사 말사(용장사)로 건립 하였으나 정유재란 당시 모두 소실되어 1954년 용봉화상이 청룡사로 복원 건립함.
효종6년(1655) 조성된 관세음보살좌상을 봉안하고 있음
",청용사,0635484321,,,전북특별자치도 김제시 금산면 금산리 산4-1 ,A,,,고려초기,2005-11-22 00:00:00
6540000,4711000-013,1988-10-28,,영업/정상,,,,,,조앙사,I,2025-12-15 16:15:28,전북특별자치도 김제시 만경읍 화포3길 63-12,,BBBB,,,01,당초 진묵조사를 흠앙하는 뜻에서 조사의 조자와 흠앙의 앙자를 따라 조앙사라 하였음 ,조앙사,0635425585,182138.447544017    ,265150.17133813     ,전북특별자치도 김제시 만경읍 화포리 442 - 1 ,A,,,1915,2013-12-19 16:21:44
6540000,4711000-014,1988-07-28,,영업/정상,,,,,,원각사,I,2025-12-15 16:15:28,전북특별자치도 김제시 사정거리1길 20 (요촌동),,BBBB,,,01,1927년 왜인이 창건 진조사라 하고 왜인의 사찰로 유지해 오다가 1945년 현 주지인 김희석씨가 인수와 동시 원각사라 개칭 ,원각사,0635472577,189420.72488807     ,255745.03316128     ,전북특별자치도 김제시 요촌동 415 ,A,,,1927,2013-12-19 16:29:57
6540000,4721000-001,1988-11-19,,영업/정상,,,,,,안심사,I,2025-12-15 16:15:28,전북특별자치도 완주군 운주면 안심길 372,,BBBB,,,01,신라 선덕여왕 7년(638) 창건. ,안심사,0632637475,227235.135784613    ,289853.373867265    ,전북특별자치도 완주군 운주면 완창리 26 ,A,,,638,2013-12-19 16:56:45
6540000,4721000-002,1988-07-28,,영업/정상,,,,,,대원사,I,2025-12-15 16:15:28,전북특별자치도 완주군 구이면 모악산길 243,,BBBB,,,01,"삼국통일 직전 교종 5종 가운데 열반종을 세운 보덕화상의 제자 일승, 심정, 대원이 세웠다고 전해짐.  ",대원사,0632218502,208590.140676197    ,248050.436054975    ,전북특별자치도 완주군 구이면 원기리 997 ,A,,,660,2013-12-19 16:48:24
6540000,4791000-004,2003-02-06,,영업/정상,,,,,,내원암,I,2025-12-15 16:15:28,전북특별자치도 부안군 위도면 내원암길 42,,BBBB,,,01,"내원암은 창건당시부터 고종년간에 걸친 일련의 기록들이 화재로 소실되어 문헌적 자료들이 아직 뒷받침되고 있지는 않지만 19세기의 여러 불화와 건축물이 현존하며 1973년의 살얌누기록 등이 있어 적어도 조선후기에는 사찰이 존속되었음을 알 수 있음.
현 내원암에는 1873년에 중수(상량문기록)한 법당 1채가 있고 법당좌측에는 조립식 요사채가 위치하며 법당주변에는 수력이 700년 이상 된 고사목, 100년 내의 수령의 배롱나무, 조선시대 기와편 및 백자편이 산재되어 있으며 법당내에는 18~19세기에 조성된 것으로 보이는 석조불상 1구, 19세기경에 제작된 것으로 추정되는 독성탱화와 산신탱화등이 소장되어 있음. ",내원암,0635812183,,,전북특별자치도 부안군 위도면 치도리 362 ,A,,,조선후기(연대미상),2013-12-19 18:10:11
6540000,4791000-005,1988-07-28,,영업/정상,,,,,,개암사,I,2025-12-15 16:15:28,전북특별자치도 부안군 상서면 개암로 248,,BBBB,,,01,백제무왕 35년 묘련왕사 창건 ,개암사,0635833871,168225.361195188    ,240383.370584985    ,전북특별자치도 부안군 상서면 감교리 714 ,A,,,634,2019-08-22 14:13:49
6540000,4791000-006,1988-07-28,,영업/정상,,,,,,성황사,I,2025-12-15 16:15:28,전북특별자치도 부안군 부안읍 서림공원길 92,,BBBB,,,01,고려숙종 10년 원감국사 창건. ,성황사,0635825844,175556.694272856    ,248397.10086182     ,전북특별자치도 부안군 부안읍 동중리 401 ,A,,,1314,2013-12-19 18:07:42
6540000,4791000-007,2016-03-11,,영업/정상,,,,,,실상사,I,2025-12-15 16:15:28,전북특별자치도 부안군 변산면 실상길 122,,BBBB,,,01,통일신라 신문왕 9년에 초의선사가 창건하고 조선조에 양녕대군이 중창했다고 전함,실상사,0635840108,161501.776847861    ,237446.344124011    ,전북특별자치도 부안군 변산면 중계리 164 ,A,,,689,2017-01-13 00:00:00
6540000,4721000-003,1988-07-28,,영업/정상,,,,,,위봉사,I,2025-12-15 16:15:28,전북특별자치도 완주군 소양면 위봉길 53,,BBBB,,,01,백제무왕 5년(604) 창건. ,위봉사,0632437657,223122.543815834    ,267808.623378727    ,전북특별자치도 완주군 소양면 대흥리 21 ,A,,,604,2013-12-19 16:51:42
6540000,4721000-004,1988-07-28,,영업/정상,,,,,,화암사,I,2025-12-15 16:15:28,전북특별자치도 완주군 경천면 화암사길 271,,BBBB,,,01,"신라시대 원료, 의상 두 조사가 이곳에서 수행을 했다 전함. ",화암사,0632617576,225789.48928332     ,285134.272812962    ,전북특별자치도 완주군 경천면 가천리 1078 ,A,,,신라시대,2015-11-25 13:55:18
6540000,4721000-005,1992-03-02,,영업/정상,,,,,,학림사,I,2025-12-15 16:15:28,전북특별자치도 완주군 봉동읍 추동로 231,,BBBB,,,01,"삼국시대 때 혜명스님이 창건.
고려시대 나옹 혜근스님이 중창함. ",학림사,0632612715,213944.284195078    ,274289.88948638     ,전북특별자치도 완주군 봉동읍 은하리 942 ,A,,,신라시대,2013-12-19 16:49:04
6540000,4721000-006,1988-11-19,,영업/정상,,,,,,원등사,I,2025-12-15 16:15:28,전북특별자치도 완주군 소양면 원등산길 386,,BBBB,,,01,신라시대의 보조선사 체징이 창건. ,원등사,0632438880,226321.005320025    ,264647.882122342    ,전북특별자치도 완주군 소양면 해월리 1 - 1 ,A,,,신라시대,2013-12-19 16:54:25
6540000,4721000-007,1988-07-28,,영업/정상,,,,,,봉서사,I,2025-12-15 16:15:28,"전북특별자치도 완주군 용진읍 봉서안길 313-0, 13동 (봉서사)",,BBBB,,,01,신라 선덕여왕 26년 해철선사가 창건한것으로 추측.   ,봉서사,0632443052,219759.364162638    ,267637.920305653    ,전북특별자치도 완주군 용진읍 간중리 2 - 0 봉서사 13동 ,A,,,727,2024-05-02 10:29:37
6540000,4721000-008,1988-07-28,,영업/정상,,,,,,송광사,I,2025-12-15 16:15:28,전북특별자치도 완주군 소양면 송광수만로 255-16,,BBBB,,,01,신라 경문왕 7년 보조국사 체징이 창건하였다고 전함. ,송광사,0632438091,221774.682280315    ,265061.291104363    ,전북특별자치도 완주군 소양면 대흥리 569 - 2 ,A,,,867,2013-12-19 16:52:54
6540000,4721000-009,1988-11-19,,영업/정상,,,,,,정수사,I,2025-12-15 16:15:28,전북특별자치도 완주군 상관면 정수사길 18,,BBBB,,,01,신라 진성여황 2년 889년 창건. ,정수사,0632825215,222827.723778226    ,253713.894165912    ,전북특별자치도 완주군 상관면 마치리 137 - 1 ,A,,,889,2013-12-19 16:51:03
6540000,4731000-001,1988-11-10,,영업/정상,,,,,,옥천암,I,2025-12-15 16:15:28,전북특별자치도 진안군 용담면 주용로 227-164,,BBBB,,,01,진성왕 6년 정현선사가 창건.,옥천암,0634322165,242857.773150316    ,274030.001111622    ,전북특별자치도 진안군 용담면 옥거리 575 - 1 ,A,,,892,2013-12-19 17:13:59
6540000,4731000-002,1988-07-28,,영업/정상,,,,,,은수사,I,2025-12-15 16:15:28,전북특별자치도 진안군 마령면 마이산남로 406,,BBBB,,,01,"조선 초기에는 상원사라 했는데 숙종 무렵 상원사는 없어지고 터만 남음.
그뒤에 정명암이라 하였다가 없어지고 1920년에 이주부에 의해 중창되었는데 이때 은수사로 개칭.
은수사란 이름은 태조 이성계가 이곳의 물을 마시고 물이 은같이 맑다고 한 것에서 붙여진 것.
",은수사,0634332502,237413.880773441    ,251127.389470992    ,전북특별자치도 진안군 마령면 동촌리 6 ,A,,,조선초기(연대미상),2017-02-09 15:09:11
6540000,4731000-003,1988-07-28,,영업/정상,,,,,,고림사,I,2025-12-15 16:15:28,전북특별자치도 진안군 진안읍 상역로 174-96,,BBBB,,,01,문무왕 12년(672) 원효대사가 창건 ,고림사,0634320159,236459.288504891    ,256422.782047375    ,전북특별자치도 진안군 진안읍 군상리 1161 ,A,,,672,2013-12-19 17:15:25
6540000,4731000-004,1988-07-28,,영업/정상,,,,,,탑사,I,2025-12-15 16:15:28,전북특별자치도 진안군 마령면 마이산남로 367,,BBBB,,,01,이갑용처사가 1935년에 창건.,탑사,0634320652,237123.652388416    ,251018.685111459    ,전북특별자치도 진안군 마령면 동촌리 8 ,A,,,1935,2013-12-19 17:12:25
6540000,4731000-005,1989-02-27,,영업/정상,,,,,,보흥사,I,2025-12-15 16:15:28,전북특별자치도 진안군 마령면 원강정1길 16-133,,BBBB,,,01,신라때 아선선사에 의해 창건되었다고 전함. ,보흥사,0634323079,233882.964460045    ,249722.572230841    ,전북특별자치도 진안군 마령면 강정리 2 - 1 ,A,,,신라(연대미상),2013-12-19 17:04:43
6540000,4731000-006,1988-07-28,,영업/정상,,,,,,천황사,I,2025-12-15 16:15:28,전북특별자치도 진안군 정천면 수암길 54,,BBBB,,,01,헌강왕 1년(875)무염선사가 창건 ,천황사,0634326161,238909.06686892     ,267311.354200258    ,전북특별자치도 진안군 정천면 갈용리 1428 ,A,,,875,2014-06-02 14:40:44
6540000,4731000-007,1988-11-10,,영업/정상,,,,,,금당사,I,2025-12-15 16:15:28,전북특별자치도 진안군 마령면 마이산남로 217,,BBBB,,,01,의자왕 10년(650) 무상스님이 창건 ,금당사,0634320108,235875.008380216    ,250955.8340997      ,전북특별자치도 진안군 마령면 동촌리 39 - 1 ,A,,,650,2013-12-19 17:06:07
6540000,4741000-001,1988-07-28,,영업/정상,,,,,,백련사,I,2025-12-15 16:15:28,전북특별자치도 무주군 설천면 백련사길 580,,BBBB,,,01,신라 흥덕왕 5년 무염국사가 창건. ,백련사,0633223395,268773.118925064    ,262478.29571484     ,전북특별자치도 무주군 설천면 삼공리 산 107 ,A,,,830,2013-12-19 17:18:32
6540000,4741000-002,1988-07-28,,영업/정상,,,,,,원통사,I,2025-12-15 16:15:28,전북특별자치도 무주군 안성면 원통사로 676,,BBBB,,,01,"신라 때 창건
1949년 소실
1957년 재건
1983년 도지정문화재 지정후 선초당을 복원하고 1985년 대웅전 복원 ",원통사,0633232100,263088.823992637    ,257856.753195098    ,전북특별자치도 무주군 안성면 죽천리 1 ,A,,,신라(연대미상),2013-12-19 17:19:31
6540000,4741000-003,1988-09-22,,영업/정상,,,,,,북고사,I,2025-12-15 16:15:28,전북특별자치도 무주군 무주읍 북고사길 67,,BBBB,,,01,고종 35년(1898) 간행된 적성지에는 약 700년에 창건된 고찰이라 함. ,북고사,0633233020,259365.689062918    ,279856.452788879    ,전북특별자치도 무주군 무주읍 읍내리 520 ,A,,,고려말(연대미상),2013-12-19 17:17:02
6540000,4741000-004,1988-07-28,,영업/정상,,,,,,안국사,I,2025-12-15 16:15:28,전북특별자치도 무주군 적상면 산성로 1050,,BBBB,,,01,"1277년 월인화상이 창건.
1613년 중수. 한전무주양수발전소 상부댐 건설로 인하여 적상 북창리 932번지에서 현 위치로 복원  ",안국사,0633226162,262308.740952266    ,271814.125336157    ,전북특별자치도 무주군 적상면 괴목리 산 184 - 1 ,A,,,1277,2017-02-12 16:20:56
6540000,4741000-005,2001-02-13,,영업/정상,,,,,,향산사,I,2025-12-15 16:15:28,전북특별자치도 무주군 무주읍 향한로 27-7,,BBBB,,,01,"1981년경 백용성 대선사가 무주읍에 포교당 창건.
1975년 비구니 혜안스님이 대웅전과 요사채를 중창하여 현재에 이름. ",향산사,0633222794,259312.143455313    ,279057.616557904    ,전북특별자치도 무주군 무주읍 읍내리 721 - 1 우편번호568-800 ,A,,,1981,2013-12-19 17:16:28
6540000,4751000-001,1999-07-06,,영업/정상,,,,,,성관사,I,2025-12-15 16:15:28,전북특별자치도 장수군 장계면 장무로 492-83,,BBBB,,,01,성관사는 조선시대 창건된 사찰로 조선후기까지 존재하다가 화재로 소실된 것을 1995년 중건하여 오늘에 이르고 있음.,성관사,0633530396,254541.901342688    ,250444.551863983    ,전북특별자치도 장수군 장계면 금덕리 38 - 2 ,A,,,조선시대,2015-11-09 10:52:09
6540000,4751000-002,1989-03-22,,영업/정상,,,,,,팔성사,I,2025-12-15 16:15:28,전북특별자치도 장수군 장수읍 비행로 1455-94,,BBBB,,,01,"백제 무왕때 해감스님이 창건.
현재 팔공산내 8개 암자중 하나였다고 전해져 내려오고 있음. ",팔성사,0633525562,243357.8674147      ,235788.054446551    ,전북특별자치도 장수군 장수읍 용계리 1267 우편번호597-800 ,A,,,603,2013-12-19 17:28:36
6540000,4751000-003,1988-07-28,,영업/정상,,,,,,신광사,I,2025-12-15 16:15:28,전북특별자치도 장수군 천천면 신광길 31,,BBBB,,,01,"신라 경문왕 5년 무량국사가 창건.
1598년 정유재란때 전소되었던 것을 1649년에 전해선사에 의해 중수되어 현재에 이르고 있음. ",신광사,0633530598,244696.110912868    ,245100.950922034    ,전북특별자치도 장수군 천천면 비룡리 38 ,A,,,865,2018-12-28 09:33:55
6540000,4751000-004,1988-07-28,,영업/정상,,,,,,원흥사,I,2025-12-15 16:15:28,전북특별자치도 장수군 산서면 원흥길 102-6,,BBBB,,,01,통일신라때 사찰이 있었으나 사찰이 폐사되고 석불만 있었는데 1830년 허씨부인에 의하여 창건되어 현재에 이르고 있음. ,원흥사,0633513922,238061.390345211    ,232258.15716609     ,전북특별자치도 장수군 산서면 마하리 477 - 1 우편번호 597-820 ,A,,,1830,2013-12-19 17:23:15
6540000,4751000-005,1989-03-22,,영업/정상,,,,,,영월암,I,2025-12-15 16:15:28,전북특별자치도 장수군 산서면 봉서로 182-135,,BBBB,,,01,"달을 가장 오래 볼 수 있다하여 영월암이라 함.
이 절에는 토굴이 있어 삼한시대부터 이름난 위인들이 이토굴에서 수행하였다 함. ",영월암,0633511148,234951.774856245    ,227538.589533159    ,전북특별자치도 장수군 산서면 봉서리 520 - 1 우편번호597-820 ,A,,,1910,2013-12-19 17:24:23
6540000,4751000-006,1989-03-22,,영업/정상,,,,,,미륵암,I,2025-12-15 16:15:28,전북특별자치도 장수군 산서면 초장길 51-61,,BBBB,,,01,,미륵암,0633513952,234215.505881374    ,233908.944680669    ,전북특별자치도 장수군 산서면 오산리 406 - 1 ,A,,,연대미상,2013-12-19 17:26:09
6540000,4761000-001,1988-07-28,,영업/정상,,,,,,신흥사,I,2025-12-15 16:15:28,전북특별자치도 임실군 관촌면 상월로 889-19,,BBBB,,,01,백제 성왕 7년에 건립하였으며 창건 당시에는 규모가 큰 사찰이 있었으나 지금은 대웅전과 산신각만이 남아있음. ,신흥사,0636432178,223431.792326856    ,250562.396995525    ,전북특별자치도 임실군 관촌면 상월리 360 ,A,,,529,2024-03-25 09:33:56
6540000,4761000-002,1988-07-28,,영업/정상,,,,,,죽림암,I,2025-12-15 16:15:28,전북특별자치도 임실군 임실읍 호반로 79-53,,BBBB,,,01,9세기말에 진감국사가 암자를 짓고 수도했다고 함. ,죽림암,0636423270,224363.915827399    ,235254.086132165    ,전북특별자치도 임실군 임실읍 성가리 525 ,A,,,신라시대,2013-12-19 17:34:21
6540000,4761000-003,1988-07-28,,영업/정상,,,,,,상이암,I,2025-12-15 16:15:28,전북특별자치도 임실군 성수면 성수산길 658,,BBBB,,,01,"신라 헌강왕 원년에 도선선사가 창건 도선암이라 했음.
그 후 고려 태조 왕건이 이곳에서 100일 기도후 못에서 목용할 때 용이 내려와 몸을 씻어주고 승천함. ",상이암,0636426263,238396.744642679    ,237451.969810663    ,전북특별자치도 임실군 성수면 성수리 산 85 ,A,,,875,2013-12-19 17:33:13
6540000,4761000-004,1988-07-28,,영업/정상,,,,,,해월암,I,2025-12-15 16:15:28,전북특별자치도 임실군 오수면 오수8길 49-30,,BBBB,,,01,고려말 해경대사와 월산대사가 창건하였다 하여 두 대사의 이름을 따라 해월암이라고 전함. ,해월암,0636426161,229209.200334587    ,226415.782684634    ,전북특별자치도 임실군 오수면 대명리 725 ,A,,,1352,2013-12-19 17:33:39
6540000,4771000-001,1988-10-28,,영업/정상,,,,,,만일사,I,2025-12-15 16:15:28,전북특별자치도 순창군 구림면 안심길 103-134,,BBBB,,,01,"백제무왕 때 창건.
조선 초 무학대사가 중창.
한국동란 때 소실 1954년 중건.
무학대사가 이성계 등극을 위해 만일동안 기도했던 곳임. ",만일사,0636535283,210600.354974134    ,220717.370146899    ,전북특별자치도 순창군 구림면 안정리 337 ,A,,,613,2013-12-19 17:35:15
6540000,4771000-002,1988-10-28,,영업/정상,,,,,,귀암사,I,2025-12-15 16:15:28,전북특별자치도 순창군 복흥면 봉덕길 131-144,,BBBB,,,01,"백제 무왕 37년(636) 승제법사 창건.
화엄종주 설파선사와 백파선사가 주석하였으며, 영로당 박한영 스님이 근세 불교 개혁을 위한 연구를 했던 곳 ",귀암사,0636527641,189583.292943183    ,217314.423074099    ,전북특별자치도 순창군 복흥면 봉덕리 374 ,A,,,624,2013-12-19 17:35:50
6540000,4771000-003,1988-07-28,,영업/정상,,,,,,강천사,I,2025-12-15 16:15:28,전북특별자치도 순창군 팔덕면 강천산길 270,,BBBB,,,01,"887년 도선국사가 창건.
한국동란 시 전소 1959에 중건. ",강천사,0636525420,204989.097249836    ,210971.663799987    ,전북특별자치도 순창군 팔덕면 청계리 996 ,A,,,887,2015-11-17 16:39:45
6540000,4771000-004,1988-10-28,,영업/정상,,,,,,대모암,I,2025-12-15 16:15:28,전북특별자치도 순창군 순창읍 장류로 197-22,,BBBB,,,01,"1933년 학성선사가 창건.
1967년 보수와 1969년 법당준수. ",대모암,0636533549,211191.202453975    ,208154.534780987    ,전북특별자치도 순창군 순창읍 백산리 31 - 1 ,A,,,1933,2013-12-19 17:39:25
6540000,4771000-005,1988-10-28,,영업/정상,,,,,,실상암,I,2025-12-15 16:15:28,전북특별자치도 순창군 순창읍 금산로 56,,BBBB,,,01,"1936년 본연, 설송스님이 창건 ",실상암,0636533384,212001.491793086    ,209053.222583549    ,전북특별자치도 순창군 순창읍 순화리 671 ,A,,,1936,2013-12-19 17:40:02
6540000,4771000-006,2017-01-02,,영업/정상,,,,,,일광사,I,2025-12-15 16:15:28,전북특별자치도 순창군 적성면 담순로 2168-33,,BBBB,,,01,1935년 10월 김세현(金世鉉) 스님과 월명화 오(月明華 吳) 보살이 창건 ,일광사,0636525777,220085.367179963    ,211251.154164223    ,전북특별자치도 순창군 적성면 고원리 570 - 1 ,A,,,1935,2017-01-13 16:51:35
6540000,4781000-001,1988-07-28,,영업/정상,,,,,,상원사,I,2025-12-15 16:15:28,전북특별자치도 고창군 고창읍 상원사길 214,,BBBB,,,01,"신라 진흥왕 7년(544) 창건.
조선 태조 25년에 중건 재건함. ",상원사,0635632594,175814.643490972    ,216010.289232237    ,전북특별자치도 고창군 고창읍 월곡리 1 ,A,,,544,2013-12-19 17:52:59
6540000,4781000-002,1988-07-28,,영업/정상,,,,,,소요사,I,2025-12-15 16:15:28,전북특별자치도 고창군 부안면 질마재로 226-236,,BBBB,,,01,신라 진흥왕 11년에 창건(설화) 한국동란 때 소실된 것을 1961년에 재건함. ,소요사,0635611227,165115.71724943     ,224916.033591167    ,전북특별자치도 고창군 부안면 용산리 산 148 - 1 ,A,,,신라시대(연대미상),2013-12-19 18:02:11
6540000,4781000-003,1988-07-28,,영업/정상,,,,,,문수사,I,2025-12-15 16:15:28,전북특별자치도 고창군 고수면 칠성길 135,,BBBB,,,01,"백제 의자왕 3년(643) 자장율사가 창건한 것으로 전함.
영조 40년에 중건
 ",문수사,0635620502,175020.123008003    ,209086.298438779    ,전북특별자치도 고창군 고수면 은사리 48 - 1 ,A,,,643,2013-12-19 17:44:28
6540000,4781000-004,2001-10-30,,영업/정상,,,,,,도솔암,I,2025-12-15 16:15:28,전북특별자치도 고창군 아산면 도솔길 294,,BBBB,,,01,"백제시대에 선운사와 함께 창건되었다고 전해지는 유서 깊은 사찰로 사명에서 보듯 미륵신앙을 배경으로 창건되었으며 대웅전은 정면 3칸, 측면은 3칸의 맛배지붕 건물이며 나한전은 조선후기 건물로 그 앞에는 고려시대의 석탑이 있고 도솔천 내원궁에는 보물 280호 금동지장보살을 모시고 있음.  ",도솔암,0635642861,160356.885818332    ,220260.325372915    ,전북특별자치도 고창군 아산면 삼인리 618 ,A,,,백제시대(연대미상),2013-12-19 18:03:17
6540000,4781000-005,1988-07-28,,영업/정상,,,,,,선운사,I,2025-12-15 16:15:28,전북특별자치도 고창군 아산면 선운사로 250,,BBBB,,,01,,선운사,0635611422,161673.391102046    ,222036.159933652    ,전북특별자치도 고창군 아산면 삼인리 500 ,A,,,577,2013-12-19 18:04:13
6540000,4781000-006,2003-01-18,,영업/정상,,,,,,석상암,I,2025-12-15 16:15:28,전북특별자치도 고창군 아산면 선운사로 242-73,,BBBB,,,01,석상암은 백제 위덕왕 24년 선운사창건당시 세워진 산내암자로 전해오고 있으나 선운사 사적기와 고창군지에 의하면 고려 충숙왕 5년에 효종선사에 의해 1차 중수되고 조선 성종 5년에 행호선사가 2차 중수하였으나 정유재란 때 병화로 소진된 것을 광해군 6년에 재건한 고찰임. 대웅전은 정면 5칸 측면 2칸 36평의 이익공 맛배지붕에다 자연석 덤벙주초에 민흘림 기둥을 사용한 조선중기의 독특한 건축 양식을 지닌 천년고찰임. ,석상암,0635634091,161319.289071327    ,222492.395033903    ,전북특별자치도 고창군 아산면 삼인리 494 ,A,,,1614,2013-12-19 18:03:48
6540000,4781000-007,1993-03-02,,영업/정상,,,,,,용화사,I,2025-12-15 16:15:28,전북특별자치도 고창군 대산면 연화길 88-56,,BBBB,,,01,1950년 서만혜스님과 하종례 보살이 창건. ,용화사,0635628531,158928.753303444    ,203340.871470026    ,전북특별자치도 고창군 대산면 연동리 686 - 14 ,A,,,1950,2013-12-19 17:55:36
6540000,4781000-008,2006-01-13,,영업/정상,,,,,,참당암,I,2025-12-15 16:15:28,전북특별자치도 고창군 아산면 도솔길 194-77,,BBBB,,,01,,참당암,,160348.781478757    ,221561.831513517    ,전북특별자치도 고창군 아산면 삼인리 605 ,A,,,,2013-12-19 18:05:02
6540000,4791000-001,1998-06-19,,영업/정상,,,,,,용화사,I,2025-12-15 16:15:28,전북특별자치도 부안군 행안면 미륵골길 43,,BBBB,,,01,"백제 의자왕 2년 묘련국사가 창건.
1880년 미륵석불 입상출현
1932년 미륵전 건립
1975년 미륵전 파옥
1980년 법당건립
1998년 전통사찰 등록
1999년 용화사 미륵불입상 도유형문화재 지정등록
2002년 용화사 요사채 건랍
2004년 용화사 댕우전 및 극락전 건립
  ",용화사,0635844919,174107.599397877    ,248093.758399313    ,전북특별자치도 부안군 행안면 역리 342 ,A,,,연대미상,2013-12-19 18:37:57
6540000,4791000-002,1988-07-28,,영업/정상,,,,,,내소사,I,2025-12-15 16:15:28,전북특별자치도 부안군 진서면 내소사로 243,,BBBB,,,01,백제무왕 34년 혜구두타가 창건. ,내소사,0635837281,162561.913669729    ,235408.352911186    ,전북특별자치도 부안군 진서면 석포리 266 ,A,,,663,2013-12-19 18:36:44
6540000,4791000-003,1992-03-02,,영업/정상,,,,,,월명암,I,2025-12-15 16:15:28,전북특별자치도 부안군 변산면 내변산로 236-180,,BBBB,,,01,신라 신문왕 11년 부설거사 창건. ,월명암,0635827890,159953.281983468    ,237947.272904577    ,전북특별자치도 부안군 변산면 중계리 산 96 - 5 ,A,,,691,2013-12-19 18:07:04
6540000,4641000-005,1992-03-02,,영업/정상,,,,,,선린사,I,2025-12-15 16:15:28,전북특별자치도 전주시 덕진구 한배미6길 55 (인후동1가),,BBBB,,,01,"조선 영조시대에 보운선사가 창건.
1977년 대웅전을 신축, 1973년 석조 미륵불 봉안. ",선린사,0632884278,215211.309687585    ,257773.195751538    ,전북특별자치도 전주시 덕진구 인후동1가 16 - 13 ,A,,,조선,2013-12-18 15:14:45
6540000,4641000-006,1998-04-17,,영업/정상,,,,,,일출암,I,2025-12-15 16:15:28,전북특별자치도 전주시 덕진구 왜망실길 250-125 (우아동1가),,BBBB,,,01,"1550년 이전 창건된 것으로 추정되며 임진왜란 때 파괴된 것을 1910년 중건하고 1987년 개보수함.
임진왜란 전 전북지방 고승인 진목대사가 노모를 봉양하기 위해 주석하였다 함. ",일출암,0632462711,218502.296500556    ,256723.125143748    ,전북특별자치도 전주시 덕진구 우아동1가 산 227 ,A,,,1550,2013-12-18 15:05:35
6540000,4641000-007,1996-03-12,,영업/정상,,,,,,학소암,I,2025-12-15 16:15:28,전북특별자치도 전주시 완산구 평화7길 49-67 (평화동2가),,BBBB,,,01,명종 5년(1550) 광혜화상이 창건. ,학소암,0632222776,213087.319540219    ,254097.875645248    ,전북특별자치도 전주시 완산구 평화동2가 1 ,A,,,1550,2013-12-18 14:57:24
6540000,4641000-008,1989-08-10,,영업/정상,,,,,,정혜사,I,2025-12-15 16:15:28,전북특별자치도 전주시 완산구 외칠봉1길 36 (효자동1가),,BBBB,,,01,광무2년 최향관이 득남기도를 위해 창건.  ,정혜사,0632843732,212508.495389044    ,256023.24921791     ,전북특별자치도 전주시 완산구 효자동1가 4 ,A,,,1898,2023-02-08 18:08:18
6540000,4641000-009,1992-03-02,,영업/정상,,,,,,실상사,I,2025-12-15 16:15:28,전북특별자치도 전주시 덕진구 어은로 89-11 (진북동),,BBBB,,,01,1933년 용봉사에 있던 만훈스님이 이곳에 와서 창건. ,실상사,0632525263,211571.518606418    ,257832.752964912    ,전북특별자치도 전주시 덕진구 진북동 948 - 10 ,A,,,1933,2013-12-18 15:37:50
6540000,4641000-010,1992-03-02,,영업/정상,,,,,,불정사,I,2025-12-15 16:15:28,전북특별자치도 전주시 완산구 남고산성1길 53-140 (동서학동),,BBBB,,,01,1937년에 박홍석이 창건. ,불정사,0632848025,214040.93033205     ,255947.226109174    ,전북특별자치도 전주시 완산구 동서학동 산 153 - 1 ,A,,,1937,2013-12-18 14:54:04
6540000,4641000-011,1992-03-02,,영업/정상,,,,,,약수암,I,2025-12-15 16:15:28,전북특별자치도 전주시 덕진구 도당산로 46-10 (우아동3가),,BBBB,,,01,현 주지 묘법스님이 꿈에 미륵부처님을 현몽하고 창건. ,약수암,0632410124,214235.593986509    ,260559.277980144    ,전북특별자치도 전주시 덕진구 우아동3가 461 - 15 ,A,,,1986,2013-12-18 15:11:02
6540000,4671000-001,1988-07-28,,영업/정상,,,,,,불주사,I,2025-12-15 16:15:28,전북특별자치도 군산시 나포면 군둔길 226,,BBBB,,,01,"백제 침류왕 1년에 창건.
조선 숙종 42년 덕최, 신초가 중창.  ",불주사,0634511518,186115.760430437    ,280490.396636304    ,전북특별자치도 군산시 나포면 장상리 838 ,A,,,384,2014-05-14 10:35:06
6540000,4671000-002,1988-07-28,,영업/정상,,,,,,상주사,I,2025-12-15 16:15:28,전북특별자치도 군산시 서수면 함안로 57-29,,BBBB,,,01,"백제무왕 7년 신라의 혜공스님이 창건.
조선영조 38년에 학봉대사 중건.",상주사,0634537800,186618.80116163     ,277838.054628755    ,전북특별자치도 군산시 서수면 축동리 544 ,A,,,606,2013-12-18 16:33:10
6540000,4671000-003,1988-07-28,,영업/정상,,,,,,은적사,I,2025-12-15 16:15:28,전북특별자치도 군산시 설림3길 49 (소룡동),,BBBB,,,01,"서기 613년 진명왕 35년에 원광국사 최초 창건.
서기 952년 고려광종 3년에 정진국사 중창.
1373년 고려 공민왕 22년 나옹화상 주석.  ",은적사,0634664526,171553.411023667    ,275003.096616081    ,전북특별자치도 군산시 소룡동 1332 ,A,,,613,2013-12-18 16:47:26
6540000,4671000-004,1988-10-28,,영업/정상,,,,,,지장암,I,2025-12-15 16:15:28,전북특별자치도 군산시 개정면 원아산2길 135,,BBBB,,,01,조선 말엽 만영스님이 현몽을 하고 건축하였다 함.,지장암,0634513993,182429.424777469    ,274199.36139951     ,전북특별자치도 군산시 개정면 아산리 산 102 102-5 ,A,,,1840,2013-12-18 15:46:16
6540000,4671000-005,1988-10-28,,영업/정상,,,,,,성흥사,I,2025-12-15 16:15:28,전북특별자치도 군산시 성산면 큰골길 32-65,,BBBB,,,01,"당초 수로원이었던 것을 1919년 성흥사로 개칭, 창건함. ",성흥사,0634530050,180204.44220999     ,278062.642429061    ,전북특별자치도 군산시 성산면 둔덕리 산 26 - 5 ,A,,,1844,2013-12-18 16:46:53
6540000,4671000-006,1988-10-28,,영업/정상,,,,,,운심사,I,2025-12-15 16:15:28,전북특별자치도 군산시 대야면 오동길 30-28,,BBBB,,,01,"1933년 김동섭이 창건.
1963년 대웅전 중창.",운심사,0634515258,183121.694079962    ,272916.766572252    ,전북특별자치도 군산시 대야면 산월리 산 84 - 2 ,A,,,1933,2013-12-18 16:31:15
6540000,4671000-007,2017-01-10,,영업/정상,,,,,,보천사,I,2025-12-15 16:15:28,전북특별자치도 군산시 서수면 내무장길 249,,BBBB,,,01,"신라 진평왕 24년(602년)에 혜공대사에 의해 창건되었다고 하며, 고려시대에는 공민왕 2년(1352년)에 나옹대사가 보천사를 중창 ",보천사,0634532306,186720.384980062    ,279088.652714261    ,전북특별자치도 군산시 서수면 축동리 634 - 1 ,A,,,602,2017-01-13 16:58:22
